{
  "alloy": "MgCa",
  "fold": 3,
  "setting": "exact",
  "model": "GBR",
  "r2": -4.043071753225914,
  "mae": 41.48960957748921,
  "pearson_r": -0.6223638878190118,
  "pearson_p": 0.01745997331354389,
  "n_train": 42,
  "n_test": 14,
  "n_features": 2051,
  "elapsed_s": 7.7
}