{
  "alloy": "MgCa",
  "fold": 0,
  "setting": "exact",
  "model": "MLP",
  "r2": -0.5033634966801961,
  "mae": 8.992562225886754,
  "pearson_r": -0.16390816913808526,
  "pearson_p": 0.5755346442088928,
  "n_train": 42,
  "n_test": 14,
  "n_features": 2051,
  "elapsed_s": 14.8
}