{
  "alloy": "MgCa",
  "fold": 0,
  "setting": "exact",
  "model": "GBR",
  "r2": -0.39760476058112415,
  "mae": 8.422227289457535,
  "pearson_r": -0.17118445130488524,
  "pearson_p": 0.5584515626862709,
  "n_train": 42,
  "n_test": 14,
  "n_features": 2051,
  "elapsed_s": 7.8
}