{
  "alloy": "MgCa",
  "fold": 3,
  "setting": "exact",
  "model": "ChemProp",
  "r2": -0.9279333363508573,
  "mae": 26.395782266344344,
  "pearson_r": 0.05099753215144385,
  "pearson_p": 0.8625446198502166,
  "n_train": 42,
  "n_test": 14,
  "n_features": 3,
  "elapsed_s": 17.1
}