{
  "alloy": "MgCa",
  "fold": 1,
  "setting": "far_filt",
  "model": "kNN_Tan",
  "r2": -13.229476746147302,
  "mae": 80.70708926396352,
  "pearson_r": -0.15686708255412674,
  "pearson_p": 0.5922661600331027,
  "n_train": 5048,
  "n_test": 14,
  "n_features": 2096,
  "elapsed_s": 0.1
}