{
  "alloy": "MgCa",
  "fold": 1,
  "setting": "exact",
  "model": "ChemProp",
  "r2": -0.3642592292133382,
  "mae": 18.031062483787537,
  "pearson_r": -0.2077564866609633,
  "pearson_p": 0.4760228159037417,
  "n_train": 42,
  "n_test": 14,
  "n_features": 3,
  "elapsed_s": 12.6
}