{
  "alloy": "MgCa",
  "fold": 2,
  "setting": "exact",
  "model": "RF",
  "r2": -0.6350924959705375,
  "mae": 15.533914285714284,
  "pearson_r": -0.7932927885059315,
  "pearson_p": 0.0007096877082321671,
  "n_train": 42,
  "n_test": 14,
  "n_features": 2051,
  "elapsed_s": 8.5
}