{
  "alloy": "MgCa",
  "fold": 1,
  "setting": "exact",
  "model": "RF",
  "r2": -0.8881817191761765,
  "mae": 20.806528571428572,
  "pearson_r": -0.6356527641803286,
  "pearson_p": 0.01455833785249693,
  "n_train": 42,
  "n_test": 14,
  "n_features": 2051,
  "elapsed_s": 9.0
}