{
  "alloy": "MgCa",
  "fold": 2,
  "setting": "exact",
  "model": "MLP",
  "r2": -0.14838829079464655,
  "mae": 13.114981515066964,
  "pearson_r": -0.1669863137972625,
  "pearson_p": 0.5682817222322847,
  "n_train": 42,
  "n_test": 14,
  "n_features": 2051,
  "elapsed_s": 13.4
}