{
  "alloy": "MgCa",
  "fold": 2,
  "setting": "exact",
  "model": "GBR",
  "r2": -0.8960491298712774,
  "mae": 16.110013554647825,
  "pearson_r": -0.8104744843659003,
  "pearson_p": 0.0004387951678130011,
  "n_train": 42,
  "n_test": 14,
  "n_features": 2051,
  "elapsed_s": 7.8
}