{
  "alloy": "MgCa",
  "fold": 1,
  "setting": "exact",
  "model": "GBR",
  "r2": -1.01494549647281,
  "mae": 22.234320333155317,
  "pearson_r": -0.5159321440463486,
  "pearson_p": 0.05895413939336358,
  "n_train": 42,
  "n_test": 14,
  "n_features": 2051,
  "elapsed_s": 7.9
}