{
  "alloy": "MgCa",
  "fold": 1,
  "setting": "exact",
  "model": "MLP",
  "r2": -0.31171558506145947,
  "mae": 16.86648154258728,
  "pearson_r": -0.21024268405036456,
  "pearson_p": 0.47063959194091015,
  "n_train": 42,
  "n_test": 14,
  "n_features": 2051,
  "elapsed_s": 14.8
}