{
  "alloy": "MgCa",
  "fold": 2,
  "setting": "exact",
  "model": "ChemProp",
  "r2": -0.24137053824386312,
  "mae": 14.022421564374651,
  "pearson_r": 0.04993122011316942,
  "pearson_p": 0.8653945901802328,
  "n_train": 42,
  "n_test": 14,
  "n_features": 3,
  "elapsed_s": 17.9
}