{
  "alloy": "MgCa",
  "fold": 0,
  "setting": "exact",
  "model": "ChemProp",
  "r2": -0.014588382559878932,
  "mae": 7.314862796238491,
  "pearson_r": -0.5123999338283715,
  "pearson_p": 0.0610140691986936,
  "n_train": 42,
  "n_test": 14,
  "n_features": 3,
  "elapsed_s": 22.0
}