{
  "alloy": "AZ31",
  "fold": 4,
  "setting": "far_unfilt",
  "model": "kNN_Tan",
  "r2": 0.7246716175506407,
  "mae": 39.19456449992974,
  "pearson_r": 0.8673283108347456,
  "pearson_p": 2.820427684647876e-05,
  "n_train": 4854,
  "n_test": 15,
  "n_features": 2096,
  "elapsed_s": 0.1
}