{
  "alloy": "AZ31",
  "fold": 1,
  "setting": "far_unfilt",
  "model": "ChemProp",
  "r2": 0.2837922846579056,
  "mae": 133.1824103673299,
  "pearson_r": 0.5932948792211269,
  "pearson_p": 0.01973255315409919,
  "n_train": 4854,
  "n_test": 15,
  "n_features": 48,
  "elapsed_s": 673.9
}