{
  "alloy": "AZ31",
  "fold": 4,
  "setting": "exact",
  "model": "GBR",
  "r2": -0.1268140588924349,
  "mae": 80.02690870128365,
  "pearson_r": 0.1979531071517004,
  "pearson_p": 0.47943958732313813,
  "n_train": 60,
  "n_test": 15,
  "n_features": 2051,
  "elapsed_s": 3.9
}