{
  "alloy": "AZ31",
  "fold": 2,
  "setting": "close_filt",
  "model": "kNN_Tan",
  "r2": 0.7128029579020677,
  "mae": 76.54647652196739,
  "pearson_r": 0.8457284156678212,
  "pearson_p": 7.118939339845125e-05,
  "n_train": 812,
  "n_test": 15,
  "n_features": 2091,
  "elapsed_s": 0.0
}