{
  "alloy": "AZ31",
  "fold": 4,
  "setting": "close_unfilt",
  "model": "kNN_Tan",
  "r2": 0.7439194244406382,
  "mae": 34.55738959408978,
  "pearson_r": 0.8730649954493277,
  "pearson_p": 2.1468130115495423e-05,
  "n_train": 899,
  "n_test": 15,
  "n_features": 2091,
  "elapsed_s": 0.0
}