{
  "alloy": "AZ31",
  "fold": 1,
  "setting": "close_filt",
  "model": "kNN_Tan",
  "r2": -0.6153750474902995,
  "mae": 166.40618222861218,
  "pearson_r": 0.03970837592538672,
  "pearson_p": 0.8882633464813774,
  "n_train": 795,
  "n_test": 15,
  "n_features": 2091,
  "elapsed_s": 0.0
}