{
  "alloy": "AZ31",
  "fold": 0,
  "setting": "far_unfilt",
  "model": "kNN_Tan",
  "r2": 0.24198407364883545,
  "mae": 76.68476015412858,
  "pearson_r": 0.6017407035759496,
  "pearson_p": 0.017631889309966765,
  "n_train": 4854,
  "n_test": 15,
  "n_features": 2096,
  "elapsed_s": 0.1
}