{
  "alloy": "AZ31",
  "fold": 0,
  "setting": "far_unfilt",
  "model": "MLP",
  "r2": 0.26803551878464527,
  "mae": 76.96491834322612,
  "pearson_r": 0.5421488106220097,
  "pearson_p": 0.03681571204450063,
  "n_train": 4854,
  "n_test": 15,
  "n_features": 2096,
  "elapsed_s": 281.4
}