{
  "alloy": "AZ31",
  "fold": 2,
  "setting": "far_unfilt",
  "model": "ChemProp",
  "r2": 0.8199916573021839,
  "mae": 70.75634009043375,
  "pearson_r": 0.9275458284362844,
  "pearson_p": 6.421509139817543e-07,
  "n_train": 4854,
  "n_test": 15,
  "n_features": 48,
  "elapsed_s": 671.8
}