{
  "alloy": "AZ31",
  "fold": 3,
  "setting": "far_unfilt",
  "model": "RF",
  "r2": 0.4454214743688868,
  "mae": 103.55936266666667,
  "pearson_r": 0.8990256637527743,
  "pearson_p": 5.176377750082235e-06,
  "n_train": 4854,
  "n_test": 15,
  "n_features": 2096,
  "elapsed_s": 1667.1
}