{
  "alloy": "AZ31",
  "fold": 2,
  "setting": "close_filt",
  "model": "ChemProp",
  "r2": 0.3747824355096888,
  "mae": 106.20595585505167,
  "pearson_r": 0.7216640540286209,
  "pearson_p": 0.0023872208766598673,
  "n_train": 812,
  "n_test": 15,
  "n_features": 43,
  "elapsed_s": 86.9
}