{
  "alloy": "AZ31",
  "fold": 1,
  "setting": "exact",
  "model": "GBR",
  "r2": -0.4849605149759848,
  "mae": 162.65701552719963,
  "pearson_r": 0.21953293218676567,
  "pearson_p": 0.43178087812978655,
  "n_train": 60,
  "n_test": 15,
  "n_features": 2051,
  "elapsed_s": 9.9
}