{
  "alloy": "AZ31",
  "fold": 1,
  "setting": "far_unfilt",
  "model": "GBR",
  "r2": 0.3582357136288923,
  "mae": 117.55580046506184,
  "pearson_r": 0.8895257782304921,
  "pearson_p": 9.06960329373737e-06,
  "n_train": 4854,
  "n_test": 15,
  "n_features": 2096,
  "elapsed_s": 1238.3
}