{
  "alloy": "AZ31",
  "fold": 4,
  "setting": "close_unfilt",
  "model": "GBR",
  "r2": 0.6251398019393782,
  "mae": 46.00346622861592,
  "pearson_r": 0.8899914301098968,
  "pearson_p": 8.834224664267496e-06,
  "n_train": 899,
  "n_test": 15,
  "n_features": 2091,
  "elapsed_s": 99.8
}