{
  "alloy": "AZ31",
  "fold": 0,
  "setting": "exact",
  "model": "GBR",
  "r2": -0.06668172630791513,
  "mae": 102.98142108443759,
  "pearson_r": 0.29377276801146646,
  "pearson_p": 0.2878962271398387,
  "n_train": 60,
  "n_test": 15,
  "n_features": 2051,
  "elapsed_s": 9.5
}