{
  "alloy": "AZ31",
  "fold": 4,
  "setting": "exact",
  "model": "RF",
  "r2": 0.16679870972814181,
  "mae": 65.17504000000001,
  "pearson_r": 0.41485531044028057,
  "pearson_p": 0.12414569689180559,
  "n_train": 60,
  "n_test": 15,
  "n_features": 2051,
  "elapsed_s": 11.5
}