{
  "alloy": "AZ91",
  "fold": 4,
  "setting": "far_unfilt",
  "model": "RF",
  "r2": 0.2565571793871464,
  "mae": 95.44687097354499,
  "pearson_r": 0.9061484716046219,
  "pearson_p": 3.2748504902863094e-06,
  "n_train": 4854,
  "n_test": 15,
  "n_features": 2096,
  "elapsed_s": 533.2
}