{
  "alloy": "AZ91",
  "fold": 0,
  "setting": "far_unfilt",
  "model": "ChemProp",
  "r2": 0.4470987295472053,
  "mae": 65.1439007282257,
  "pearson_r": 0.6940546634825955,
  "pearson_p": 0.004098437160743823,
  "n_train": 4854,
  "n_test": 15,
  "n_features": 48,
  "elapsed_s": 656.1
}