{
  "alloy": "AZ91",
  "fold": 1,
  "setting": "exact",
  "model": "MLP",
  "r2": 0.01696291892559776,
  "mae": 120.44704360961914,
  "pearson_r": 0.23917243541991545,
  "pearson_p": 0.39061049031574757,
  "n_train": 60,
  "n_test": 15,
  "n_features": 2051,
  "elapsed_s": 24.9
}