{
  "alloy": "AZ91",
  "fold": 0,
  "setting": "close_unfilt",
  "model": "kNN_Tan",
  "r2": -0.7042124103477387,
  "mae": 98.50182618856466,
  "pearson_r": 0.8396311505267852,
  "pearson_p": 9.017958638849082e-05,
  "n_train": 899,
  "n_test": 15,
  "n_features": 2091,
  "elapsed_s": 0.0
}