{
  "alloy": "AZ91",
  "fold": 1,
  "setting": "close_unfilt",
  "model": "kNN_Tan",
  "r2": 0.6465632836892998,
  "mae": 70.39014423353044,
  "pearson_r": 0.8972916135912838,
  "pearson_p": 5.757349201806824e-06,
  "n_train": 899,
  "n_test": 15,
  "n_features": 2091,
  "elapsed_s": 0.0
}