{
  "alloy": "AZ91",
  "fold": 2,
  "setting": "close_unfilt",
  "model": "ChemProp",
  "r2": 0.48147811391185835,
  "mae": 108.59850786924362,
  "pearson_r": 0.798783171941246,
  "pearson_p": 0.0003549148981947864,
  "n_train": 899,
  "n_test": 15,
  "n_features": 43,
  "elapsed_s": 111.1
}