{
  "alloy": "AZ91",
  "fold": 3,
  "setting": "far_unfilt",
  "model": "kNN_Tan",
  "r2": 0.7808912584672398,
  "mae": 62.255253333333336,
  "pearson_r": 0.8887183951329687,
  "pearson_p": 9.490083985532745e-06,
  "n_train": 4854,
  "n_test": 15,
  "n_features": 2096,
  "elapsed_s": 0.0
}