{
  "alloy": "AZ91",
  "fold": 2,
  "setting": "far_unfilt",
  "model": "ChemProp",
  "r2": 0.7333150285604227,
  "mae": 92.27654878298442,
  "pearson_r": 0.8840178403702578,
  "pearson_p": 1.2273445877068835e-05,
  "n_train": 4854,
  "n_test": 15,
  "n_features": 48,
  "elapsed_s": 418.3
}