{
  "alloy": "AZ91",
  "fold": 3,
  "setting": "far_unfilt",
  "model": "ChemProp",
  "r2": 0.2301374235754653,
  "mae": 119.03939730326334,
  "pearson_r": 0.5835746136615924,
  "pearson_p": 0.02238165723712066,
  "n_train": 4854,
  "n_test": 15,
  "n_features": 48,
  "elapsed_s": 616.7
}