{
  "alloy": "AZ91",
  "fold": 0,
  "setting": "exact",
  "model": "GBR",
  "r2": -0.8711812307505478,
  "mae": 106.40135926555438,
  "pearson_r": -0.035367960696840395,
  "pearson_p": 0.9004175767340409,
  "n_train": 60,
  "n_test": 15,
  "n_features": 2051,
  "elapsed_s": 3.8
}