{
  "alloy": "AZ91",
  "fold": 1,
  "setting": "close_unfilt",
  "model": "ChemProp",
  "r2": 0.7112922028866017,
  "mae": 73.98084398905436,
  "pearson_r": 0.8599606210964841,
  "pearson_p": 3.9338913817595516e-05,
  "n_train": 899,
  "n_test": 15,
  "n_features": 43,
  "elapsed_s": 105.9
}