{
  "alloy": "AZ91",
  "fold": 3,
  "setting": "close_unfilt",
  "model": "MLP",
  "r2": 0.7709752100183322,
  "mae": 63.649633725484215,
  "pearson_r": 0.9060054684317722,
  "pearson_p": 3.3062507757546452e-06,
  "n_train": 899,
  "n_test": 15,
  "n_features": 2091,
  "elapsed_s": 274.2
}