{
  "alloy": "AZ91",
  "fold": 3,
  "setting": "close_filt",
  "model": "GBR",
  "r2": 0.043916680596084,
  "mae": 138.22889598518077,
  "pearson_r": 0.40443432221977055,
  "pearson_p": 0.13485410972329676,
  "n_train": 799,
  "n_test": 15,
  "n_features": 2091,
  "elapsed_s": 94.6
}