{
  "alloy": "AZ91",
  "fold": 3,
  "setting": "exact",
  "model": "MLP",
  "r2": 0.1626255452417601,
  "mae": 163.23006846110027,
  "pearson_r": 0.5244586058122479,
  "pearson_p": 0.04474381263679031,
  "n_train": 60,
  "n_test": 15,
  "n_features": 2051,
  "elapsed_s": 18.6
}