{
  "alloy": "AZ91",
  "fold": 1,
  "setting": "close_unfilt",
  "model": "GBR",
  "r2": 0.596025333307437,
  "mae": 81.95294484881926,
  "pearson_r": 0.8520469367918682,
  "pearson_p": 5.5121008455726214e-05,
  "n_train": 899,
  "n_test": 15,
  "n_features": 2091,
  "elapsed_s": 99.7
}