{
  "alloy": "AZ91",
  "fold": 3,
  "setting": "close_unfilt",
  "model": "kNN_Tan",
  "r2": 0.76068711991332,
  "mae": 68.71696063839195,
  "pearson_r": 0.8961042979614772,
  "pearson_p": 6.185675510843953e-06,
  "n_train": 899,
  "n_test": 15,
  "n_features": 2091,
  "elapsed_s": 0.0
}