{
  "alloy": "AZ91",
  "fold": 1,
  "setting": "far_unfilt",
  "model": "MLP",
  "r2": 0.7923324309831541,
  "mae": 61.995637814203896,
  "pearson_r": 0.8959628211734303,
  "pearson_p": 6.238437308556031e-06,
  "n_train": 4854,
  "n_test": 15,
  "n_features": 2096,
  "elapsed_s": 1150.4
}