{
  "alloy": "AZ91",
  "fold": 4,
  "setting": "exact",
  "model": "kNN_Tan",
  "r2": 0.16276973521973603,
  "mae": 113.65477271261854,
  "pearson_r": 0.43436791947504955,
  "pearson_p": 0.10569169237544777,
  "n_train": 60,
  "n_test": 15,
  "n_features": 2051,
  "elapsed_s": 0.0
}