{
  "alloy": "AZ91",
  "fold": 3,
  "setting": "far_unfilt",
  "model": "MLP",
  "r2": 0.7639354243456432,
  "mae": 65.3080021540324,
  "pearson_r": 0.9174996993326618,
  "pearson_p": 1.456995282110649e-06,
  "n_train": 4854,
  "n_test": 15,
  "n_features": 2096,
  "elapsed_s": 1121.6
}