{
  "alloy": "AZ91",
  "fold": 4,
  "setting": "far_unfilt",
  "model": "ChemProp",
  "r2": 0.7067280971177645,
  "mae": 74.81220320065816,
  "pearson_r": 0.8454772534755005,
  "pearson_p": 7.190027939407703e-05,
  "n_train": 4854,
  "n_test": 15,
  "n_features": 48,
  "elapsed_s": 620.6
}