{
  "alloy": "AZ91",
  "fold": 2,
  "setting": "close_filt",
  "model": "MLP",
  "r2": 0.15930035724267066,
  "mae": 148.13011614481607,
  "pearson_r": 0.5005860479821732,
  "pearson_p": 0.05735968119622244,
  "n_train": 812,
  "n_test": 15,
  "n_features": 2091,
  "elapsed_s": 177.0
}