{
  "alloy": "AZ91",
  "fold": 0,
  "setting": "exact",
  "model": "RF",
  "r2": -0.3685161057087758,
  "mae": 80.67801333333334,
  "pearson_r": 0.037733598351827186,
  "pearson_p": 0.8937905001474195,
  "n_train": 60,
  "n_test": 15,
  "n_features": 2051,
  "elapsed_s": 11.1
}