{
  "alloy": "AZ91",
  "fold": 0,
  "setting": "exact",
  "model": "kNN_Tan",
  "r2": -0.6346799892184889,
  "mae": 96.0091761076499,
  "pearson_r": -0.057880718930196806,
  "pearson_p": 0.8376551701082927,
  "n_train": 60,
  "n_test": 15,
  "n_features": 2051,
  "elapsed_s": 0.0
}