{
  "alloy": "AZ91",
  "fold": 3,
  "setting": "close_filt",
  "model": "MLP",
  "r2": 0.05581136467264036,
  "mae": 163.93746325174968,
  "pearson_r": 0.42223252892832736,
  "pearson_p": 0.11692712839299815,
  "n_train": 799,
  "n_test": 15,
  "n_features": 2091,
  "elapsed_s": 261.0
}