{
  "alloy": "WE43",
  "fold": 3,
  "setting": "exact",
  "model": "MLP",
  "r2": -0.034916799878443205,
  "mae": 119.53576914469402,
  "pearson_r": 0.011934770322786899,
  "pearson_p": 0.9663280117062671,
  "n_train": 60,
  "n_test": 15,
  "n_features": 2051,
  "elapsed_s": 20.7
}