{
  "alloy": "WE43",
  "fold": 3,
  "setting": "close_unfilt",
  "model": "MLP",
  "r2": 0.8876829248762521,
  "mae": 24.86160545349121,
  "pearson_r": 0.9667400416694966,
  "pearson_p": 4.478729217938446e-09,
  "n_train": 899,
  "n_test": 15,
  "n_features": 2091,
  "elapsed_s": 68.5
}