{
  "alloy": "WE43",
  "fold": 1,
  "setting": "close_filt",
  "model": "kNN_Tan",
  "r2": -0.33246187414097506,
  "mae": 102.86989928673084,
  "pearson_r": 0.08210387628297572,
  "pearson_p": 0.7711345529970525,
  "n_train": 793,
  "n_test": 15,
  "n_features": 2091,
  "elapsed_s": 0.0
}