{
  "alloy": "WE43",
  "fold": 0,
  "setting": "far_unfilt",
  "model": "RF",
  "r2": 0.01980697183040625,
  "mae": 53.67677512804233,
  "pearson_r": 0.4201792737379106,
  "pearson_p": 0.11890641196691976,
  "n_train": 4854,
  "n_test": 15,
  "n_features": 2096,
  "elapsed_s": 573.5
}