{
  "alloy": "WE43",
  "fold": 1,
  "setting": "far_unfilt",
  "model": "GBR",
  "r2": 0.5804923827574037,
  "mae": 56.26171933724077,
  "pearson_r": 0.8040587746602444,
  "pearson_p": 0.00030272431513337375,
  "n_train": 4854,
  "n_test": 15,
  "n_features": 2096,
  "elapsed_s": 2184.2
}