{
  "alloy": "WE43",
  "fold": 0,
  "setting": "close_filt",
  "model": "RF",
  "r2": -0.7694543848543167,
  "mae": 75.96133488888887,
  "pearson_r": -0.06762185922386821,
  "pearson_p": 0.8107562207560662,
  "n_train": 814,
  "n_test": 15,
  "n_features": 2091,
  "elapsed_s": 55.9
}