{
  "alloy": "WE43",
  "fold": 4,
  "setting": "close_unfilt",
  "model": "GBR",
  "r2": 0.7623291324365884,
  "mae": 35.80077155385086,
  "pearson_r": 0.8853588522812574,
  "pearson_p": 1.1418039326046552e-05,
  "n_train": 899,
  "n_test": 15,
  "n_features": 2091,
  "elapsed_s": 97.3
}