{
  "alloy": "WE43",
  "fold": 2,
  "setting": "far_filt",
  "model": "kNN_Tan",
  "r2": 0.03174920083445021,
  "mae": 63.63106040230915,
  "pearson_r": 0.7423805341389202,
  "pearson_p": 0.0015258388302582812,
  "n_train": 4753,
  "n_test": 15,
  "n_features": 2096,
  "elapsed_s": 0.1
}