{
  "alloy": "WE43",
  "fold": 0,
  "setting": "far_filt",
  "model": "kNN_Tan",
  "r2": -0.8134195722119519,
  "mae": 74.79097268411834,
  "pearson_r": 0.15359551018969556,
  "pearson_p": 0.5847044963282463,
  "n_train": 4746,
  "n_test": 15,
  "n_features": 2096,
  "elapsed_s": 0.1
}