{
  "alloy": "WE43",
  "fold": 3,
  "setting": "far_filt",
  "model": "kNN_Tan",
  "r2": -0.18886638661265498,
  "mae": 113.46452280796053,
  "pearson_r": 0.15962213354775184,
  "pearson_p": 0.5698683207058178,
  "n_train": 4720,
  "n_test": 15,
  "n_features": 2096,
  "elapsed_s": 0.1
}