{
  "alloy": "WE43",
  "fold": 1,
  "setting": "close_unfilt",
  "model": "GBR",
  "r2": 0.7488224922954619,
  "mae": 46.11751742007836,
  "pearson_r": 0.8742952822010086,
  "pearson_p": 2.0213461217962423e-05,
  "n_train": 899,
  "n_test": 15,
  "n_features": 2091,
  "elapsed_s": 103.8
}