{
  "alloy": "WE43",
  "fold": 3,
  "setting": "exact",
  "model": "kNN_Tan",
  "r2": -0.3625224005439043,
  "mae": 137.9716473899665,
  "pearson_r": -0.11679179989590499,
  "pearson_p": 0.6784973265900974,
  "n_train": 60,
  "n_test": 15,
  "n_features": 2051,
  "elapsed_s": 0.0
}