{
  "alloy": "WE43",
  "fold": 1,
  "setting": "exact",
  "model": "MLP",
  "r2": 0.032556085936451096,
  "mae": 100.14093313217163,
  "pearson_r": 0.40806937422875056,
  "pearson_p": 0.13105010755349883,
  "n_train": 60,
  "n_test": 15,
  "n_features": 2051,
  "elapsed_s": 27.8
}