{
  "alloy": "WE43",
  "fold": 2,
  "setting": "far_unfilt",
  "model": "kNN_Tan",
  "r2": -1.8443566186645208,
  "mae": 72.83203993841745,
  "pearson_r": 0.8475786468329979,
  "pearson_p": 6.612914185060548e-05,
  "n_train": 4854,
  "n_test": 15,
  "n_features": 2096,
  "elapsed_s": 0.1
}