{
  "alloy": "WE43",
  "fold": 4,
  "setting": "far_unfilt",
  "model": "kNN_Tan",
  "r2": -1.5255108641266015,
  "mae": 68.75210666666666,
  "pearson_r": 0.8798445398427125,
  "pearson_p": 1.528359193042931e-05,
  "n_train": 4854,
  "n_test": 15,
  "n_features": 2096,
  "elapsed_s": 0.1
}