{
  "alloy": "WE43",
  "fold": 3,
  "setting": "close_filt",
  "model": "GBR",
  "r2": -0.2486580389981985,
  "mae": 117.36498718052161,
  "pearson_r": -0.009767106093829817,
  "pearson_p": 0.9724413427889125,
  "n_train": 795,
  "n_test": 15,
  "n_features": 2091,
  "elapsed_s": 95.3
}