{
  "alloy": "WE43",
  "fold": 2,
  "setting": "far_unfilt",
  "model": "GBR",
  "r2": 0.7460290703130339,
  "mae": 31.943012737895668,
  "pearson_r": 0.8654359805228724,
  "pearson_p": 3.077702612117935e-05,
  "n_train": 4854,
  "n_test": 15,
  "n_features": 2096,
  "elapsed_s": 1874.0
}