{
  "alloy": "AZ31",
  "fold": 1,
  "setting": "far_filt",
  "model": "RF",
  "r2": -0.5888064870592833,
  "mae": 174.85580060846561,
  "pearson_r": 0.30682285427108846,
  "pearson_p": 0.26599664585764426,
  "n_train": 4700,
  "n_test": 15,
  "n_features": 2096,
  "elapsed_s": 1149.5,
  "y_test": [
    59.0,
    78.0,
    43.0,
    -105.0,
    -183.0,
    -240.0,
    -397.0,
    -569.0,
    -155.0,
    -267.0,
    -69.0,
    50.0,
    -353.0,
    -139.0,
    -132.0
  ],
  "y_pred": [
    18.595999999999993,
    37.65644666666667,
    16.975546666666666,
    2.36796,
    -5.27112,
    -44.161046666666664,
    -36.96931,
    -12.1265,
    -22.997175000000002,
    -16.797444444444444,
    15.216569999999997,
    -63.26441523809522,
    -3.637130000000001,
    -46.273606666666666,
    -35.55061
  ],
  "test_smiles": [
    "Cc1ccc(O)c(C(=O)O)c1",
    "Cc1cccc(C(=O)O)c1O",
    "Cc1cccc(C(=O)O)c1[N+](=O)[O-]",
    "Cc1cccc(O)c1O",
    "Cc1occc(=O)c1O",
    "Cl.Cl.NCCc1cnc[nH]1",
    "NC(=O)C[C@H](N)C(=O)O",
    "NC(CO)(CO)CO",
    "NC(CS)C(=O)O",
    "NC(Cc1ccccc1)C(=O)O",
    "NC(N)=O",
    "NC(N)=S",
    "NCC(=O)O",
    "NCCNCCN",
    "N[C@@H](CC(=O)O)C(=O)O"
  ]
}