{
  "alloy": "AZ31",
  "fold": 2,
  "setting": "close_filt",
  "model": "ChemProp",
  "r2": 0.3147706125315102,
  "mae": 112.4289047241211,
  "pearson_r": 0.59456875493528,
  "pearson_p": 0.01940402320432707,
  "n_train": 812,
  "n_test": 15,
  "n_features": 43,
  "elapsed_s": 97.2,
  "y_test": [
    -229.0,
    56.0,
    83.0,
    58.0,
    -222.0,
    49.0,
    -614.0,
    21.0,
    -197.0,
    90.0,
    12.0,
    49.0,
    38.0,
    51.0,
    -66.0
  ],
  "y_pred": [
    -70.78654479980469,
    -65.96537780761719,
    -70.55936431884766,
    -60.607059478759766,
    -293.7803955078125,
    8.884501457214355,
    -154.82098388671875,
    -69.25938415527344,
    -88.36036682128906,
    24.11944007873535,
    23.502300262451172,
    -13.416298866271973,
    -94.20352172851562,
    -32.526851654052734,
    -74.58485412597656
  ],
  "test_smiles": [
    "N[C@@H](CCC(=O)O)C(=O)O",
    "Nc1ccc(C(=O)O)c(O)c1",
    "Nc1ccc(O)c(C(=O)O)c1",
    "Nc1nc2ncc(CNc3ccc(C(=O)NC(CCC(=O)O)C(=O)O)cc3)nc2c(=O)[nH]1",
    "Nc1ncn[nH]1",
    "O.O.O=C([O-])[C@H](O)CO.O=C([O-])[C@H](O)CO.[Ca+2]",
    "O.O=C(O)CN(CC(=O)O)[C@@H]1CCCC[C@H]1N(CC(=O)O)CC(=O)O",
    "O=C(CC(=O)C(F)(F)F)c1cccs1",
    "O=C(NO)c1ccccc1O",
    "O=C(O)/C=C/C(=O)O",
    "O=C(O)/C=C\\C(=O)O",
    "O=C(O)C(O)C(O)C(=O)O",
    "O=C(O)C(O)c1ccccc1",
    "O=C(O)C1(O)C[C@@H](O)C(O)[C@H](O)C1",
    "O=C(O)CC(O)(C(=O)O)C(=O)O"
  ]
}