{
  "alloy": "AZ31",
  "fold": 2,
  "setting": "far_filt",
  "model": "ChemProp",
  "r2": 0.36896225793210646,
  "mae": 113.58547064463298,
  "pearson_r": 0.7022543604637719,
  "pearson_p": 0.003511956625328104,
  "n_train": 4736,
  "n_test": 15,
  "n_features": 48,
  "elapsed_s": 612.0,
  "y_test": [
    -229.0,
    56.0,
    83.0,
    58.0,
    -222.0,
    49.0,
    -614.0,
    21.0,
    -197.0,
    90.0,
    12.0,
    49.0,
    38.0,
    51.0,
    -66.0
  ],
  "y_pred": [
    -125.99897003173828,
    -60.77716064453125,
    -60.48616409301758,
    -64.2302017211914,
    -231.91209411621094,
    -6.321800708770752,
    -194.65286254882812,
    -142.83847045898438,
    -70.52904510498047,
    4.103518486022949,
    5.989452838897705,
    -53.275997161865234,
    -52.799171447753906,
    -18.319175720214844,
    -155.09567260742188
  ],
  "test_smiles": [
    "N[C@@H](CCC(=O)O)C(=O)O",
    "Nc1ccc(C(=O)O)c(O)c1",
    "Nc1ccc(O)c(C(=O)O)c1",
    "Nc1nc2ncc(CNc3ccc(C(=O)NC(CCC(=O)O)C(=O)O)cc3)nc2c(=O)[nH]1",
    "Nc1ncn[nH]1",
    "O.O.O=C([O-])[C@H](O)CO.O=C([O-])[C@H](O)CO.[Ca+2]",
    "O.O=C(O)CN(CC(=O)O)[C@@H]1CCCC[C@H]1N(CC(=O)O)CC(=O)O",
    "O=C(CC(=O)C(F)(F)F)c1cccs1",
    "O=C(NO)c1ccccc1O",
    "O=C(O)/C=C/C(=O)O",
    "O=C(O)/C=C\\C(=O)O",
    "O=C(O)C(O)C(O)C(=O)O",
    "O=C(O)C(O)c1ccccc1",
    "O=C(O)C1(O)C[C@@H](O)C(O)[C@H](O)C1",
    "O=C(O)CC(O)(C(=O)O)C(=O)O"
  ]
}