{
  "alloy": "AZ31",
  "fold": 4,
  "setting": "close_unfilt",
  "model": "MLP",
  "r2": 0.7495680930019657,
  "mae": 33.8897928237915,
  "pearson_r": 0.9071354935097227,
  "pearson_p": 3.064834035023786e-06,
  "n_train": 899,
  "n_test": 15,
  "n_features": 2091,
  "elapsed_s": 157.6,
  "y_test": [
    86.0,
    58.0,
    36.0,
    36.0,
    54.0,
    37.0,
    62.0,
    77.0,
    34.0,
    78.0,
    -191.0,
    -36.0,
    -294.0,
    9.0,
    -7.0
  ],
  "y_pred": [
    57.0633430480957,
    48.37686538696289,
    25.7534122467041,
    20.08927345275879,
    32.44805145263672,
    19.642053604125977,
    58.213775634765625,
    32.32151794433594,
    -30.571006774902344,
    17.580608367919922,
    -41.8194694519043,
    -35.478355407714844,
    -218.97828674316406,
    6.845568656921387,
    -11.386466979980469
  ],
  "test_smiles": [
    "O=C(O)c1ccc2ccccc2n1",
    "O=C(O)c1ccccc1",
    "O=C(O)c1ccccc1C(=O)O",
    "O=C(O)c1ccccc1O",
    "O=C(O)c1ccccn1",
    "O=C(O)c1cccnc1",
    "O=C(O)c1cccnc1C(=O)O",
    "O=C1NC(=O)C([N+](=O)[O-])C(=O)N1",
    "O=C1O[C@H]([C@@H](O)CO)C(O)=C1O",
    "O=CO",
    "O=P(O)(O)OC1C(OP(=O)(O)O)C(OP(=O)(O)O)C(OP(=O)(O)O)C(OP(=O)(O)O)C1OP(=O)(O)O",
    "O=c1cc(CO)occ1O",
    "O=c1cc[nH]c(=O)[nH]1",
    "OCC(O)CO",
    "OC[C@H]1OC(O)[C@H](O)[C@@H](O)[C@@H]1O"
  ]
}