{
  "alloy": "AZ31",
  "fold": 3,
  "setting": "far_filt",
  "model": "GBR",
  "r2": -0.3046119846069444,
  "mae": 177.88407011037037,
  "pearson_r": -0.17179172274059712,
  "pearson_p": 0.5404027070653638,
  "n_train": 4709,
  "n_test": 15,
  "n_features": 2096,
  "elapsed_s": 2041.5,
  "y_test": [
    10.0,
    51.0,
    38.0,
    -315.0,
    -379.0,
    -311.0,
    61.0,
    74.0,
    19.0,
    26.0,
    -73.0,
    3.0,
    84.0,
    -696.0,
    -399.0
  ],
  "y_pred": [
    -16.103054752482546,
    -15.628964520756737,
    -16.03473950923936,
    -24.668487591054124,
    -24.668487591054124,
    -28.473278073612864,
    -15.854913703648828,
    -16.127969998759962,
    -13.253783840444338,
    -28.022219833358694,
    46.62562757264816,
    20.706947907095127,
    25.52492317098708,
    25.135263885003415,
    25.102742558826193
  ],
  "test_smiles": [
    "O=C(O)CC(O)C(=O)O",
    "O=C(O)CCC(=O)O",
    "O=C(O)CCCCC(=O)O",
    "O=C(O)CN(CC(=O)O)CC(=O)O",
    "O=C(O)CN(CCN(CC(=O)O)CC(=O)O)CC(=O)O",
    "O=C(O)CN(CCO)CCO",
    "O=C(O)CO",
    "O=C(O)COCC(=O)O",
    "O=C(O)[C@H](O)[C@@H](O)[C@H](O)[C@H](O)CO",
    "O=C(O)[C@H](O)[C@@H](O)[C@H](O[C@@H]1O[C@H](CO)[C@H](O)[C@H](O)[C@H]1O)[C@H](O)CO",
    "O=C(O)c1cc(S(=O)(=O)O)ccc1O",
    "O=C(O)c1cc([N+](=O)[O-])cc([N+](=O)[O-])c1O",
    "O=C(O)c1ccc(C(=O)O)nc1",
    "O=C(O)c1ccc(O)c(O)c1",
    "O=C(O)c1ccc(O)cc1"
  ]
}