{
  "alloy": "AZ31",
  "fold": 1,
  "setting": "close_unfilt",
  "model": "MLP",
  "r2": 0.2873457996807012,
  "mae": 100.39130980173746,
  "pearson_r": 0.6736439383749722,
  "pearson_p": 0.005899738644944016,
  "n_train": 899,
  "n_test": 15,
  "n_features": 2091,
  "elapsed_s": 212.2,
  "y_test": [
    59.0,
    78.0,
    43.0,
    -105.0,
    -183.0,
    -240.0,
    -397.0,
    -569.0,
    -155.0,
    -267.0,
    -69.0,
    50.0,
    -353.0,
    -139.0,
    -132.0
  ],
  "y_pred": [
    71.87445068359375,
    72.11543273925781,
    -26.332359313964844,
    -91.86609649658203,
    -69.78256225585938,
    -92.3342514038086,
    -74.06529998779297,
    -571.023193359375,
    -205.3427734375,
    -100.78927612304688,
    -13.932377815246582,
    20.97265625,
    -294.0492858886719,
    -536.108154296875,
    -69.90404510498047
  ],
  "test_smiles": [
    "Cc1ccc(O)c(C(=O)O)c1",
    "Cc1cccc(C(=O)O)c1O",
    "Cc1cccc(C(=O)O)c1[N+](=O)[O-]",
    "Cc1cccc(O)c1O",
    "Cc1occc(=O)c1O",
    "Cl.Cl.NCCc1cnc[nH]1",
    "NC(=O)C[C@H](N)C(=O)O",
    "NC(CO)(CO)CO",
    "NC(CS)C(=O)O",
    "NC(Cc1ccccc1)C(=O)O",
    "NC(N)=O",
    "NC(N)=S",
    "NCC(=O)O",
    "NCCNCCN",
    "N[C@@H](CC(=O)O)C(=O)O"
  ]
}