{
  "alloy": "AZ31",
  "fold": 1,
  "setting": "far_unfilt",
  "model": "kNN_Tan",
  "r2": 0.2783840138441762,
  "mae": 118.02356537879153,
  "pearson_r": 0.681403035368586,
  "pearson_p": 0.005153387638976012,
  "n_train": 4854,
  "n_test": 15,
  "n_features": 2096,
  "elapsed_s": 0.1,
  "y_test": [
    59.0,
    78.0,
    43.0,
    -105.0,
    -183.0,
    -240.0,
    -397.0,
    -569.0,
    -155.0,
    -267.0,
    -69.0,
    50.0,
    -353.0,
    -139.0,
    -132.0
  ],
  "y_pred": [
    69.07999999999998,
    53.872,
    -95.264,
    -263.24,
    -167.20800000000003,
    -126.27020260258327,
    -24.743999999999993,
    -724.7999999999997,
    2.597600000000002,
    -138.144,
    -10.271999999999998,
    7.819199999999999,
    -246.7704,
    -399.503683284456,
    -159.968
  ],
  "test_smiles": [
    "Cc1ccc(O)c(C(=O)O)c1",
    "Cc1cccc(C(=O)O)c1O",
    "Cc1cccc(C(=O)O)c1[N+](=O)[O-]",
    "Cc1cccc(O)c1O",
    "Cc1occc(=O)c1O",
    "Cl.Cl.NCCc1cnc[nH]1",
    "NC(=O)C[C@H](N)C(=O)O",
    "NC(CO)(CO)CO",
    "NC(CS)C(=O)O",
    "NC(Cc1ccccc1)C(=O)O",
    "NC(N)=O",
    "NC(N)=S",
    "NCC(=O)O",
    "NCCNCCN",
    "N[C@@H](CC(=O)O)C(=O)O"
  ]
}