{
  "alloy": "AZ31",
  "fold": 2,
  "setting": "far_unfilt",
  "model": "MLP",
  "r2": 0.8102727269684106,
  "mae": 52.070002269744876,
  "pearson_r": 0.9494407606842816,
  "pearson_p": 6.533684225229101e-08,
  "n_train": 4854,
  "n_test": 15,
  "n_features": 2096,
  "elapsed_s": 707.8,
  "y_test": [
    -229.0,
    56.0,
    83.0,
    58.0,
    -222.0,
    49.0,
    -614.0,
    21.0,
    -197.0,
    90.0,
    12.0,
    49.0,
    38.0,
    51.0,
    -66.0
  ],
  "y_pred": [
    -132.1702423095703,
    40.458152770996094,
    54.820213317871094,
    38.344520568847656,
    -134.1336669921875,
    32.247989654541016,
    -868.1558837890625,
    24.498544692993164,
    -170.64007568359375,
    51.28715515136719,
    23.39557647705078,
    3.08662748336792,
    16.427444458007812,
    20.942384719848633,
    -150.55850219726562
  ],
  "test_smiles": [
    "N[C@@H](CCC(=O)O)C(=O)O",
    "Nc1ccc(C(=O)O)c(O)c1",
    "Nc1ccc(O)c(C(=O)O)c1",
    "Nc1nc2ncc(CNc3ccc(C(=O)NC(CCC(=O)O)C(=O)O)cc3)nc2c(=O)[nH]1",
    "Nc1ncn[nH]1",
    "O.O.O=C([O-])[C@H](O)CO.O=C([O-])[C@H](O)CO.[Ca+2]",
    "O.O=C(O)CN(CC(=O)O)[C@@H]1CCCC[C@H]1N(CC(=O)O)CC(=O)O",
    "O=C(CC(=O)C(F)(F)F)c1cccs1",
    "O=C(NO)c1ccccc1O",
    "O=C(O)/C=C/C(=O)O",
    "O=C(O)/C=C\\C(=O)O",
    "O=C(O)C(O)C(O)C(=O)O",
    "O=C(O)C(O)c1ccccc1",
    "O=C(O)C1(O)C[C@@H](O)C(O)[C@H](O)C1",
    "O=C(O)CC(O)(C(=O)O)C(=O)O"
  ]
}