{
  "alloy": "AZ31",
  "fold": 1,
  "setting": "close_filt",
  "model": "RF",
  "r2": -0.57676538648718,
  "mae": 174.3189748888889,
  "pearson_r": 0.3061239037895199,
  "pearson_p": 0.26714325356391844,
  "n_train": 795,
  "n_test": 15,
  "n_features": 2091,
  "elapsed_s": 130.3,
  "y_test": [
    59.0,
    78.0,
    43.0,
    -105.0,
    -183.0,
    -240.0,
    -397.0,
    -569.0,
    -155.0,
    -267.0,
    -69.0,
    50.0,
    -353.0,
    -139.0,
    -132.0
  ],
  "y_pred": [
    18.007340000000003,
    37.633489999999995,
    16.605480000000004,
    0.6217433333333332,
    -3.785093333333333,
    -46.76562666666668,
    -34.05425999999999,
    -15.336336666666664,
    -26.737440000000003,
    -19.238699999999998,
    12.699739999999998,
    -67.92366666666666,
    -6.9979000000000005,
    -47.42696666666666,
    -32.87189333333334
  ],
  "test_smiles": [
    "Cc1ccc(O)c(C(=O)O)c1",
    "Cc1cccc(C(=O)O)c1O",
    "Cc1cccc(C(=O)O)c1[N+](=O)[O-]",
    "Cc1cccc(O)c1O",
    "Cc1occc(=O)c1O",
    "Cl.Cl.NCCc1cnc[nH]1",
    "NC(=O)C[C@H](N)C(=O)O",
    "NC(CO)(CO)CO",
    "NC(CS)C(=O)O",
    "NC(Cc1ccccc1)C(=O)O",
    "NC(N)=O",
    "NC(N)=S",
    "NCC(=O)O",
    "NCCNCCN",
    "N[C@@H](CC(=O)O)C(=O)O"
  ]
}