{
  "alloy": "AZ31",
  "fold": 0,
  "setting": "close_unfilt",
  "model": "GBR",
  "r2": 0.40897601692653285,
  "mae": 70.74259967227653,
  "pearson_r": 0.6880856009937889,
  "pearson_p": 0.004572341490515269,
  "n_train": 899,
  "n_test": 15,
  "n_features": 2091,
  "elapsed_s": 92.6,
  "y_test": [
    -60.0,
    -318.0,
    14.0,
    74.0,
    45.0,
    -50.0,
    -25.0,
    -35.0,
    40.0,
    -201.0,
    63.0,
    -327.0,
    30.0,
    -43.0,
    36.0
  ],
  "y_pred": [
    17.622842419692002,
    -153.84160601334037,
    0.08735009471276058,
    10.48973142914801,
    11.568193863140204,
    -39.88110119968124,
    10.82854265733873,
    -168.02439544171463,
    12.702121463575978,
    -12.777087271856024,
    28.50332245680299,
    -123.38980254731696,
    -20.92735582236328,
    -24.69134128550842,
    29.332483631878066
  ],
  "test_smiles": [
    "C/C(=C/C(=O)O)C(=O)O",
    "C1CNCCN1",
    "C1N2CN3CN1CN(C2)C3",
    "CC(=O)O",
    "CC(C)(C)c1ccc(C(=O)O)cc1",
    "CC(C)(CO)[C@@H](O)C(=O)NCCCO",
    "CC(O)C(=O)O",
    "CC1(C)S[C@@H]2[C@H](NC(=O)Cc3ccccc3)C(=O)N2[C@H]1C(=O)[O-].[Na+]",
    "CCC(=O)O",
    "CCCCCCCCCCCCCCCCCC(=O)[O-].[Na+]",
    "CCCCCCCCCCCCc1ccc(S(=O)(=O)O)cc1",
    "CCCC[C@H](N)C(=O)O",
    "COC(=O)NC1C(OC2C(CO)OC(OC3C(CO)OC(O)C(N)C3O)C(N)C2O)OC(CO)C(OC2OC(CO)C(OC3OC(CO)C(OC4OC(CO)C(OC5OC(CO)C(OC6OC(CO)C(OC7OC(CO)C(O)C(O)C7N)C(O)C6N)C(O)C5N)C(O)C4N)C(O)C3N)C(O)C2N)C1O",
    "Cc1cc(C)[nH]n1",
    "Cc1ccc(C(=O)O)c(O)c1"
  ]
}