{
  "alloy": "AZ31",
  "fold": 0,
  "setting": "far_unfilt",
  "model": "MLP",
  "r2": 0.2626480680364327,
  "mae": 77.2433851153124,
  "pearson_r": 0.5380873169372671,
  "pearson_p": 0.03853507847503645,
  "n_train": 4854,
  "n_test": 15,
  "n_features": 2096,
  "elapsed_s": 808.3,
  "y_test": [
    -60.0,
    -318.0,
    14.0,
    74.0,
    45.0,
    -50.0,
    -25.0,
    -35.0,
    40.0,
    -201.0,
    63.0,
    -327.0,
    30.0,
    -43.0,
    36.0
  ],
  "y_pred": [
    -0.0036159895826131105,
    -122.24296569824219,
    4.264301776885986,
    13.442944526672363,
    7.481129169464111,
    -80.23271179199219,
    16.271366119384766,
    -256.5504150390625,
    13.332984924316406,
    5.153295993804932,
    53.89485168457031,
    -163.12294006347656,
    -34.261009216308594,
    -20.943115234375,
    26.08917236328125
  ],
  "test_smiles": [
    "C/C(=C/C(=O)O)C(=O)O",
    "C1CNCCN1",
    "C1N2CN3CN1CN(C2)C3",
    "CC(=O)O",
    "CC(C)(C)c1ccc(C(=O)O)cc1",
    "CC(C)(CO)[C@@H](O)C(=O)NCCCO",
    "CC(O)C(=O)O",
    "CC1(C)S[C@@H]2[C@H](NC(=O)Cc3ccccc3)C(=O)N2[C@H]1C(=O)[O-].[Na+]",
    "CCC(=O)O",
    "CCCCCCCCCCCCCCCCCC(=O)[O-].[Na+]",
    "CCCCCCCCCCCCc1ccc(S(=O)(=O)O)cc1",
    "CCCC[C@H](N)C(=O)O",
    "COC(=O)NC1C(OC2C(CO)OC(OC3C(CO)OC(O)C(N)C3O)C(N)C2O)OC(CO)C(OC2OC(CO)C(OC3OC(CO)C(OC4OC(CO)C(OC5OC(CO)C(OC6OC(CO)C(OC7OC(CO)C(O)C(O)C7N)C(O)C6N)C(O)C5N)C(O)C4N)C(O)C3N)C(O)C2N)C1O",
    "Cc1cc(C)[nH]n1",
    "Cc1ccc(C(=O)O)c(O)c1"
  ]
}