{
  "alloy": "AZ31",
  "fold": 4,
  "setting": "close_unfilt",
  "model": "GBR",
  "r2": 0.6251398019393782,
  "mae": 46.00346622861592,
  "pearson_r": 0.8899914301098968,
  "pearson_p": 8.834224664267496e-06,
  "n_train": 899,
  "n_test": 15,
  "n_features": 2091,
  "elapsed_s": 126.0,
  "y_test": [
    86.0,
    58.0,
    36.0,
    36.0,
    54.0,
    37.0,
    62.0,
    77.0,
    34.0,
    78.0,
    -191.0,
    -36.0,
    -294.0,
    9.0,
    -7.0
  ],
  "y_pred": [
    43.41211530265523,
    26.260915929078855,
    29.225744679460377,
    11.455579377184812,
    44.70560531831725,
    33.36664849534941,
    32.013532121017505,
    -3.846880760353244,
    -25.698594334375766,
    5.063653522386508,
    -43.95283747458783,
    -21.04944235148636,
    -163.25855851826375,
    -16.13074684313291,
    -17.140404581164663
  ],
  "test_smiles": [
    "O=C(O)c1ccc2ccccc2n1",
    "O=C(O)c1ccccc1",
    "O=C(O)c1ccccc1C(=O)O",
    "O=C(O)c1ccccc1O",
    "O=C(O)c1ccccn1",
    "O=C(O)c1cccnc1",
    "O=C(O)c1cccnc1C(=O)O",
    "O=C1NC(=O)C([N+](=O)[O-])C(=O)N1",
    "O=C1O[C@H]([C@@H](O)CO)C(O)=C1O",
    "O=CO",
    "O=P(O)(O)OC1C(OP(=O)(O)O)C(OP(=O)(O)O)C(OP(=O)(O)O)C(OP(=O)(O)O)C1OP(=O)(O)O",
    "O=c1cc(CO)occ1O",
    "O=c1cc[nH]c(=O)[nH]1",
    "OCC(O)CO",
    "OC[C@H]1OC(O)[C@H](O)[C@@H](O)[C@@H]1O"
  ]
}