{
  "alloy": "AZ31",
  "fold": 4,
  "setting": "close_filt",
  "model": "MLP",
  "r2": -0.6682878478722218,
  "mae": 123.63939018249512,
  "pearson_r": 0.31265244864285324,
  "pearson_p": 0.2565495605832044,
  "n_train": 800,
  "n_test": 15,
  "n_features": 2091,
  "elapsed_s": 167.7,
  "y_test": [
    86.0,
    58.0,
    36.0,
    36.0,
    54.0,
    37.0,
    62.0,
    77.0,
    34.0,
    78.0,
    -191.0,
    -36.0,
    -294.0,
    9.0,
    -7.0
  ],
  "y_pred": [
    -12.993730545043945,
    -77.54473876953125,
    -58.012203216552734,
    -63.124778747558594,
    -44.8642578125,
    -44.1015625,
    -38.393890380859375,
    -164.5925750732422,
    -129.51071166992188,
    -112.61024475097656,
    -93.81968688964844,
    -173.10862731933594,
    -130.048583984375,
    -109.77874755859375,
    -40.823055267333984
  ],
  "test_smiles": [
    "O=C(O)c1ccc2ccccc2n1",
    "O=C(O)c1ccccc1",
    "O=C(O)c1ccccc1C(=O)O",
    "O=C(O)c1ccccc1O",
    "O=C(O)c1ccccn1",
    "O=C(O)c1cccnc1",
    "O=C(O)c1cccnc1C(=O)O",
    "O=C1NC(=O)C([N+](=O)[O-])C(=O)N1",
    "O=C1O[C@H]([C@@H](O)CO)C(O)=C1O",
    "O=CO",
    "O=P(O)(O)OC1C(OP(=O)(O)O)C(OP(=O)(O)O)C(OP(=O)(O)O)C(OP(=O)(O)O)C1OP(=O)(O)O",
    "O=c1cc(CO)occ1O",
    "O=c1cc[nH]c(=O)[nH]1",
    "OCC(O)CO",
    "OC[C@H]1OC(O)[C@H](O)[C@@H](O)[C@@H]1O"
  ]
}