{
  "alloy": "AZ31",
  "fold": 1,
  "setting": "far_filt",
  "model": "GBR",
  "r2": -0.3814606566585319,
  "mae": 158.35564662501076,
  "pearson_r": 0.3511784050202198,
  "pearson_p": 0.19932876766495164,
  "n_train": 4700,
  "n_test": 15,
  "n_features": 2096,
  "elapsed_s": 2134.6,
  "y_test": [
    59.0,
    78.0,
    43.0,
    -105.0,
    -183.0,
    -240.0,
    -397.0,
    -569.0,
    -155.0,
    -267.0,
    -69.0,
    50.0,
    -353.0,
    -139.0,
    -132.0
  ],
  "y_pred": [
    9.899384217993646,
    13.198416879423979,
    -33.47824944951823,
    -2.697137743030149,
    -45.45845029551847,
    -56.96570930932942,
    -124.3129753626648,
    -11.049295151848135,
    -50.29541123601062,
    -47.487315833953105,
    -6.664271728138187,
    -6.750448271049088,
    -4.658987160007805,
    -10.71455671832386,
    -120.49208670916386
  ],
  "test_smiles": [
    "Cc1ccc(O)c(C(=O)O)c1",
    "Cc1cccc(C(=O)O)c1O",
    "Cc1cccc(C(=O)O)c1[N+](=O)[O-]",
    "Cc1cccc(O)c1O",
    "Cc1occc(=O)c1O",
    "Cl.Cl.NCCc1cnc[nH]1",
    "NC(=O)C[C@H](N)C(=O)O",
    "NC(CO)(CO)CO",
    "NC(CS)C(=O)O",
    "NC(Cc1ccccc1)C(=O)O",
    "NC(N)=O",
    "NC(N)=S",
    "NCC(=O)O",
    "NCCNCCN",
    "N[C@@H](CC(=O)O)C(=O)O"
  ]
}