{
  "alloy": "AZ31",
  "fold": 3,
  "setting": "far_filt",
  "model": "MLP",
  "r2": -0.16789713489503444,
  "mae": 165.1594362894694,
  "pearson_r": 0.15927783866457,
  "pearson_p": 0.5707116250472438,
  "n_train": 4709,
  "n_test": 15,
  "n_features": 2096,
  "elapsed_s": 952.8,
  "y_test": [
    10.0,
    51.0,
    38.0,
    -315.0,
    -379.0,
    -311.0,
    61.0,
    74.0,
    19.0,
    26.0,
    -73.0,
    3.0,
    84.0,
    -696.0,
    -399.0
  ],
  "y_pred": [
    -52.88276290893555,
    -12.864916801452637,
    4.969223976135254,
    -90.96446990966797,
    -96.67557525634766,
    -77.00153350830078,
    -42.172569274902344,
    -87.11648559570312,
    11.262480735778809,
    37.044960021972656,
    40.42570877075195,
    5.604001045227051,
    30.131532669067383,
    19.393939971923828,
    9.891016006469727
  ],
  "test_smiles": [
    "O=C(O)CC(O)C(=O)O",
    "O=C(O)CCC(=O)O",
    "O=C(O)CCCCC(=O)O",
    "O=C(O)CN(CC(=O)O)CC(=O)O",
    "O=C(O)CN(CCN(CC(=O)O)CC(=O)O)CC(=O)O",
    "O=C(O)CN(CCO)CCO",
    "O=C(O)CO",
    "O=C(O)COCC(=O)O",
    "O=C(O)[C@H](O)[C@@H](O)[C@H](O)[C@H](O)CO",
    "O=C(O)[C@H](O)[C@@H](O)[C@H](O[C@@H]1O[C@H](CO)[C@H](O)[C@H](O)[C@H]1O)[C@H](O)CO",
    "O=C(O)c1cc(S(=O)(=O)O)ccc1O",
    "O=C(O)c1cc([N+](=O)[O-])cc([N+](=O)[O-])c1O",
    "O=C(O)c1ccc(C(=O)O)nc1",
    "O=C(O)c1ccc(O)c(O)c1",
    "O=C(O)c1ccc(O)cc1"
  ]
}