{
  "alloy": "AZ31",
  "fold": 0,
  "setting": "far_filt",
  "model": "ChemProp",
  "r2": -0.7605681925353616,
  "mae": 133.47904898325604,
  "pearson_r": 0.232628367485666,
  "pearson_p": 0.4040891157930029,
  "n_train": 4745,
  "n_test": 15,
  "n_features": 48,
  "elapsed_s": 623.4,
  "y_test": [
    -60.0,
    -318.0,
    14.0,
    74.0,
    45.0,
    -50.0,
    -25.0,
    -35.0,
    40.0,
    -201.0,
    63.0,
    -327.0,
    30.0,
    -43.0,
    36.0
  ],
  "y_pred": [
    21.44756317138672,
    -324.86822509765625,
    -328.4796447753906,
    22.73491668701172,
    -126.92826843261719,
    -101.02523803710938,
    11.39330768585205,
    -247.86831665039062,
    16.732776641845703,
    24.01227378845215,
    -14.545015335083008,
    -78.79761505126953,
    -96.90464782714844,
    -300.5769958496094,
    -53.401546478271484
  ],
  "test_smiles": [
    "C/C(=C/C(=O)O)C(=O)O",
    "C1CNCCN1",
    "C1N2CN3CN1CN(C2)C3",
    "CC(=O)O",
    "CC(C)(C)c1ccc(C(=O)O)cc1",
    "CC(C)(CO)[C@@H](O)C(=O)NCCCO",
    "CC(O)C(=O)O",
    "CC1(C)S[C@@H]2[C@H](NC(=O)Cc3ccccc3)C(=O)N2[C@H]1C(=O)[O-].[Na+]",
    "CCC(=O)O",
    "CCCCCCCCCCCCCCCCCC(=O)[O-].[Na+]",
    "CCCCCCCCCCCCc1ccc(S(=O)(=O)O)cc1",
    "CCCC[C@H](N)C(=O)O",
    "COC(=O)NC1C(OC2C(CO)OC(OC3C(CO)OC(O)C(N)C3O)C(N)C2O)OC(CO)C(OC2OC(CO)C(OC3OC(CO)C(OC4OC(CO)C(OC5OC(CO)C(OC6OC(CO)C(OC7OC(CO)C(O)C(O)C7N)C(O)C6N)C(O)C5N)C(O)C4N)C(O)C3N)C(O)C2N)C1O",
    "Cc1cc(C)[nH]n1",
    "Cc1ccc(C(=O)O)c(O)c1"
  ]
}