{
  "alloy": "AZ31",
  "fold": 4,
  "setting": "close_unfilt",
  "model": "RF",
  "r2": 0.4465300270027083,
  "mae": 48.97070484704185,
  "pearson_r": 0.7878562216185534,
  "pearson_p": 0.0004865114232389434,
  "n_train": 899,
  "n_test": 15,
  "n_features": 2091,
  "elapsed_s": 146.4,
  "y_test": [
    86.0,
    58.0,
    36.0,
    36.0,
    54.0,
    37.0,
    62.0,
    77.0,
    34.0,
    78.0,
    -191.0,
    -36.0,
    -294.0,
    9.0,
    -7.0
  ],
  "y_pred": [
    51.06960166666667,
    26.343890000000002,
    44.124865,
    14.238039999999996,
    54.36801500000001,
    41.11543333333334,
    54.59371999999999,
    -24.397859999999994,
    -15.449280000000002,
    16.224106666666668,
    -30.835633333333334,
    -0.6230933333333334,
    -90.17585999999996,
    -0.8946047619047619,
    -11.31445961038961
  ],
  "test_smiles": [
    "O=C(O)c1ccc2ccccc2n1",
    "O=C(O)c1ccccc1",
    "O=C(O)c1ccccc1C(=O)O",
    "O=C(O)c1ccccc1O",
    "O=C(O)c1ccccn1",
    "O=C(O)c1cccnc1",
    "O=C(O)c1cccnc1C(=O)O",
    "O=C1NC(=O)C([N+](=O)[O-])C(=O)N1",
    "O=C1O[C@H]([C@@H](O)CO)C(O)=C1O",
    "O=CO",
    "O=P(O)(O)OC1C(OP(=O)(O)O)C(OP(=O)(O)O)C(OP(=O)(O)O)C(OP(=O)(O)O)C1OP(=O)(O)O",
    "O=c1cc(CO)occ1O",
    "O=c1cc[nH]c(=O)[nH]1",
    "OCC(O)CO",
    "OC[C@H]1OC(O)[C@H](O)[C@@H](O)[C@@H]1O"
  ]
}