{
  "alloy": "AZ31",
  "fold": 2,
  "setting": "far_filt",
  "model": "RF",
  "r2": 0.3019511491889374,
  "mae": 113.95634511111112,
  "pearson_r": 0.567607916733028,
  "pearson_p": 0.027311112159265426,
  "n_train": 4736,
  "n_test": 15,
  "n_features": 2096,
  "elapsed_s": 1124.3,
  "y_test": [
    -229.0,
    56.0,
    83.0,
    58.0,
    -222.0,
    49.0,
    -614.0,
    21.0,
    -197.0,
    90.0,
    12.0,
    49.0,
    38.0,
    51.0,
    -66.0
  ],
  "y_pred": [
    -203.20038,
    -69.61652000000001,
    -65.31722000000002,
    -159.39851,
    -99.1329533333333,
    -28.655859999999993,
    -185.2039,
    -3.73014,
    -10.94868,
    34.710519999999995,
    39.632239999999996,
    -63.53446000000001,
    11.799100000000001,
    23.940539999999995,
    37.3963
  ],
  "test_smiles": [
    "N[C@@H](CCC(=O)O)C(=O)O",
    "Nc1ccc(C(=O)O)c(O)c1",
    "Nc1ccc(O)c(C(=O)O)c1",
    "Nc1nc2ncc(CNc3ccc(C(=O)NC(CCC(=O)O)C(=O)O)cc3)nc2c(=O)[nH]1",
    "Nc1ncn[nH]1",
    "O.O.O=C([O-])[C@H](O)CO.O=C([O-])[C@H](O)CO.[Ca+2]",
    "O.O=C(O)CN(CC(=O)O)[C@@H]1CCCC[C@H]1N(CC(=O)O)CC(=O)O",
    "O=C(CC(=O)C(F)(F)F)c1cccs1",
    "O=C(NO)c1ccccc1O",
    "O=C(O)/C=C/C(=O)O",
    "O=C(O)/C=C\\C(=O)O",
    "O=C(O)C(O)C(O)C(=O)O",
    "O=C(O)C(O)c1ccccc1",
    "O=C(O)C1(O)C[C@@H](O)C(O)[C@H](O)C1",
    "O=C(O)CC(O)(C(=O)O)C(=O)O"
  ]
}