{
  "alloy": "AZ31",
  "fold": 3,
  "setting": "close_filt",
  "model": "ChemProp",
  "r2": 0.11122245219002991,
  "mae": 128.4602966785431,
  "pearson_r": 0.3900638457839406,
  "pearson_p": 0.15062430900239332,
  "n_train": 789,
  "n_test": 15,
  "n_features": 43,
  "elapsed_s": 91.7,
  "y_test": [
    10.0,
    51.0,
    38.0,
    -315.0,
    -379.0,
    -311.0,
    61.0,
    74.0,
    19.0,
    26.0,
    -73.0,
    3.0,
    84.0,
    -696.0,
    -399.0
  ],
  "y_pred": [
    -74.65901184082031,
    -36.41728591918945,
    -41.13663864135742,
    -233.14735412597656,
    -275.47967529296875,
    -273.98284912109375,
    -19.48359489440918,
    -65.67659759521484,
    -7.836837291717529,
    -3.671874761581421,
    -90.3309326171875,
    2.2297780513763428,
    9.90066146850586,
    -7.259393692016602,
    -3.3086116313934326
  ],
  "test_smiles": [
    "O=C(O)CC(O)C(=O)O",
    "O=C(O)CCC(=O)O",
    "O=C(O)CCCCC(=O)O",
    "O=C(O)CN(CC(=O)O)CC(=O)O",
    "O=C(O)CN(CCN(CC(=O)O)CC(=O)O)CC(=O)O",
    "O=C(O)CN(CCO)CCO",
    "O=C(O)CO",
    "O=C(O)COCC(=O)O",
    "O=C(O)[C@H](O)[C@@H](O)[C@H](O)[C@H](O)CO",
    "O=C(O)[C@H](O)[C@@H](O)[C@H](O[C@@H]1O[C@H](CO)[C@H](O)[C@H](O)[C@H]1O)[C@H](O)CO",
    "O=C(O)c1cc(S(=O)(=O)O)ccc1O",
    "O=C(O)c1cc([N+](=O)[O-])cc([N+](=O)[O-])c1O",
    "O=C(O)c1ccc(C(=O)O)nc1",
    "O=C(O)c1ccc(O)c(O)c1",
    "O=C(O)c1ccc(O)cc1"
  ]
}