{
  "alloy": "AZ31",
  "fold": 1,
  "setting": "close_filt",
  "model": "ChemProp",
  "r2": -0.24360532363560505,
  "mae": 138.018301709493,
  "pearson_r": 0.3805834949496452,
  "pearson_p": 0.16167761164306343,
  "n_train": 795,
  "n_test": 15,
  "n_features": 43,
  "elapsed_s": 87.8,
  "y_test": [
    59.0,
    78.0,
    43.0,
    -105.0,
    -183.0,
    -240.0,
    -397.0,
    -569.0,
    -155.0,
    -267.0,
    -69.0,
    50.0,
    -353.0,
    -139.0,
    -132.0
  ],
  "y_pred": [
    -13.49240779876709,
    -7.715461730957031,
    27.283727645874023,
    -76.38130950927734,
    -17.243085861206055,
    -75.2424087524414,
    -121.25887298583984,
    -45.034156799316406,
    -168.0513458251953,
    -32.18826675415039,
    38.880409240722656,
    37.906837463378906,
    -18.27422523498535,
    -131.83155822753906,
    -104.22064971923828
  ],
  "test_smiles": [
    "Cc1ccc(O)c(C(=O)O)c1",
    "Cc1cccc(C(=O)O)c1O",
    "Cc1cccc(C(=O)O)c1[N+](=O)[O-]",
    "Cc1cccc(O)c1O",
    "Cc1occc(=O)c1O",
    "Cl.Cl.NCCc1cnc[nH]1",
    "NC(=O)C[C@H](N)C(=O)O",
    "NC(CO)(CO)CO",
    "NC(CS)C(=O)O",
    "NC(Cc1ccccc1)C(=O)O",
    "NC(N)=O",
    "NC(N)=S",
    "NCC(=O)O",
    "NCCNCCN",
    "N[C@@H](CC(=O)O)C(=O)O"
  ]
}