{
  "alloy": "AZ31",
  "fold": 2,
  "setting": "close_filt",
  "model": "kNN_Tan",
  "r2": 0.7128029579020677,
  "mae": 76.54647652196739,
  "pearson_r": 0.8457284156678212,
  "pearson_p": 7.118939339845125e-05,
  "n_train": 812,
  "n_test": 15,
  "n_features": 2091,
  "elapsed_s": 0.0,
  "y_test": [
    -229.0,
    56.0,
    83.0,
    58.0,
    -222.0,
    49.0,
    -614.0,
    21.0,
    -197.0,
    90.0,
    12.0,
    49.0,
    38.0,
    51.0,
    -66.0
  ],
  "y_pred": [
    -50.331396361683346,
    1.5920000726590815,
    69.23200315975723,
    55.45457793725249,
    -387.7439922191812,
    8.119999854803092,
    -524.8239769057625,
    -122.35187702138397,
    -19.0,
    6.072000099363329,
    4.9360000807736135,
    16.751999560661314,
    35.112000551417374,
    -2.11123379530712,
    36.41599937777206
  ],
  "test_smiles": [
    "N[C@@H](CCC(=O)O)C(=O)O",
    "Nc1ccc(C(=O)O)c(O)c1",
    "Nc1ccc(O)c(C(=O)O)c1",
    "Nc1nc2ncc(CNc3ccc(C(=O)NC(CCC(=O)O)C(=O)O)cc3)nc2c(=O)[nH]1",
    "Nc1ncn[nH]1",
    "O.O.O=C([O-])[C@H](O)CO.O=C([O-])[C@H](O)CO.[Ca+2]",
    "O.O=C(O)CN(CC(=O)O)[C@@H]1CCCC[C@H]1N(CC(=O)O)CC(=O)O",
    "O=C(CC(=O)C(F)(F)F)c1cccs1",
    "O=C(NO)c1ccccc1O",
    "O=C(O)/C=C/C(=O)O",
    "O=C(O)/C=C\\C(=O)O",
    "O=C(O)C(O)C(O)C(=O)O",
    "O=C(O)C(O)c1ccccc1",
    "O=C(O)C1(O)C[C@@H](O)C(O)[C@H](O)C1",
    "O=C(O)CC(O)(C(=O)O)C(=O)O"
  ]
}