{
  "alloy": "AZ31",
  "fold": 0,
  "setting": "close_filt",
  "model": "RF",
  "r2": -0.13873964376446413,
  "mae": 100.21884600000001,
  "pearson_r": 0.2938910023153515,
  "pearson_p": 0.2876931624815656,
  "n_train": 815,
  "n_test": 15,
  "n_features": 2091,
  "elapsed_s": 127.4,
  "y_test": [
    -60.0,
    -318.0,
    14.0,
    74.0,
    45.0,
    -50.0,
    -25.0,
    -35.0,
    40.0,
    -201.0,
    63.0,
    -327.0,
    30.0,
    -43.0,
    36.0
  ],
  "y_pred": [
    44.7527,
    -15.487133333333334,
    0.21956666666666658,
    46.81196,
    8.061633333333335,
    5.60796,
    41.186859999999996,
    3.4333600000000013,
    48.92961999999999,
    28.899920000000005,
    -26.603000000000005,
    -163.07438333333337,
    -95.44101333333334,
    -268.0805333333334,
    51.00240000000001
  ],
  "test_smiles": [
    "C/C(=C/C(=O)O)C(=O)O",
    "C1CNCCN1",
    "C1N2CN3CN1CN(C2)C3",
    "CC(=O)O",
    "CC(C)(C)c1ccc(C(=O)O)cc1",
    "CC(C)(CO)[C@@H](O)C(=O)NCCCO",
    "CC(O)C(=O)O",
    "CC1(C)S[C@@H]2[C@H](NC(=O)Cc3ccccc3)C(=O)N2[C@H]1C(=O)[O-].[Na+]",
    "CCC(=O)O",
    "CCCCCCCCCCCCCCCCCC(=O)[O-].[Na+]",
    "CCCCCCCCCCCCc1ccc(S(=O)(=O)O)cc1",
    "CCCC[C@H](N)C(=O)O",
    "COC(=O)NC1C(OC2C(CO)OC(OC3C(CO)OC(O)C(N)C3O)C(N)C2O)OC(CO)C(OC2OC(CO)C(OC3OC(CO)C(OC4OC(CO)C(OC5OC(CO)C(OC6OC(CO)C(OC7OC(CO)C(O)C(O)C7N)C(O)C6N)C(O)C5N)C(O)C4N)C(O)C3N)C(O)C2N)C1O",
    "Cc1cc(C)[nH]n1",
    "Cc1ccc(C(=O)O)c(O)c1"
  ]
}