{
  "alloy": "AZ31",
  "fold": 4,
  "setting": "close_filt",
  "model": "GBR",
  "r2": 0.06594756734650942,
  "mae": 72.04271555378836,
  "pearson_r": 0.3187854724359437,
  "pearson_p": 0.24683485288610937,
  "n_train": 800,
  "n_test": 15,
  "n_features": 2091,
  "elapsed_s": 94.2,
  "y_test": [
    86.0,
    58.0,
    36.0,
    36.0,
    54.0,
    37.0,
    62.0,
    77.0,
    34.0,
    78.0,
    -191.0,
    -36.0,
    -294.0,
    9.0,
    -7.0
  ],
  "y_pred": [
    -87.68735794132695,
    15.862427622363022,
    24.256043877732022,
    10.56744302329885,
    45.200513920912066,
    29.216092336503138,
    24.96387590642764,
    -57.92616793193049,
    -33.62312582737318,
    -16.826516735209445,
    -45.43337114116507,
    -23.134140039481316,
    -53.30319559360245,
    -37.219522586065914,
    -38.295145746404785
  ],
  "test_smiles": [
    "O=C(O)c1ccc2ccccc2n1",
    "O=C(O)c1ccccc1",
    "O=C(O)c1ccccc1C(=O)O",
    "O=C(O)c1ccccc1O",
    "O=C(O)c1ccccn1",
    "O=C(O)c1cccnc1",
    "O=C(O)c1cccnc1C(=O)O",
    "O=C1NC(=O)C([N+](=O)[O-])C(=O)N1",
    "O=C1O[C@H]([C@@H](O)CO)C(O)=C1O",
    "O=CO",
    "O=P(O)(O)OC1C(OP(=O)(O)O)C(OP(=O)(O)O)C(OP(=O)(O)O)C(OP(=O)(O)O)C1OP(=O)(O)O",
    "O=c1cc(CO)occ1O",
    "O=c1cc[nH]c(=O)[nH]1",
    "OCC(O)CO",
    "OC[C@H]1OC(O)[C@H](O)[C@@H](O)[C@@H]1O"
  ]
}