{
  "alloy": "AZ31",
  "fold": 0,
  "setting": "close_unfilt",
  "model": "RF",
  "r2": 0.3023895565764425,
  "mae": 72.77707622222222,
  "pearson_r": 0.6186545913883489,
  "pearson_p": 0.013944788431568178,
  "n_train": 899,
  "n_test": 15,
  "n_features": 2091,
  "elapsed_s": 146.4,
  "y_test": [
    -60.0,
    -318.0,
    14.0,
    74.0,
    45.0,
    -50.0,
    -25.0,
    -35.0,
    40.0,
    -201.0,
    63.0,
    -327.0,
    30.0,
    -43.0,
    36.0
  ],
  "y_pred": [
    27.255520000000004,
    -69.56962,
    -21.137986666666666,
    42.61053999999999,
    9.744243333333332,
    -49.65115999999999,
    38.46174,
    -64.64817999999998,
    38.167280000000005,
    10.109299999999996,
    20.29286,
    -169.06629999999998,
    -92.24918,
    -56.58162,
    47.31462
  ],
  "test_smiles": [
    "C/C(=C/C(=O)O)C(=O)O",
    "C1CNCCN1",
    "C1N2CN3CN1CN(C2)C3",
    "CC(=O)O",
    "CC(C)(C)c1ccc(C(=O)O)cc1",
    "CC(C)(CO)[C@@H](O)C(=O)NCCCO",
    "CC(O)C(=O)O",
    "CC1(C)S[C@@H]2[C@H](NC(=O)Cc3ccccc3)C(=O)N2[C@H]1C(=O)[O-].[Na+]",
    "CCC(=O)O",
    "CCCCCCCCCCCCCCCCCC(=O)[O-].[Na+]",
    "CCCCCCCCCCCCc1ccc(S(=O)(=O)O)cc1",
    "CCCC[C@H](N)C(=O)O",
    "COC(=O)NC1C(OC2C(CO)OC(OC3C(CO)OC(O)C(N)C3O)C(N)C2O)OC(CO)C(OC2OC(CO)C(OC3OC(CO)C(OC4OC(CO)C(OC5OC(CO)C(OC6OC(CO)C(OC7OC(CO)C(O)C(O)C7N)C(O)C6N)C(O)C5N)C(O)C4N)C(O)C3N)C(O)C2N)C1O",
    "Cc1cc(C)[nH]n1",
    "Cc1ccc(C(=O)O)c(O)c1"
  ]
}