{
  "alloy": "AZ31",
  "fold": 4,
  "setting": "close_filt",
  "model": "kNN_Tan",
  "r2": -5.869799915436009,
  "mae": 158.37006275410747,
  "pearson_r": -0.23768653097756864,
  "pearson_p": 0.39364967083263774,
  "n_train": 800,
  "n_test": 15,
  "n_features": 2091,
  "elapsed_s": 0.0,
  "y_test": [
    86.0,
    58.0,
    36.0,
    36.0,
    54.0,
    37.0,
    62.0,
    77.0,
    34.0,
    78.0,
    -191.0,
    -36.0,
    -294.0,
    9.0,
    -7.0
  ],
  "y_pred": [
    78.86400288548253,
    -493.9200110942041,
    60.77599840608596,
    -209.03199999999998,
    78.1840037902388,
    36.24841965291133,
    71.53587387348458,
    -645.2479740595434,
    34.46399860313413,
    49.76000000000001,
    77.12799835953007,
    -172.54399676948114,
    40.99200080900829,
    27.74767049531274,
    -9.851837589982596
  ],
  "test_smiles": [
    "O=C(O)c1ccc2ccccc2n1",
    "O=C(O)c1ccccc1",
    "O=C(O)c1ccccc1C(=O)O",
    "O=C(O)c1ccccc1O",
    "O=C(O)c1ccccn1",
    "O=C(O)c1cccnc1",
    "O=C(O)c1cccnc1C(=O)O",
    "O=C1NC(=O)C([N+](=O)[O-])C(=O)N1",
    "O=C1O[C@H]([C@@H](O)CO)C(O)=C1O",
    "O=CO",
    "O=P(O)(O)OC1C(OP(=O)(O)O)C(OP(=O)(O)O)C(OP(=O)(O)O)C(OP(=O)(O)O)C1OP(=O)(O)O",
    "O=c1cc(CO)occ1O",
    "O=c1cc[nH]c(=O)[nH]1",
    "OCC(O)CO",
    "OC[C@H]1OC(O)[C@H](O)[C@@H](O)[C@@H]1O"
  ]
}