{
  "alloy": "AZ31",
  "fold": 4,
  "setting": "far_unfilt",
  "model": "RF",
  "r2": 0.44379799363745587,
  "mae": 49.729596984126985,
  "pearson_r": 0.7754186326330602,
  "pearson_p": 0.0006820935049556058,
  "n_train": 4854,
  "n_test": 15,
  "n_features": 2096,
  "elapsed_s": 1527.4,
  "y_test": [
    86.0,
    58.0,
    36.0,
    36.0,
    54.0,
    37.0,
    62.0,
    77.0,
    34.0,
    78.0,
    -191.0,
    -36.0,
    -294.0,
    9.0,
    -7.0
  ],
  "y_pred": [
    51.55947666666667,
    25.081900000000005,
    44.27017999999999,
    12.949879999999999,
    54.75800666666668,
    39.21094,
    53.98608666666667,
    -27.638939999999998,
    -19.9896,
    14.654979999999998,
    -33.19034,
    -2.165880000000001,
    -90.75679999999998,
    -3.43802,
    -13.983611428571432
  ],
  "test_smiles": [
    "O=C(O)c1ccc2ccccc2n1",
    "O=C(O)c1ccccc1",
    "O=C(O)c1ccccc1C(=O)O",
    "O=C(O)c1ccccc1O",
    "O=C(O)c1ccccn1",
    "O=C(O)c1cccnc1",
    "O=C(O)c1cccnc1C(=O)O",
    "O=C1NC(=O)C([N+](=O)[O-])C(=O)N1",
    "O=C1O[C@H]([C@@H](O)CO)C(O)=C1O",
    "O=CO",
    "O=P(O)(O)OC1C(OP(=O)(O)O)C(OP(=O)(O)O)C(OP(=O)(O)O)C(OP(=O)(O)O)C1OP(=O)(O)O",
    "O=c1cc(CO)occ1O",
    "O=c1cc[nH]c(=O)[nH]1",
    "OCC(O)CO",
    "OC[C@H]1OC(O)[C@H](O)[C@@H](O)[C@@H]1O"
  ]
}