{
  "alloy": "AZ31",
  "fold": 4,
  "setting": "far_filt",
  "model": "kNN_Tan",
  "r2": -1.7762467460035216,
  "mae": 94.60780280268222,
  "pearson_r": -0.11352980841281701,
  "pearson_p": 0.6870511288005379,
  "n_train": 4720,
  "n_test": 15,
  "n_features": 2096,
  "elapsed_s": 0.1,
  "y_test": [
    86.0,
    58.0,
    36.0,
    36.0,
    54.0,
    37.0,
    62.0,
    77.0,
    34.0,
    78.0,
    -191.0,
    -36.0,
    -294.0,
    9.0,
    -7.0
  ],
  "y_pred": [
    78.86400288548253,
    -28.028629453407344,
    42.40319919122308,
    19.12000085093186,
    15.257896174383426,
    9.520832280185486,
    43.05384853548463,
    -441.4778640479241,
    25.671998959484075,
    47.087999999999994,
    13.511779924321566,
    -163.5279969382866,
    26.546933070443334,
    15.807613038198458,
    -7.389606062380503
  ],
  "test_smiles": [
    "O=C(O)c1ccc2ccccc2n1",
    "O=C(O)c1ccccc1",
    "O=C(O)c1ccccc1C(=O)O",
    "O=C(O)c1ccccc1O",
    "O=C(O)c1ccccn1",
    "O=C(O)c1cccnc1",
    "O=C(O)c1cccnc1C(=O)O",
    "O=C1NC(=O)C([N+](=O)[O-])C(=O)N1",
    "O=C1O[C@H]([C@@H](O)CO)C(O)=C1O",
    "O=CO",
    "O=P(O)(O)OC1C(OP(=O)(O)O)C(OP(=O)(O)O)C(OP(=O)(O)O)C(OP(=O)(O)O)C1OP(=O)(O)O",
    "O=c1cc(CO)occ1O",
    "O=c1cc[nH]c(=O)[nH]1",
    "OCC(O)CO",
    "OC[C@H]1OC(O)[C@H](O)[C@@H](O)[C@@H]1O"
  ]
}