{
  "alloy": "AZ31",
  "fold": 3,
  "setting": "far_filt",
  "model": "RF",
  "r2": -0.42300794840114175,
  "mae": 171.76831717460314,
  "pearson_r": -0.020659303670825337,
  "pearson_p": 0.9417435500973045,
  "n_train": 4709,
  "n_test": 15,
  "n_features": 2096,
  "elapsed_s": 1248.4,
  "y_test": [
    10.0,
    51.0,
    38.0,
    -315.0,
    -379.0,
    -311.0,
    61.0,
    74.0,
    19.0,
    26.0,
    -73.0,
    3.0,
    84.0,
    -696.0,
    -399.0
  ],
  "y_pred": [
    29.51538,
    24.30624,
    11.230439999999998,
    -8.0793,
    -11.039713333333331,
    -12.607079999999996,
    26.51367333333333,
    24.613133333333334,
    21.174736666666668,
    1.1951399999999999,
    63.42786,
    44.81199999999999,
    56.268530952380964,
    61.37354095238094,
    57.07449095238095
  ],
  "test_smiles": [
    "O=C(O)CC(O)C(=O)O",
    "O=C(O)CCC(=O)O",
    "O=C(O)CCCCC(=O)O",
    "O=C(O)CN(CC(=O)O)CC(=O)O",
    "O=C(O)CN(CCN(CC(=O)O)CC(=O)O)CC(=O)O",
    "O=C(O)CN(CCO)CCO",
    "O=C(O)CO",
    "O=C(O)COCC(=O)O",
    "O=C(O)[C@H](O)[C@@H](O)[C@H](O)[C@H](O)CO",
    "O=C(O)[C@H](O)[C@@H](O)[C@H](O[C@@H]1O[C@H](CO)[C@H](O)[C@H](O)[C@H]1O)[C@H](O)CO",
    "O=C(O)c1cc(S(=O)(=O)O)ccc1O",
    "O=C(O)c1cc([N+](=O)[O-])cc([N+](=O)[O-])c1O",
    "O=C(O)c1ccc(C(=O)O)nc1",
    "O=C(O)c1ccc(O)c(O)c1",
    "O=C(O)c1ccc(O)cc1"
  ]
}