{
  "alloy": "AZ31",
  "fold": 1,
  "setting": "close_unfilt",
  "model": "RF",
  "r2": 0.11679401082760255,
  "mae": 131.49501466666663,
  "pearson_r": 0.8451742708643284,
  "pearson_p": 7.276562151717533e-05,
  "n_train": 899,
  "n_test": 15,
  "n_features": 2091,
  "elapsed_s": 148.3,
  "y_test": [
    59.0,
    78.0,
    43.0,
    -105.0,
    -183.0,
    -240.0,
    -397.0,
    -569.0,
    -155.0,
    -267.0,
    -69.0,
    50.0,
    -353.0,
    -139.0,
    -132.0
  ],
  "y_pred": [
    46.87100000000001,
    55.082860000000004,
    17.4044,
    -3.0836000000000006,
    -5.3627,
    -85.55985999999999,
    -72.75422000000002,
    -212.50570000000005,
    -55.03512,
    -49.402739999999994,
    -23.401479999999992,
    -53.23914,
    -129.88397999999998,
    -97.33588,
    -66.13038000000002
  ],
  "test_smiles": [
    "Cc1ccc(O)c(C(=O)O)c1",
    "Cc1cccc(C(=O)O)c1O",
    "Cc1cccc(C(=O)O)c1[N+](=O)[O-]",
    "Cc1cccc(O)c1O",
    "Cc1occc(=O)c1O",
    "Cl.Cl.NCCc1cnc[nH]1",
    "NC(=O)C[C@H](N)C(=O)O",
    "NC(CO)(CO)CO",
    "NC(CS)C(=O)O",
    "NC(Cc1ccccc1)C(=O)O",
    "NC(N)=O",
    "NC(N)=S",
    "NCC(=O)O",
    "NCCNCCN",
    "N[C@@H](CC(=O)O)C(=O)O"
  ]
}