{
  "alloy": "AZ31",
  "fold": 1,
  "setting": "far_unfilt",
  "model": "MLP",
  "r2": 0.2806181033221776,
  "mae": 104.78377694288889,
  "pearson_r": 0.6337439218929849,
  "pearson_p": 0.011186925054917432,
  "n_train": 4854,
  "n_test": 15,
  "n_features": 2096,
  "elapsed_s": 780.6,
  "y_test": [
    59.0,
    78.0,
    43.0,
    -105.0,
    -183.0,
    -240.0,
    -397.0,
    -569.0,
    -155.0,
    -267.0,
    -69.0,
    50.0,
    -353.0,
    -139.0,
    -132.0
  ],
  "y_pred": [
    49.286521911621094,
    58.54521560668945,
    -47.153934478759766,
    -96.1853256225586,
    -99.7747573852539,
    -106.59675598144531,
    -35.198368072509766,
    -515.4300537109375,
    -158.3424835205078,
    -78.32482147216797,
    -1.6443356275558472,
    3.8551251888275146,
    -216.5723419189453,
    -481.9606628417969,
    -105.28680419921875
  ],
  "test_smiles": [
    "Cc1ccc(O)c(C(=O)O)c1",
    "Cc1cccc(C(=O)O)c1O",
    "Cc1cccc(C(=O)O)c1[N+](=O)[O-]",
    "Cc1cccc(O)c1O",
    "Cc1occc(=O)c1O",
    "Cl.Cl.NCCc1cnc[nH]1",
    "NC(=O)C[C@H](N)C(=O)O",
    "NC(CO)(CO)CO",
    "NC(CS)C(=O)O",
    "NC(Cc1ccccc1)C(=O)O",
    "NC(N)=O",
    "NC(N)=S",
    "NCC(=O)O",
    "NCCNCCN",
    "N[C@@H](CC(=O)O)C(=O)O"
  ]
}