{
  "alloy": "AZ31",
  "fold": 1,
  "setting": "far_unfilt",
  "model": "ChemProp",
  "r2": 0.27109179759224833,
  "mae": 133.63390440940856,
  "pearson_r": 0.5773034375711256,
  "pearson_p": 0.02422926526071636,
  "n_train": 4854,
  "n_test": 15,
  "n_features": 48,
  "elapsed_s": 625.1,
  "y_test": [
    59.0,
    78.0,
    43.0,
    -105.0,
    -183.0,
    -240.0,
    -397.0,
    -569.0,
    -155.0,
    -267.0,
    -69.0,
    50.0,
    -353.0,
    -139.0,
    -132.0
  ],
  "y_pred": [
    -22.163908004760742,
    -18.91278648376465,
    -3.3506968021392822,
    -48.40440368652344,
    -31.277347564697266,
    -61.27800369262695,
    -227.60772705078125,
    -301.27374267578125,
    -329.3087463378906,
    -111.87218475341797,
    12.39041519165039,
    16.004674911499023,
    -141.61366271972656,
    -394.9040222167969,
    -175.8097381591797
  ],
  "test_smiles": [
    "Cc1ccc(O)c(C(=O)O)c1",
    "Cc1cccc(C(=O)O)c1O",
    "Cc1cccc(C(=O)O)c1[N+](=O)[O-]",
    "Cc1cccc(O)c1O",
    "Cc1occc(=O)c1O",
    "Cl.Cl.NCCc1cnc[nH]1",
    "NC(=O)C[C@H](N)C(=O)O",
    "NC(CO)(CO)CO",
    "NC(CS)C(=O)O",
    "NC(Cc1ccccc1)C(=O)O",
    "NC(N)=O",
    "NC(N)=S",
    "NCC(=O)O",
    "NCCNCCN",
    "N[C@@H](CC(=O)O)C(=O)O"
  ]
}