{
  "alloy": "AZ31",
  "fold": 4,
  "setting": "exact",
  "model": "kNN_Tan",
  "r2": -0.5697973724216194,
  "mae": 103.94354892104597,
  "pearson_r": 0.25409721852087586,
  "pearson_p": 0.36078738856341597,
  "n_train": 60,
  "n_test": 15,
  "n_features": 2051,
  "elapsed_s": 0.0,
  "y_test": [
    86.0,
    58.0,
    36.0,
    36.0,
    54.0,
    37.0,
    62.0,
    77.0,
    34.0,
    78.0,
    -191.0,
    -36.0,
    -294.0,
    9.0,
    -7.0
  ],
  "y_pred": [
    -86.50901905658856,
    -200.22408899620038,
    7.4079407753045405,
    3.7347762755010363,
    -23.625765163103896,
    -175.21275352292867,
    64.44096901841903,
    -1.7770816369505982,
    -8.82527939063835,
    10.676270672399337,
    11.005278438046128,
    -190.11980197144786,
    -161.148469762803,
    -23.233340210857524,
    -72.1473138965166
  ],
  "test_smiles": [
    "O=C(O)c1ccc2ccccc2n1",
    "O=C(O)c1ccccc1",
    "O=C(O)c1ccccc1C(=O)O",
    "O=C(O)c1ccccc1O",
    "O=C(O)c1ccccn1",
    "O=C(O)c1cccnc1",
    "O=C(O)c1cccnc1C(=O)O",
    "O=C1NC(=O)C([N+](=O)[O-])C(=O)N1",
    "O=C1O[C@H]([C@@H](O)CO)C(O)=C1O",
    "O=CO",
    "O=P(O)(O)OC1C(OP(=O)(O)O)C(OP(=O)(O)O)C(OP(=O)(O)O)C(OP(=O)(O)O)C1OP(=O)(O)O",
    "O=c1cc(CO)occ1O",
    "O=c1cc[nH]c(=O)[nH]1",
    "OCC(O)CO",
    "OC[C@H]1OC(O)[C@H](O)[C@@H](O)[C@@H]1O"
  ]
}