{
  "alloy": "AZ31",
  "fold": 4,
  "setting": "far_unfilt",
  "model": "ChemProp",
  "r2": 0.15926072651493606,
  "mae": 78.91436664263408,
  "pearson_r": 0.5512313853890627,
  "pearson_p": 0.033178778943261496,
  "n_train": 4854,
  "n_test": 15,
  "n_features": 48,
  "elapsed_s": 617.5,
  "y_test": [
    86.0,
    58.0,
    36.0,
    36.0,
    54.0,
    37.0,
    62.0,
    77.0,
    34.0,
    78.0,
    -191.0,
    -36.0,
    -294.0,
    9.0,
    -7.0
  ],
  "y_pred": [
    -9.712274551391602,
    -8.450952529907227,
    -9.243867874145508,
    -31.52419090270996,
    -28.734477996826172,
    -28.454309463500977,
    -11.75842571258545,
    -125.3983154296875,
    -25.110506057739258,
    18.09527015686035,
    -53.59484100341797,
    -69.43158721923828,
    -125.3341064453125,
    -2.5344436168670654,
    7.38636589050293
  ],
  "test_smiles": [
    "O=C(O)c1ccc2ccccc2n1",
    "O=C(O)c1ccccc1",
    "O=C(O)c1ccccc1C(=O)O",
    "O=C(O)c1ccccc1O",
    "O=C(O)c1ccccn1",
    "O=C(O)c1cccnc1",
    "O=C(O)c1cccnc1C(=O)O",
    "O=C1NC(=O)C([N+](=O)[O-])C(=O)N1",
    "O=C1O[C@H]([C@@H](O)CO)C(O)=C1O",
    "O=CO",
    "O=P(O)(O)OC1C(OP(=O)(O)O)C(OP(=O)(O)O)C(OP(=O)(O)O)C(OP(=O)(O)O)C1OP(=O)(O)O",
    "O=c1cc(CO)occ1O",
    "O=c1cc[nH]c(=O)[nH]1",
    "OCC(O)CO",
    "OC[C@H]1OC(O)[C@H](O)[C@@H](O)[C@@H]1O"
  ]
}