{
  "alloy": "AZ31",
  "fold": 4,
  "setting": "exact",
  "model": "MLP",
  "r2": -0.9330746514303951,
  "mae": 137.318839263916,
  "pearson_r": 0.18357735447771203,
  "pearson_p": 0.5125240624559548,
  "n_train": 60,
  "n_test": 15,
  "n_features": 2051,
  "elapsed_s": 12.8,
  "y_test": [
    86.0,
    58.0,
    36.0,
    36.0,
    54.0,
    37.0,
    62.0,
    77.0,
    34.0,
    78.0,
    -191.0,
    -36.0,
    -294.0,
    9.0,
    -7.0
  ],
  "y_pred": [
    -68.60913848876953,
    -155.46844482421875,
    -82.08477783203125,
    -84.32107543945312,
    -43.7797966003418,
    -121.43982696533203,
    -77.85052490234375,
    -104.95484161376953,
    -116.65692138671875,
    -98.26986694335938,
    -105.22000122070312,
    -123.05915069580078,
    -107.19437408447266,
    -101.45765686035156,
    -85.24494171142578
  ],
  "test_smiles": [
    "O=C(O)c1ccc2ccccc2n1",
    "O=C(O)c1ccccc1",
    "O=C(O)c1ccccc1C(=O)O",
    "O=C(O)c1ccccc1O",
    "O=C(O)c1ccccn1",
    "O=C(O)c1cccnc1",
    "O=C(O)c1cccnc1C(=O)O",
    "O=C1NC(=O)C([N+](=O)[O-])C(=O)N1",
    "O=C1O[C@H]([C@@H](O)CO)C(O)=C1O",
    "O=CO",
    "O=P(O)(O)OC1C(OP(=O)(O)O)C(OP(=O)(O)O)C(OP(=O)(O)O)C(OP(=O)(O)O)C1OP(=O)(O)O",
    "O=c1cc(CO)occ1O",
    "O=c1cc[nH]c(=O)[nH]1",
    "OCC(O)CO",
    "OC[C@H]1OC(O)[C@H](O)[C@@H](O)[C@@H]1O"
  ]
}