{
  "alloy": "AZ31",
  "fold": 1,
  "setting": "far_filt",
  "model": "MLP",
  "r2": -0.5342828893770439,
  "mae": 172.16687966982525,
  "pearson_r": 0.3429640896632899,
  "pearson_p": 0.21077211300721233,
  "n_train": 4700,
  "n_test": 15,
  "n_features": 2096,
  "elapsed_s": 959.6,
  "y_test": [
    59.0,
    78.0,
    43.0,
    -105.0,
    -183.0,
    -240.0,
    -397.0,
    -569.0,
    -155.0,
    -267.0,
    -69.0,
    50.0,
    -353.0,
    -139.0,
    -132.0
  ],
  "y_pred": [
    10.537747383117676,
    13.570011138916016,
    3.265449285507202,
    -17.581396102905273,
    -21.652996063232422,
    17.350908279418945,
    -53.9138298034668,
    -37.50454330444336,
    -21.752832412719727,
    15.182110786437988,
    -28.676111221313477,
    -34.583091735839844,
    -29.189735412597656,
    -81.64335632324219,
    -4.324907302856445
  ],
  "test_smiles": [
    "Cc1ccc(O)c(C(=O)O)c1",
    "Cc1cccc(C(=O)O)c1O",
    "Cc1cccc(C(=O)O)c1[N+](=O)[O-]",
    "Cc1cccc(O)c1O",
    "Cc1occc(=O)c1O",
    "Cl.Cl.NCCc1cnc[nH]1",
    "NC(=O)C[C@H](N)C(=O)O",
    "NC(CO)(CO)CO",
    "NC(CS)C(=O)O",
    "NC(Cc1ccccc1)C(=O)O",
    "NC(N)=O",
    "NC(N)=S",
    "NCC(=O)O",
    "NCCNCCN",
    "N[C@@H](CC(=O)O)C(=O)O"
  ]
}