{
  "alloy": "AZ31",
  "fold": 1,
  "setting": "far_filt",
  "model": "ChemProp",
  "r2": -0.032460521826643385,
  "mae": 123.23901284535727,
  "pearson_r": 0.4208798373334228,
  "pearson_p": 0.11822851392685743,
  "n_train": 4700,
  "n_test": 15,
  "n_features": 48,
  "elapsed_s": 631.5,
  "y_test": [
    59.0,
    78.0,
    43.0,
    -105.0,
    -183.0,
    -240.0,
    -397.0,
    -569.0,
    -155.0,
    -267.0,
    -69.0,
    50.0,
    -353.0,
    -139.0,
    -132.0
  ],
  "y_pred": [
    -33.20962905883789,
    -28.485055923461914,
    15.373799324035645,
    -77.73637390136719,
    -39.012779235839844,
    -163.3607635498047,
    -207.387939453125,
    -50.8148193359375,
    -191.45925903320312,
    -128.79034423828125,
    21.168224334716797,
    24.936412811279297,
    -14.166051864624023,
    -122.43119049072266,
    -153.27349853515625
  ],
  "test_smiles": [
    "Cc1ccc(O)c(C(=O)O)c1",
    "Cc1cccc(C(=O)O)c1O",
    "Cc1cccc(C(=O)O)c1[N+](=O)[O-]",
    "Cc1cccc(O)c1O",
    "Cc1occc(=O)c1O",
    "Cl.Cl.NCCc1cnc[nH]1",
    "NC(=O)C[C@H](N)C(=O)O",
    "NC(CO)(CO)CO",
    "NC(CS)C(=O)O",
    "NC(Cc1ccccc1)C(=O)O",
    "NC(N)=O",
    "NC(N)=S",
    "NCC(=O)O",
    "NCCNCCN",
    "N[C@@H](CC(=O)O)C(=O)O"
  ]
}