{
  "alloy": "AZ31",
  "fold": 3,
  "setting": "far_unfilt",
  "model": "GBR",
  "r2": 0.5260007850237827,
  "mae": 111.40989994101638,
  "pearson_r": 0.9080452351989043,
  "pearson_p": 2.8813333703023945e-06,
  "n_train": 4854,
  "n_test": 15,
  "n_features": 2096,
  "elapsed_s": 2051.0,
  "y_test": [
    10.0,
    51.0,
    38.0,
    -315.0,
    -379.0,
    -311.0,
    61.0,
    74.0,
    19.0,
    26.0,
    -73.0,
    3.0,
    84.0,
    -696.0,
    -399.0
  ],
  "y_pred": [
    -5.613282751595636,
    -10.432624669891808,
    -11.037533975524779,
    -214.40847073671534,
    -89.65269613068587,
    -88.020466418622,
    -3.1608800661042746,
    -8.34288903149349,
    -12.205737676462508,
    -8.390396378280848,
    -82.35475755344437,
    23.046849202638015,
    38.52940064062298,
    -343.17825313629163,
    -106.6471651272522
  ],
  "test_smiles": [
    "O=C(O)CC(O)C(=O)O",
    "O=C(O)CCC(=O)O",
    "O=C(O)CCCCC(=O)O",
    "O=C(O)CN(CC(=O)O)CC(=O)O",
    "O=C(O)CN(CCN(CC(=O)O)CC(=O)O)CC(=O)O",
    "O=C(O)CN(CCO)CCO",
    "O=C(O)CO",
    "O=C(O)COCC(=O)O",
    "O=C(O)[C@H](O)[C@@H](O)[C@H](O)[C@H](O)CO",
    "O=C(O)[C@H](O)[C@@H](O)[C@H](O[C@@H]1O[C@H](CO)[C@H](O)[C@H](O)[C@H]1O)[C@H](O)CO",
    "O=C(O)c1cc(S(=O)(=O)O)ccc1O",
    "O=C(O)c1cc([N+](=O)[O-])cc([N+](=O)[O-])c1O",
    "O=C(O)c1ccc(C(=O)O)nc1",
    "O=C(O)c1ccc(O)c(O)c1",
    "O=C(O)c1ccc(O)cc1"
  ]
}