{
  "alloy": "AZ31",
  "fold": 2,
  "setting": "close_unfilt",
  "model": "ChemProp",
  "r2": 0.7696827460215774,
  "mae": 78.46118059158326,
  "pearson_r": 0.9408241709887528,
  "pearson_p": 1.7794086096518418e-07,
  "n_train": 899,
  "n_test": 15,
  "n_features": 43,
  "elapsed_s": 102.9,
  "y_test": [
    -229.0,
    56.0,
    83.0,
    58.0,
    -222.0,
    49.0,
    -614.0,
    21.0,
    -197.0,
    90.0,
    12.0,
    49.0,
    38.0,
    51.0,
    -66.0
  ],
  "y_pred": [
    -210.40858459472656,
    -38.62067413330078,
    -40.87569808959961,
    -19.38135528564453,
    -294.24420166015625,
    1.014441967010498,
    -448.2174987792969,
    -10.813169479370117,
    -110.70442199707031,
    14.965574264526367,
    12.614298820495605,
    -36.22283172607422,
    -77.22826385498047,
    -33.02577209472656,
    -164.20196533203125
  ],
  "test_smiles": [
    "N[C@@H](CCC(=O)O)C(=O)O",
    "Nc1ccc(C(=O)O)c(O)c1",
    "Nc1ccc(O)c(C(=O)O)c1",
    "Nc1nc2ncc(CNc3ccc(C(=O)NC(CCC(=O)O)C(=O)O)cc3)nc2c(=O)[nH]1",
    "Nc1ncn[nH]1",
    "O.O.O=C([O-])[C@H](O)CO.O=C([O-])[C@H](O)CO.[Ca+2]",
    "O.O=C(O)CN(CC(=O)O)[C@@H]1CCCC[C@H]1N(CC(=O)O)CC(=O)O",
    "O=C(CC(=O)C(F)(F)F)c1cccs1",
    "O=C(NO)c1ccccc1O",
    "O=C(O)/C=C/C(=O)O",
    "O=C(O)/C=C\\C(=O)O",
    "O=C(O)C(O)C(O)C(=O)O",
    "O=C(O)C(O)c1ccccc1",
    "O=C(O)C1(O)C[C@@H](O)C(O)[C@H](O)C1",
    "O=C(O)CC(O)(C(=O)O)C(=O)O"
  ]
}