{
  "alloy": "AZ31",
  "fold": 1,
  "setting": "close_filt",
  "model": "MLP",
  "r2": -0.2250478753457139,
  "mae": 153.24094556172687,
  "pearson_r": 0.3042225483183131,
  "pearson_p": 0.27027745723085117,
  "n_train": 795,
  "n_test": 15,
  "n_features": 2091,
  "elapsed_s": 146.7,
  "y_test": [
    59.0,
    78.0,
    43.0,
    -105.0,
    -183.0,
    -240.0,
    -397.0,
    -569.0,
    -155.0,
    -267.0,
    -69.0,
    50.0,
    -353.0,
    -139.0,
    -132.0
  ],
  "y_pred": [
    -25.869844436645508,
    -51.069122314453125,
    -40.5053825378418,
    -54.990230560302734,
    -81.78900146484375,
    -66.00886535644531,
    -87.09654235839844,
    -68.51504516601562,
    -87.2635726928711,
    -34.114532470703125,
    -38.413543701171875,
    -80.30497741699219,
    -63.0563850402832,
    -115.01493072509766,
    -41.872493743896484
  ],
  "test_smiles": [
    "Cc1ccc(O)c(C(=O)O)c1",
    "Cc1cccc(C(=O)O)c1O",
    "Cc1cccc(C(=O)O)c1[N+](=O)[O-]",
    "Cc1cccc(O)c1O",
    "Cc1occc(=O)c1O",
    "Cl.Cl.NCCc1cnc[nH]1",
    "NC(=O)C[C@H](N)C(=O)O",
    "NC(CO)(CO)CO",
    "NC(CS)C(=O)O",
    "NC(Cc1ccccc1)C(=O)O",
    "NC(N)=O",
    "NC(N)=S",
    "NCC(=O)O",
    "NCCNCCN",
    "N[C@@H](CC(=O)O)C(=O)O"
  ]
}