{
  "alloy": "AZ31",
  "fold": 2,
  "setting": "far_unfilt",
  "model": "GBR",
  "r2": 0.7451462309541257,
  "mae": 78.69047299453612,
  "pearson_r": 0.9329833990282487,
  "pearson_p": 3.919213488452987e-07,
  "n_train": 4854,
  "n_test": 15,
  "n_features": 2096,
  "elapsed_s": 2191.6,
  "y_test": [
    -229.0,
    56.0,
    83.0,
    58.0,
    -222.0,
    49.0,
    -614.0,
    21.0,
    -197.0,
    90.0,
    12.0,
    49.0,
    38.0,
    51.0,
    -66.0
  ],
  "y_pred": [
    -175.8421620091407,
    -22.079441139082963,
    -11.531718826271845,
    -43.35723508892442,
    -76.37901255825014,
    10.562446361716944,
    -421.8543260190465,
    26.15548803058649,
    -97.11951741296349,
    -10.32373389535097,
    -19.063339970518193,
    -75.03093098727646,
    -3.214428695621813,
    -5.967048834552836,
    -47.60880618902647
  ],
  "test_smiles": [
    "N[C@@H](CCC(=O)O)C(=O)O",
    "Nc1ccc(C(=O)O)c(O)c1",
    "Nc1ccc(O)c(C(=O)O)c1",
    "Nc1nc2ncc(CNc3ccc(C(=O)NC(CCC(=O)O)C(=O)O)cc3)nc2c(=O)[nH]1",
    "Nc1ncn[nH]1",
    "O.O.O=C([O-])[C@H](O)CO.O=C([O-])[C@H](O)CO.[Ca+2]",
    "O.O=C(O)CN(CC(=O)O)[C@@H]1CCCC[C@H]1N(CC(=O)O)CC(=O)O",
    "O=C(CC(=O)C(F)(F)F)c1cccs1",
    "O=C(NO)c1ccccc1O",
    "O=C(O)/C=C/C(=O)O",
    "O=C(O)/C=C\\C(=O)O",
    "O=C(O)C(O)C(O)C(=O)O",
    "O=C(O)C(O)c1ccccc1",
    "O=C(O)C1(O)C[C@@H](O)C(O)[C@H](O)C1",
    "O=C(O)CC(O)(C(=O)O)C(=O)O"
  ]
}