{
  "alloy": "AZ31",
  "fold": 1,
  "setting": "exact",
  "model": "GBR",
  "r2": -0.4849605149759848,
  "mae": 162.65701552719963,
  "pearson_r": 0.21953293218676567,
  "pearson_p": 0.43178087812978655,
  "n_train": 60,
  "n_test": 15,
  "n_features": 2051,
  "elapsed_s": 9.3,
  "y_test": [
    59.0,
    78.0,
    43.0,
    -105.0,
    -183.0,
    -240.0,
    -397.0,
    -569.0,
    -155.0,
    -267.0,
    -69.0,
    50.0,
    -353.0,
    -139.0,
    -132.0
  ],
  "y_pred": [
    -11.499915879672994,
    25.743290705004846,
    39.03048205308785,
    -9.595641687111943,
    -60.867900112823456,
    -24.715723567585076,
    -165.40457287137014,
    7.34037966696519,
    -47.65337048008021,
    -33.1806625947992,
    25.348118842036136,
    -43.84104047720427,
    35.789071078266126,
    -16.087328562020108,
    -163.3156795977319
  ],
  "test_smiles": [
    "Cc1ccc(O)c(C(=O)O)c1",
    "Cc1cccc(C(=O)O)c1O",
    "Cc1cccc(C(=O)O)c1[N+](=O)[O-]",
    "Cc1cccc(O)c1O",
    "Cc1occc(=O)c1O",
    "Cl.Cl.NCCc1cnc[nH]1",
    "NC(=O)C[C@H](N)C(=O)O",
    "NC(CO)(CO)CO",
    "NC(CS)C(=O)O",
    "NC(Cc1ccccc1)C(=O)O",
    "NC(N)=O",
    "NC(N)=S",
    "NCC(=O)O",
    "NCCNCCN",
    "N[C@@H](CC(=O)O)C(=O)O"
  ]
}