{
  "alloy": "AZ31",
  "fold": 4,
  "setting": "close_unfilt",
  "model": "ChemProp",
  "r2": 0.37859712647507826,
  "mae": 70.48869287619988,
  "pearson_r": 0.7077168498515811,
  "pearson_p": 0.0031598667980325683,
  "n_train": 899,
  "n_test": 15,
  "n_features": 43,
  "elapsed_s": 99.7,
  "y_test": [
    86.0,
    58.0,
    36.0,
    36.0,
    54.0,
    37.0,
    62.0,
    77.0,
    34.0,
    78.0,
    -191.0,
    -36.0,
    -294.0,
    9.0,
    -7.0
  ],
  "y_pred": [
    0.06610870361328125,
    -21.125394821166992,
    0.10321705788373947,
    -57.71287155151367,
    -19.38834571838379,
    -26.95486068725586,
    5.9873223304748535,
    -34.60614013671875,
    -29.426877975463867,
    48.82100296020508,
    -17.697656631469727,
    -97.07286071777344,
    -189.99221801757812,
    3.9454538822174072,
    14.656021118164062
  ],
  "test_smiles": [
    "O=C(O)c1ccc2ccccc2n1",
    "O=C(O)c1ccccc1",
    "O=C(O)c1ccccc1C(=O)O",
    "O=C(O)c1ccccc1O",
    "O=C(O)c1ccccn1",
    "O=C(O)c1cccnc1",
    "O=C(O)c1cccnc1C(=O)O",
    "O=C1NC(=O)C([N+](=O)[O-])C(=O)N1",
    "O=C1O[C@H]([C@@H](O)CO)C(O)=C1O",
    "O=CO",
    "O=P(O)(O)OC1C(OP(=O)(O)O)C(OP(=O)(O)O)C(OP(=O)(O)O)C(OP(=O)(O)O)C1OP(=O)(O)O",
    "O=c1cc(CO)occ1O",
    "O=c1cc[nH]c(=O)[nH]1",
    "OCC(O)CO",
    "OC[C@H]1OC(O)[C@H](O)[C@@H](O)[C@@H]1O"
  ]
}