{
  "alloy": "AZ31",
  "fold": 0,
  "setting": "close_filt",
  "model": "ChemProp",
  "r2": -3.2372893449308906,
  "mae": 148.9658907254537,
  "pearson_r": -0.02799472469030539,
  "pearson_p": 0.9211102605300658,
  "n_train": 815,
  "n_test": 15,
  "n_features": 43,
  "elapsed_s": 89.6,
  "y_test": [
    -60.0,
    -318.0,
    14.0,
    74.0,
    45.0,
    -50.0,
    -25.0,
    -35.0,
    40.0,
    -201.0,
    63.0,
    -327.0,
    30.0,
    -43.0,
    36.0
  ],
  "y_pred": [
    6.59074592590332,
    -220.29014587402344,
    -875.488525390625,
    2.696943759918213,
    -32.3947868347168,
    -105.56980895996094,
    -15.118532180786133,
    -127.98696899414062,
    -4.363847732543945,
    14.111101150512695,
    -16.155052185058594,
    -25.923221588134766,
    -112.5241928100586,
    -78.27229309082031,
    -20.05988121032715
  ],
  "test_smiles": [
    "C/C(=C/C(=O)O)C(=O)O",
    "C1CNCCN1",
    "C1N2CN3CN1CN(C2)C3",
    "CC(=O)O",
    "CC(C)(C)c1ccc(C(=O)O)cc1",
    "CC(C)(CO)[C@@H](O)C(=O)NCCCO",
    "CC(O)C(=O)O",
    "CC1(C)S[C@@H]2[C@H](NC(=O)Cc3ccccc3)C(=O)N2[C@H]1C(=O)[O-].[Na+]",
    "CCC(=O)O",
    "CCCCCCCCCCCCCCCCCC(=O)[O-].[Na+]",
    "CCCCCCCCCCCCc1ccc(S(=O)(=O)O)cc1",
    "CCCC[C@H](N)C(=O)O",
    "COC(=O)NC1C(OC2C(CO)OC(OC3C(CO)OC(O)C(N)C3O)C(N)C2O)OC(CO)C(OC2OC(CO)C(OC3OC(CO)C(OC4OC(CO)C(OC5OC(CO)C(OC6OC(CO)C(OC7OC(CO)C(O)C(O)C7N)C(O)C6N)C(O)C5N)C(O)C4N)C(O)C3N)C(O)C2N)C1O",
    "Cc1cc(C)[nH]n1",
    "Cc1ccc(C(=O)O)c(O)c1"
  ]
}