{
  "alloy": "AZ31",
  "fold": 0,
  "setting": "close_unfilt",
  "model": "MLP",
  "r2": 0.2060726802434507,
  "mae": 81.88988659183184,
  "pearson_r": 0.49005355377838816,
  "pearson_p": 0.06368063475413027,
  "n_train": 899,
  "n_test": 15,
  "n_features": 2091,
  "elapsed_s": 182.6,
  "y_test": [
    -60.0,
    -318.0,
    14.0,
    74.0,
    45.0,
    -50.0,
    -25.0,
    -35.0,
    40.0,
    -201.0,
    63.0,
    -327.0,
    30.0,
    -43.0,
    36.0
  ],
  "y_pred": [
    0.3369635045528412,
    -105.48046875,
    -29.27135467529297,
    25.285165786743164,
    12.079791069030762,
    -121.56961059570312,
    6.896066665649414,
    -273.28192138671875,
    15.530804634094238,
    -36.7321891784668,
    52.6666374206543,
    -141.04432678222656,
    -56.00830078125,
    -26.952787399291992,
    34.24374771118164
  ],
  "test_smiles": [
    "C/C(=C/C(=O)O)C(=O)O",
    "C1CNCCN1",
    "C1N2CN3CN1CN(C2)C3",
    "CC(=O)O",
    "CC(C)(C)c1ccc(C(=O)O)cc1",
    "CC(C)(CO)[C@@H](O)C(=O)NCCCO",
    "CC(O)C(=O)O",
    "CC1(C)S[C@@H]2[C@H](NC(=O)Cc3ccccc3)C(=O)N2[C@H]1C(=O)[O-].[Na+]",
    "CCC(=O)O",
    "CCCCCCCCCCCCCCCCCC(=O)[O-].[Na+]",
    "CCCCCCCCCCCCc1ccc(S(=O)(=O)O)cc1",
    "CCCC[C@H](N)C(=O)O",
    "COC(=O)NC1C(OC2C(CO)OC(OC3C(CO)OC(O)C(N)C3O)C(N)C2O)OC(CO)C(OC2OC(CO)C(OC3OC(CO)C(OC4OC(CO)C(OC5OC(CO)C(OC6OC(CO)C(OC7OC(CO)C(O)C(O)C7N)C(O)C6N)C(O)C5N)C(O)C4N)C(O)C3N)C(O)C2N)C1O",
    "Cc1cc(C)[nH]n1",
    "Cc1ccc(C(=O)O)c(O)c1"
  ]
}