{
  "alloy": "AZ31",
  "fold": 4,
  "setting": "far_unfilt",
  "model": "GBR",
  "r2": 0.4175680914590387,
  "mae": 66.8602962059604,
  "pearson_r": 0.7639407499888268,
  "pearson_p": 0.0009151463586560039,
  "n_train": 4854,
  "n_test": 15,
  "n_features": 2096,
  "elapsed_s": 2045.3,
  "y_test": [
    86.0,
    58.0,
    36.0,
    36.0,
    54.0,
    37.0,
    62.0,
    77.0,
    34.0,
    78.0,
    -191.0,
    -36.0,
    -294.0,
    9.0,
    -7.0
  ],
  "y_pred": [
    25.53128963348754,
    -27.42592786579092,
    -0.45184193788169297,
    -1.9790681687479617,
    0.5415478587663987,
    -20.558122963943497,
    13.849225351867155,
    -9.80524460439075,
    -47.02984233882903,
    -22.88621688257505,
    -9.909872229308128,
    -30.433218719812402,
    -188.18652765035782,
    -28.940456880561328,
    -31.27940289028529
  ],
  "test_smiles": [
    "O=C(O)c1ccc2ccccc2n1",
    "O=C(O)c1ccccc1",
    "O=C(O)c1ccccc1C(=O)O",
    "O=C(O)c1ccccc1O",
    "O=C(O)c1ccccn1",
    "O=C(O)c1cccnc1",
    "O=C(O)c1cccnc1C(=O)O",
    "O=C1NC(=O)C([N+](=O)[O-])C(=O)N1",
    "O=C1O[C@H]([C@@H](O)CO)C(O)=C1O",
    "O=CO",
    "O=P(O)(O)OC1C(OP(=O)(O)O)C(OP(=O)(O)O)C(OP(=O)(O)O)C(OP(=O)(O)O)C1OP(=O)(O)O",
    "O=c1cc(CO)occ1O",
    "O=c1cc[nH]c(=O)[nH]1",
    "OCC(O)CO",
    "OC[C@H]1OC(O)[C@H](O)[C@@H](O)[C@@H]1O"
  ]
}