{
  "alloy": "AZ31",
  "fold": 3,
  "setting": "close_unfilt",
  "model": "GBR",
  "r2": 0.8123328614039073,
  "mae": 72.34772046740916,
  "pearson_r": 0.9472254619248504,
  "pearson_p": 8.587614891713496e-08,
  "n_train": 899,
  "n_test": 15,
  "n_features": 2091,
  "elapsed_s": 93.7,
  "y_test": [
    10.0,
    51.0,
    38.0,
    -315.0,
    -379.0,
    -311.0,
    61.0,
    74.0,
    19.0,
    26.0,
    -73.0,
    3.0,
    84.0,
    -696.0,
    -399.0
  ],
  "y_pred": [
    8.91257597823958,
    7.83460217914855,
    7.71760632500333,
    -352.41594226118156,
    -195.0818350459795,
    -174.7040255589058,
    9.875452567633676,
    19.439962155790532,
    8.487364412665908,
    8.917036795222486,
    -134.01354466979984,
    35.841122967985655,
    59.6680425295714,
    -488.77491683346193,
    -204.6413825062069
  ],
  "test_smiles": [
    "O=C(O)CC(O)C(=O)O",
    "O=C(O)CCC(=O)O",
    "O=C(O)CCCCC(=O)O",
    "O=C(O)CN(CC(=O)O)CC(=O)O",
    "O=C(O)CN(CCN(CC(=O)O)CC(=O)O)CC(=O)O",
    "O=C(O)CN(CCO)CCO",
    "O=C(O)CO",
    "O=C(O)COCC(=O)O",
    "O=C(O)[C@H](O)[C@@H](O)[C@H](O)[C@H](O)CO",
    "O=C(O)[C@H](O)[C@@H](O)[C@H](O[C@@H]1O[C@H](CO)[C@H](O)[C@H](O)[C@H]1O)[C@H](O)CO",
    "O=C(O)c1cc(S(=O)(=O)O)ccc1O",
    "O=C(O)c1cc([N+](=O)[O-])cc([N+](=O)[O-])c1O",
    "O=C(O)c1ccc(C(=O)O)nc1",
    "O=C(O)c1ccc(O)c(O)c1",
    "O=C(O)c1ccc(O)cc1"
  ]
}