{
  "alloy": "AZ31",
  "fold": 2,
  "setting": "far_filt",
  "model": "GBR",
  "r2": 0.24706916892245268,
  "mae": 126.1625297877727,
  "pearson_r": 0.5568591276701236,
  "pearson_p": 0.031064905711584406,
  "n_train": 4736,
  "n_test": 15,
  "n_features": 2096,
  "elapsed_s": 2043.3,
  "y_test": [
    -229.0,
    56.0,
    83.0,
    58.0,
    -222.0,
    49.0,
    -614.0,
    21.0,
    -197.0,
    90.0,
    12.0,
    49.0,
    38.0,
    51.0,
    -66.0
  ],
  "y_pred": [
    -180.96158583194799,
    -33.54080384721872,
    -29.65682665320771,
    -91.22345660546071,
    -73.75467222532109,
    -90.34106608491362,
    -176.67967294549692,
    -20.48714749222418,
    -21.139169274161667,
    -52.61235827815773,
    -20.537576446666176,
    -150.04488894184016,
    -11.391516067358653,
    -24.401213764636065,
    -14.263807088165542
  ],
  "test_smiles": [
    "N[C@@H](CCC(=O)O)C(=O)O",
    "Nc1ccc(C(=O)O)c(O)c1",
    "Nc1ccc(O)c(C(=O)O)c1",
    "Nc1nc2ncc(CNc3ccc(C(=O)NC(CCC(=O)O)C(=O)O)cc3)nc2c(=O)[nH]1",
    "Nc1ncn[nH]1",
    "O.O.O=C([O-])[C@H](O)CO.O=C([O-])[C@H](O)CO.[Ca+2]",
    "O.O=C(O)CN(CC(=O)O)[C@@H]1CCCC[C@H]1N(CC(=O)O)CC(=O)O",
    "O=C(CC(=O)C(F)(F)F)c1cccs1",
    "O=C(NO)c1ccccc1O",
    "O=C(O)/C=C/C(=O)O",
    "O=C(O)/C=C\\C(=O)O",
    "O=C(O)C(O)C(O)C(=O)O",
    "O=C(O)C(O)c1ccccc1",
    "O=C(O)C1(O)C[C@@H](O)C(O)[C@H](O)C1",
    "O=C(O)CC(O)(C(=O)O)C(=O)O"
  ]
}