{
  "alloy": "AZ31",
  "fold": 3,
  "setting": "exact",
  "model": "kNN_Tan",
  "r2": -0.23625282666406666,
  "mae": 178.43944702678485,
  "pearson_r": 0.028559163403444318,
  "pearson_p": 0.9195243665155977,
  "n_train": 60,
  "n_test": 15,
  "n_features": 2051,
  "elapsed_s": 0.0,
  "y_test": [
    10.0,
    51.0,
    38.0,
    -315.0,
    -379.0,
    -311.0,
    61.0,
    74.0,
    19.0,
    26.0,
    -73.0,
    3.0,
    84.0,
    -696.0,
    -399.0
  ],
  "y_pred": [
    -141.5989317465883,
    -113.74127123413153,
    -163.03814808589993,
    -205.44345915361646,
    -204.2616075290954,
    -202.689851852885,
    -92.76660600063313,
    -91.50831344046354,
    -10.8095805284781,
    15.361057254813312,
    55.259274317416924,
    57.86701293318886,
    55.54578067193848,
    56.546033416311815,
    43.75829016100919
  ],
  "test_smiles": [
    "O=C(O)CC(O)C(=O)O",
    "O=C(O)CCC(=O)O",
    "O=C(O)CCCCC(=O)O",
    "O=C(O)CN(CC(=O)O)CC(=O)O",
    "O=C(O)CN(CCN(CC(=O)O)CC(=O)O)CC(=O)O",
    "O=C(O)CN(CCO)CCO",
    "O=C(O)CO",
    "O=C(O)COCC(=O)O",
    "O=C(O)[C@H](O)[C@@H](O)[C@H](O)[C@H](O)CO",
    "O=C(O)[C@H](O)[C@@H](O)[C@H](O[C@@H]1O[C@H](CO)[C@H](O)[C@H](O)[C@H]1O)[C@H](O)CO",
    "O=C(O)c1cc(S(=O)(=O)O)ccc1O",
    "O=C(O)c1cc([N+](=O)[O-])cc([N+](=O)[O-])c1O",
    "O=C(O)c1ccc(C(=O)O)nc1",
    "O=C(O)c1ccc(O)c(O)c1",
    "O=C(O)c1ccc(O)cc1"
  ]
}