{
  "alloy": "AZ31",
  "fold": 3,
  "setting": "close_filt",
  "model": "MLP",
  "r2": -0.12572625304859564,
  "mae": 187.20290768941243,
  "pearson_r": -0.17703043553000555,
  "pearson_p": 0.5279288540370904,
  "n_train": 789,
  "n_test": 15,
  "n_features": 2091,
  "elapsed_s": 164.3,
  "y_test": [
    10.0,
    51.0,
    38.0,
    -315.0,
    -379.0,
    -311.0,
    61.0,
    74.0,
    19.0,
    26.0,
    -73.0,
    3.0,
    84.0,
    -696.0,
    -399.0
  ],
  "y_pred": [
    -68.3324203491211,
    -68.8594741821289,
    -59.621341705322266,
    -117.42414093017578,
    -103.06067657470703,
    -115.3434829711914,
    -121.00309753417969,
    -103.17682647705078,
    -104.16302490234375,
    -105.67237091064453,
    -45.073516845703125,
    -38.46929168701172,
    -18.31075668334961,
    -26.899574279785156,
    -10.76359748840332
  ],
  "test_smiles": [
    "O=C(O)CC(O)C(=O)O",
    "O=C(O)CCC(=O)O",
    "O=C(O)CCCCC(=O)O",
    "O=C(O)CN(CC(=O)O)CC(=O)O",
    "O=C(O)CN(CCN(CC(=O)O)CC(=O)O)CC(=O)O",
    "O=C(O)CN(CCO)CCO",
    "O=C(O)CO",
    "O=C(O)COCC(=O)O",
    "O=C(O)[C@H](O)[C@@H](O)[C@H](O)[C@H](O)CO",
    "O=C(O)[C@H](O)[C@@H](O)[C@H](O[C@@H]1O[C@H](CO)[C@H](O)[C@H](O)[C@H]1O)[C@H](O)CO",
    "O=C(O)c1cc(S(=O)(=O)O)ccc1O",
    "O=C(O)c1cc([N+](=O)[O-])cc([N+](=O)[O-])c1O",
    "O=C(O)c1ccc(C(=O)O)nc1",
    "O=C(O)c1ccc(O)c(O)c1",
    "O=C(O)c1ccc(O)cc1"
  ]
}