{
  "alloy": "AZ31",
  "fold": 2,
  "setting": "close_filt",
  "model": "GBR",
  "r2": 0.33189102366623413,
  "mae": 112.56769988407797,
  "pearson_r": 0.6895086356951855,
  "pearson_p": 0.004455605426960519,
  "n_train": 812,
  "n_test": 15,
  "n_features": 2091,
  "elapsed_s": 87.1,
  "y_test": [
    -229.0,
    56.0,
    83.0,
    58.0,
    -222.0,
    49.0,
    -614.0,
    21.0,
    -197.0,
    90.0,
    12.0,
    49.0,
    38.0,
    51.0,
    -66.0
  ],
  "y_pred": [
    -162.52885077181202,
    -41.97100713398403,
    -20.898938973652417,
    -65.67624766110357,
    -125.2249007653222,
    -77.74671246454602,
    -162.59186480540262,
    -27.419019346713878,
    -11.180279118065933,
    7.456598201031503,
    5.282458644344488,
    -72.87860382626178,
    5.938771980256936,
    -19.424974565963854,
    7.7037185751799155
  ],
  "test_smiles": [
    "N[C@@H](CCC(=O)O)C(=O)O",
    "Nc1ccc(C(=O)O)c(O)c1",
    "Nc1ccc(O)c(C(=O)O)c1",
    "Nc1nc2ncc(CNc3ccc(C(=O)NC(CCC(=O)O)C(=O)O)cc3)nc2c(=O)[nH]1",
    "Nc1ncn[nH]1",
    "O.O.O=C([O-])[C@H](O)CO.O=C([O-])[C@H](O)CO.[Ca+2]",
    "O.O=C(O)CN(CC(=O)O)[C@@H]1CCCC[C@H]1N(CC(=O)O)CC(=O)O",
    "O=C(CC(=O)C(F)(F)F)c1cccs1",
    "O=C(NO)c1ccccc1O",
    "O=C(O)/C=C/C(=O)O",
    "O=C(O)/C=C\\C(=O)O",
    "O=C(O)C(O)C(O)C(=O)O",
    "O=C(O)C(O)c1ccccc1",
    "O=C(O)C1(O)C[C@@H](O)C(O)[C@H](O)C1",
    "O=C(O)CC(O)(C(=O)O)C(=O)O"
  ]
}