{
  "alloy": "AZ31",
  "fold": 4,
  "setting": "exact",
  "model": "GBR",
  "r2": -0.1268140588924349,
  "mae": 80.02690870128365,
  "pearson_r": 0.1979531071517004,
  "pearson_p": 0.47943958732313813,
  "n_train": 60,
  "n_test": 15,
  "n_features": 2051,
  "elapsed_s": 9.4,
  "y_test": [
    86.0,
    58.0,
    36.0,
    36.0,
    54.0,
    37.0,
    62.0,
    77.0,
    34.0,
    78.0,
    -191.0,
    -36.0,
    -294.0,
    9.0,
    -7.0
  ],
  "y_pred": [
    22.36899791627403,
    -7.999409261759599,
    25.223907653970436,
    -69.5700250727549,
    30.874335047262484,
    43.829853241489246,
    56.69102657366486,
    -96.47146162137251,
    -147.67614437928492,
    6.626864626949493,
    3.2511957540568273,
    -53.3170634014774,
    -68.4982736235081,
    -27.283944680160566,
    -26.28793854852804
  ],
  "test_smiles": [
    "O=C(O)c1ccc2ccccc2n1",
    "O=C(O)c1ccccc1",
    "O=C(O)c1ccccc1C(=O)O",
    "O=C(O)c1ccccc1O",
    "O=C(O)c1ccccn1",
    "O=C(O)c1cccnc1",
    "O=C(O)c1cccnc1C(=O)O",
    "O=C1NC(=O)C([N+](=O)[O-])C(=O)N1",
    "O=C1O[C@H]([C@@H](O)CO)C(O)=C1O",
    "O=CO",
    "O=P(O)(O)OC1C(OP(=O)(O)O)C(OP(=O)(O)O)C(OP(=O)(O)O)C(OP(=O)(O)O)C1OP(=O)(O)O",
    "O=c1cc(CO)occ1O",
    "O=c1cc[nH]c(=O)[nH]1",
    "OCC(O)CO",
    "OC[C@H]1OC(O)[C@H](O)[C@@H](O)[C@@H]1O"
  ]
}