{
  "alloy": "AZ31",
  "fold": 4,
  "setting": "far_filt",
  "model": "MLP",
  "r2": 0.004838663056691006,
  "mae": 77.80694042841593,
  "pearson_r": 0.2032260716036815,
  "pearson_p": 0.46756760057018226,
  "n_train": 4720,
  "n_test": 15,
  "n_features": 2096,
  "elapsed_s": 825.9,
  "y_test": [
    86.0,
    58.0,
    36.0,
    36.0,
    54.0,
    37.0,
    62.0,
    77.0,
    34.0,
    78.0,
    -191.0,
    -36.0,
    -294.0,
    9.0,
    -7.0
  ],
  "y_pred": [
    50.18781661987305,
    -55.41387176513672,
    9.0579252243042,
    9.344502449035645,
    13.599681854248047,
    13.763197898864746,
    22.244001388549805,
    -32.11858367919922,
    -45.20765686035156,
    -65.84117889404297,
    22.06771469116211,
    7.473822116851807,
    -68.19080352783203,
    -30.98967933654785,
    -13.379528045654297
  ],
  "test_smiles": [
    "O=C(O)c1ccc2ccccc2n1",
    "O=C(O)c1ccccc1",
    "O=C(O)c1ccccc1C(=O)O",
    "O=C(O)c1ccccc1O",
    "O=C(O)c1ccccn1",
    "O=C(O)c1cccnc1",
    "O=C(O)c1cccnc1C(=O)O",
    "O=C1NC(=O)C([N+](=O)[O-])C(=O)N1",
    "O=C1O[C@H]([C@@H](O)CO)C(O)=C1O",
    "O=CO",
    "O=P(O)(O)OC1C(OP(=O)(O)O)C(OP(=O)(O)O)C(OP(=O)(O)O)C(OP(=O)(O)O)C1OP(=O)(O)O",
    "O=c1cc(CO)occ1O",
    "O=c1cc[nH]c(=O)[nH]1",
    "OCC(O)CO",
    "OC[C@H]1OC(O)[C@H](O)[C@@H](O)[C@@H]1O"
  ]
}