{
  "alloy": "AZ31",
  "fold": 1,
  "setting": "exact",
  "model": "RF",
  "r2": -0.5425618451411953,
  "mae": 167.51566666666668,
  "pearson_r": 0.31109595817670466,
  "pearson_p": 0.2590516033024853,
  "n_train": 60,
  "n_test": 15,
  "n_features": 2051,
  "elapsed_s": 11.4,
  "y_test": [
    59.0,
    78.0,
    43.0,
    -105.0,
    -183.0,
    -240.0,
    -397.0,
    -569.0,
    -155.0,
    -267.0,
    -69.0,
    50.0,
    -353.0,
    -139.0,
    -132.0
  ],
  "y_pred": [
    15.2666,
    36.53799999999999,
    24.5398,
    0.5247999999999997,
    -27.7304,
    -62.672200000000004,
    -107.78380000000001,
    -9.6406,
    -14.939200000000001,
    -10.6632,
    39.866400000000006,
    -30.731599999999993,
    45.3354,
    -27.051400000000005,
    -105.89800000000002
  ],
  "test_smiles": [
    "Cc1ccc(O)c(C(=O)O)c1",
    "Cc1cccc(C(=O)O)c1O",
    "Cc1cccc(C(=O)O)c1[N+](=O)[O-]",
    "Cc1cccc(O)c1O",
    "Cc1occc(=O)c1O",
    "Cl.Cl.NCCc1cnc[nH]1",
    "NC(=O)C[C@H](N)C(=O)O",
    "NC(CO)(CO)CO",
    "NC(CS)C(=O)O",
    "NC(Cc1ccccc1)C(=O)O",
    "NC(N)=O",
    "NC(N)=S",
    "NCC(=O)O",
    "NCCNCCN",
    "N[C@@H](CC(=O)O)C(=O)O"
  ]
}