{
  "alloy": "AZ31",
  "fold": 4,
  "setting": "far_unfilt",
  "model": "MLP",
  "r2": 0.7172749097703324,
  "mae": 39.51532252629598,
  "pearson_r": 0.8702749631905504,
  "pearson_p": 2.4554308081629085e-05,
  "n_train": 4854,
  "n_test": 15,
  "n_features": 2096,
  "elapsed_s": 738.1,
  "y_test": [
    86.0,
    58.0,
    36.0,
    36.0,
    54.0,
    37.0,
    62.0,
    77.0,
    34.0,
    78.0,
    -191.0,
    -36.0,
    -294.0,
    9.0,
    -7.0
  ],
  "y_pred": [
    60.74229431152344,
    -7.53636360168457,
    11.61184310913086,
    -27.81055450439453,
    30.24689292907715,
    5.346001148223877,
    54.32880401611328,
    23.022850036621094,
    -48.57400894165039,
    23.49443817138672,
    -46.337005615234375,
    -30.028888702392578,
    -295.7489318847656,
    6.628538131713867,
    -2.1524648666381836
  ],
  "test_smiles": [
    "O=C(O)c1ccc2ccccc2n1",
    "O=C(O)c1ccccc1",
    "O=C(O)c1ccccc1C(=O)O",
    "O=C(O)c1ccccc1O",
    "O=C(O)c1ccccn1",
    "O=C(O)c1cccnc1",
    "O=C(O)c1cccnc1C(=O)O",
    "O=C1NC(=O)C([N+](=O)[O-])C(=O)N1",
    "O=C1O[C@H]([C@@H](O)CO)C(O)=C1O",
    "O=CO",
    "O=P(O)(O)OC1C(OP(=O)(O)O)C(OP(=O)(O)O)C(OP(=O)(O)O)C(OP(=O)(O)O)C1OP(=O)(O)O",
    "O=c1cc(CO)occ1O",
    "O=c1cc[nH]c(=O)[nH]1",
    "OCC(O)CO",
    "OC[C@H]1OC(O)[C@H](O)[C@@H](O)[C@@H]1O"
  ]
}