{
  "alloy": "AZ31",
  "fold": 3,
  "setting": "exact",
  "model": "ChemProp",
  "r2": -0.06520139988611273,
  "mae": 182.12924143473307,
  "pearson_r": -0.2704782659762241,
  "pearson_p": 0.3295524934467637,
  "n_train": 60,
  "n_test": 15,
  "n_features": 3,
  "elapsed_s": 23.9,
  "y_test": [
    10.0,
    51.0,
    38.0,
    -315.0,
    -379.0,
    -311.0,
    61.0,
    74.0,
    19.0,
    26.0,
    -73.0,
    3.0,
    84.0,
    -696.0,
    -399.0
  ],
  "y_pred": [
    -63.508079528808594,
    -63.728782653808594,
    -64.16388702392578,
    -63.75408935546875,
    -63.97336196899414,
    -64.68082427978516,
    -63.87744903564453,
    -63.76071548461914,
    -63.92015075683594,
    -63.79425048828125,
    -61.71940231323242,
    -61.40550231933594,
    -61.44832229614258,
    -61.22870635986328,
    -61.3121337890625
  ],
  "test_smiles": [
    "O=C(O)CC(O)C(=O)O",
    "O=C(O)CCC(=O)O",
    "O=C(O)CCCCC(=O)O",
    "O=C(O)CN(CC(=O)O)CC(=O)O",
    "O=C(O)CN(CCN(CC(=O)O)CC(=O)O)CC(=O)O",
    "O=C(O)CN(CCO)CCO",
    "O=C(O)CO",
    "O=C(O)COCC(=O)O",
    "O=C(O)[C@H](O)[C@@H](O)[C@H](O)[C@H](O)CO",
    "O=C(O)[C@H](O)[C@@H](O)[C@H](O[C@@H]1O[C@H](CO)[C@H](O)[C@H](O)[C@H]1O)[C@H](O)CO",
    "O=C(O)c1cc(S(=O)(=O)O)ccc1O",
    "O=C(O)c1cc([N+](=O)[O-])cc([N+](=O)[O-])c1O",
    "O=C(O)c1ccc(C(=O)O)nc1",
    "O=C(O)c1ccc(O)c(O)c1",
    "O=C(O)c1ccc(O)cc1"
  ]
}