{
  "alloy": "AZ31",
  "fold": 4,
  "setting": "close_filt",
  "model": "ChemProp",
  "r2": -0.8804340686605518,
  "mae": 109.204345703125,
  "pearson_r": 0.21082387194219235,
  "pearson_p": 0.4507169945846865,
  "n_train": 800,
  "n_test": 15,
  "n_features": 43,
  "elapsed_s": 87.9,
  "y_test": [
    86.0,
    58.0,
    36.0,
    36.0,
    54.0,
    37.0,
    62.0,
    77.0,
    34.0,
    78.0,
    -191.0,
    -36.0,
    -294.0,
    9.0,
    -7.0
  ],
  "y_pred": [
    -20.60239601135254,
    -51.79517364501953,
    -21.362592697143555,
    -82.33045959472656,
    -62.75562286376953,
    -70.77885437011719,
    -16.789560317993164,
    -315.82476806640625,
    -96.94384002685547,
    43.386051177978516,
    -156.6830596923828,
    -154.51441955566406,
    -98.8949203491211,
    -11.675263404846191,
    8.656266212463379
  ],
  "test_smiles": [
    "O=C(O)c1ccc2ccccc2n1",
    "O=C(O)c1ccccc1",
    "O=C(O)c1ccccc1C(=O)O",
    "O=C(O)c1ccccc1O",
    "O=C(O)c1ccccn1",
    "O=C(O)c1cccnc1",
    "O=C(O)c1cccnc1C(=O)O",
    "O=C1NC(=O)C([N+](=O)[O-])C(=O)N1",
    "O=C1O[C@H]([C@@H](O)CO)C(O)=C1O",
    "O=CO",
    "O=P(O)(O)OC1C(OP(=O)(O)O)C(OP(=O)(O)O)C(OP(=O)(O)O)C(OP(=O)(O)O)C1OP(=O)(O)O",
    "O=c1cc(CO)occ1O",
    "O=c1cc[nH]c(=O)[nH]1",
    "OCC(O)CO",
    "OC[C@H]1OC(O)[C@H](O)[C@@H](O)[C@@H]1O"
  ]
}