{
  "alloy": "AZ31",
  "fold": 2,
  "setting": "close_unfilt",
  "model": "GBR",
  "r2": 0.8897548238273147,
  "mae": 49.327856860123845,
  "pearson_r": 0.9905838116004094,
  "pearson_p": 1.2994016688598402e-12,
  "n_train": 899,
  "n_test": 15,
  "n_features": 2091,
  "elapsed_s": 99.2,
  "y_test": [
    -229.0,
    56.0,
    83.0,
    58.0,
    -222.0,
    49.0,
    -614.0,
    21.0,
    -197.0,
    90.0,
    12.0,
    49.0,
    38.0,
    51.0,
    -66.0
  ],
  "y_pred": [
    -158.60836179300313,
    -3.6146325303600646,
    22.344887517439574,
    -9.58910323961517,
    -161.93555008171828,
    16.769279528638638,
    -454.9183213581811,
    33.440352081484406,
    -158.9286654118586,
    40.45306789382593,
    11.099907217152778,
    -0.2127100505866039,
    5.910503984896021,
    9.440677795041568,
    -72.47027758156712
  ],
  "test_smiles": [
    "N[C@@H](CCC(=O)O)C(=O)O",
    "Nc1ccc(C(=O)O)c(O)c1",
    "Nc1ccc(O)c(C(=O)O)c1",
    "Nc1nc2ncc(CNc3ccc(C(=O)NC(CCC(=O)O)C(=O)O)cc3)nc2c(=O)[nH]1",
    "Nc1ncn[nH]1",
    "O.O.O=C([O-])[C@H](O)CO.O=C([O-])[C@H](O)CO.[Ca+2]",
    "O.O=C(O)CN(CC(=O)O)[C@@H]1CCCC[C@H]1N(CC(=O)O)CC(=O)O",
    "O=C(CC(=O)C(F)(F)F)c1cccs1",
    "O=C(NO)c1ccccc1O",
    "O=C(O)/C=C/C(=O)O",
    "O=C(O)/C=C\\C(=O)O",
    "O=C(O)C(O)C(O)C(=O)O",
    "O=C(O)C(O)c1ccccc1",
    "O=C(O)C1(O)C[C@@H](O)C(O)[C@H](O)C1",
    "O=C(O)CC(O)(C(=O)O)C(=O)O"
  ]
}