{
  "alloy": "AZ31",
  "fold": 1,
  "setting": "exact",
  "model": "kNN_Tan",
  "r2": -0.2925723642038891,
  "mae": 137.52092047085227,
  "pearson_r": 0.2535347417467631,
  "pearson_p": 0.361887942329814,
  "n_train": 60,
  "n_test": 15,
  "n_features": 2051,
  "elapsed_s": 0.0,
  "y_test": [
    59.0,
    78.0,
    43.0,
    -105.0,
    -183.0,
    -240.0,
    -397.0,
    -569.0,
    -155.0,
    -267.0,
    -69.0,
    50.0,
    -353.0,
    -139.0,
    -132.0
  ],
  "y_pred": [
    28.651025528041863,
    45.01895621517499,
    34.43405526822347,
    -147.18395838986496,
    -205.40547499976975,
    -88.2872774827524,
    -118.58022458698329,
    -40.539925629497645,
    -109.08858786394211,
    -9.579184769726872,
    57.815788486987934,
    -71.84758272227356,
    18.20710367719988,
    -152.91285858835457,
    -101.37972245732381
  ],
  "test_smiles": [
    "Cc1ccc(O)c(C(=O)O)c1",
    "Cc1cccc(C(=O)O)c1O",
    "Cc1cccc(C(=O)O)c1[N+](=O)[O-]",
    "Cc1cccc(O)c1O",
    "Cc1occc(=O)c1O",
    "Cl.Cl.NCCc1cnc[nH]1",
    "NC(=O)C[C@H](N)C(=O)O",
    "NC(CO)(CO)CO",
    "NC(CS)C(=O)O",
    "NC(Cc1ccccc1)C(=O)O",
    "NC(N)=O",
    "NC(N)=S",
    "NCC(=O)O",
    "NCCNCCN",
    "N[C@@H](CC(=O)O)C(=O)O"
  ]
}