{
  "alloy": "AZ31",
  "fold": 1,
  "setting": "exact",
  "model": "MLP",
  "r2": -0.09723478512447525,
  "mae": 143.49668788909912,
  "pearson_r": 0.5225343125294488,
  "pearson_p": 0.045676709204621836,
  "n_train": 60,
  "n_test": 15,
  "n_features": 2051,
  "elapsed_s": 16.9,
  "y_test": [
    59.0,
    78.0,
    43.0,
    -105.0,
    -183.0,
    -240.0,
    -397.0,
    -569.0,
    -155.0,
    -267.0,
    -69.0,
    50.0,
    -353.0,
    -139.0,
    -132.0
  ],
  "y_pred": [
    -40.601226806640625,
    -11.807507514953613,
    -24.622112274169922,
    -41.821632385253906,
    -83.8681411743164,
    -69.0555648803711,
    -130.90379333496094,
    -88.67940521240234,
    -81.66522216796875,
    -50.53596115112305,
    -62.335445404052734,
    -98.61498260498047,
    -66.16242980957031,
    -73.97096252441406,
    -113.19695281982422
  ],
  "test_smiles": [
    "Cc1ccc(O)c(C(=O)O)c1",
    "Cc1cccc(C(=O)O)c1O",
    "Cc1cccc(C(=O)O)c1[N+](=O)[O-]",
    "Cc1cccc(O)c1O",
    "Cc1occc(=O)c1O",
    "Cl.Cl.NCCc1cnc[nH]1",
    "NC(=O)C[C@H](N)C(=O)O",
    "NC(CO)(CO)CO",
    "NC(CS)C(=O)O",
    "NC(Cc1ccccc1)C(=O)O",
    "NC(N)=O",
    "NC(N)=S",
    "NCC(=O)O",
    "NCCNCCN",
    "N[C@@H](CC(=O)O)C(=O)O"
  ]
}