{
  "alloy": "AZ31",
  "fold": 1,
  "setting": "close_unfilt",
  "model": "kNN_Tan",
  "r2": 0.3654589564708387,
  "mae": 103.29678978582753,
  "pearson_r": 0.717087255454108,
  "pearson_p": 0.002621877770423311,
  "n_train": 899,
  "n_test": 15,
  "n_features": 2091,
  "elapsed_s": 0.0,
  "y_test": [
    59.0,
    78.0,
    43.0,
    -105.0,
    -183.0,
    -240.0,
    -397.0,
    -569.0,
    -155.0,
    -267.0,
    -69.0,
    50.0,
    -353.0,
    -139.0,
    -132.0
  ],
  "y_pred": [
    69.07999999999998,
    58.304,
    -81.576,
    -255.42399999999998,
    -161.808,
    -126.32383640998887,
    -28.79999999999999,
    -724.7999999999997,
    -203.08,
    -140.23999999999998,
    -9.992,
    6.040000087054118,
    -307.96799999999996,
    -399.503683284456,
    -134.464
  ],
  "test_smiles": [
    "Cc1ccc(O)c(C(=O)O)c1",
    "Cc1cccc(C(=O)O)c1O",
    "Cc1cccc(C(=O)O)c1[N+](=O)[O-]",
    "Cc1cccc(O)c1O",
    "Cc1occc(=O)c1O",
    "Cl.Cl.NCCc1cnc[nH]1",
    "NC(=O)C[C@H](N)C(=O)O",
    "NC(CO)(CO)CO",
    "NC(CS)C(=O)O",
    "NC(Cc1ccccc1)C(=O)O",
    "NC(N)=O",
    "NC(N)=S",
    "NCC(=O)O",
    "NCCNCCN",
    "N[C@@H](CC(=O)O)C(=O)O"
  ]
}