{
  "alloy": "AZ31",
  "fold": 1,
  "setting": "close_unfilt",
  "model": "GBR",
  "r2": 0.46287418202191766,
  "mae": 98.4411241964696,
  "pearson_r": 0.8748208978647368,
  "pearson_p": 1.9696305183236832e-05,
  "n_train": 899,
  "n_test": 15,
  "n_features": 2091,
  "elapsed_s": 92.2,
  "y_test": [
    59.0,
    78.0,
    43.0,
    -105.0,
    -183.0,
    -240.0,
    -397.0,
    -569.0,
    -155.0,
    -267.0,
    -69.0,
    50.0,
    -353.0,
    -139.0,
    -132.0
  ],
  "y_pred": [
    58.07817716892119,
    44.85392718622683,
    -18.524160304219023,
    -45.901295826695176,
    -72.34505229156025,
    -59.340496030005454,
    -98.21822745364145,
    -336.22739412143363,
    -132.61662973240772,
    -83.54040230908466,
    3.2283874117740616,
    5.9569804699166795,
    -213.66822249973393,
    -142.21185822983705,
    -97.60073790915929
  ],
  "test_smiles": [
    "Cc1ccc(O)c(C(=O)O)c1",
    "Cc1cccc(C(=O)O)c1O",
    "Cc1cccc(C(=O)O)c1[N+](=O)[O-]",
    "Cc1cccc(O)c1O",
    "Cc1occc(=O)c1O",
    "Cl.Cl.NCCc1cnc[nH]1",
    "NC(=O)C[C@H](N)C(=O)O",
    "NC(CO)(CO)CO",
    "NC(CS)C(=O)O",
    "NC(Cc1ccccc1)C(=O)O",
    "NC(N)=O",
    "NC(N)=S",
    "NCC(=O)O",
    "NCCNCCN",
    "N[C@@H](CC(=O)O)C(=O)O"
  ]
}