{
  "alloy": "AZ31",
  "fold": 0,
  "setting": "far_filt",
  "model": "GBR",
  "r2": 0.11483413685352184,
  "mae": 90.56717815107666,
  "pearson_r": 0.35439525108068226,
  "pearson_p": 0.1949583699681645,
  "n_train": 4745,
  "n_test": 15,
  "n_features": 2096,
  "elapsed_s": 2148.7,
  "y_test": [
    -60.0,
    -318.0,
    14.0,
    74.0,
    45.0,
    -50.0,
    -25.0,
    -35.0,
    40.0,
    -201.0,
    63.0,
    -327.0,
    30.0,
    -43.0,
    36.0
  ],
  "y_pred": [
    -16.41762792486401,
    -26.28061662821921,
    -22.356113698007118,
    -18.263479772542862,
    -41.67356965034397,
    -13.299601248958366,
    -12.654154577301645,
    -18.696143840736152,
    -18.13585686961256,
    -14.585708530662332,
    -20.993888001574327,
    -139.4221800343597,
    -50.59459902044881,
    -165.18780159264736,
    12.341603553925586
  ],
  "test_smiles": [
    "C/C(=C/C(=O)O)C(=O)O",
    "C1CNCCN1",
    "C1N2CN3CN1CN(C2)C3",
    "CC(=O)O",
    "CC(C)(C)c1ccc(C(=O)O)cc1",
    "CC(C)(CO)[C@@H](O)C(=O)NCCCO",
    "CC(O)C(=O)O",
    "CC1(C)S[C@@H]2[C@H](NC(=O)Cc3ccccc3)C(=O)N2[C@H]1C(=O)[O-].[Na+]",
    "CCC(=O)O",
    "CCCCCCCCCCCCCCCCCC(=O)[O-].[Na+]",
    "CCCCCCCCCCCCc1ccc(S(=O)(=O)O)cc1",
    "CCCC[C@H](N)C(=O)O",
    "COC(=O)NC1C(OC2C(CO)OC(OC3C(CO)OC(O)C(N)C3O)C(N)C2O)OC(CO)C(OC2OC(CO)C(OC3OC(CO)C(OC4OC(CO)C(OC5OC(CO)C(OC6OC(CO)C(OC7OC(CO)C(O)C(O)C7N)C(O)C6N)C(O)C5N)C(O)C4N)C(O)C3N)C(O)C2N)C1O",
    "Cc1cc(C)[nH]n1",
    "Cc1ccc(C(=O)O)c(O)c1"
  ]
}