{
  "alloy": "AZ31",
  "fold": 3,
  "setting": "far_filt",
  "model": "ChemProp",
  "r2": 0.010121106301219318,
  "mae": 142.17416280110677,
  "pearson_r": 0.324868884916353,
  "pearson_p": 0.23742574362395177,
  "n_train": 4709,
  "n_test": 15,
  "n_features": 48,
  "elapsed_s": 615.9,
  "y_test": [
    10.0,
    51.0,
    38.0,
    -315.0,
    -379.0,
    -311.0,
    61.0,
    74.0,
    19.0,
    26.0,
    -73.0,
    3.0,
    84.0,
    -696.0,
    -399.0
  ],
  "y_pred": [
    -43.18663024902344,
    -17.994049072265625,
    -25.28548240661621,
    -166.80638122558594,
    -216.62684631347656,
    -239.47654724121094,
    -12.659262657165527,
    -51.5167236328125,
    -29.472393035888672,
    -17.227975845336914,
    -9.644362449645996,
    20.466793060302734,
    22.846174240112305,
    19.833650588989258,
    17.369792938232422
  ],
  "test_smiles": [
    "O=C(O)CC(O)C(=O)O",
    "O=C(O)CCC(=O)O",
    "O=C(O)CCCCC(=O)O",
    "O=C(O)CN(CC(=O)O)CC(=O)O",
    "O=C(O)CN(CCN(CC(=O)O)CC(=O)O)CC(=O)O",
    "O=C(O)CN(CCO)CCO",
    "O=C(O)CO",
    "O=C(O)COCC(=O)O",
    "O=C(O)[C@H](O)[C@@H](O)[C@H](O)[C@H](O)CO",
    "O=C(O)[C@H](O)[C@@H](O)[C@H](O[C@@H]1O[C@H](CO)[C@H](O)[C@H](O)[C@H]1O)[C@H](O)CO",
    "O=C(O)c1cc(S(=O)(=O)O)ccc1O",
    "O=C(O)c1cc([N+](=O)[O-])cc([N+](=O)[O-])c1O",
    "O=C(O)c1ccc(C(=O)O)nc1",
    "O=C(O)c1ccc(O)c(O)c1",
    "O=C(O)c1ccc(O)cc1"
  ]
}