{
  "alloy": "AZ31",
  "fold": 0,
  "setting": "close_filt",
  "model": "MLP",
  "r2": -0.19330730134632246,
  "mae": 121.54199094772339,
  "pearson_r": 0.08987109770831045,
  "pearson_p": 0.7500921277535245,
  "n_train": 815,
  "n_test": 15,
  "n_features": 2091,
  "elapsed_s": 163.5,
  "y_test": [
    -60.0,
    -318.0,
    14.0,
    74.0,
    45.0,
    -50.0,
    -25.0,
    -35.0,
    40.0,
    -201.0,
    63.0,
    -327.0,
    30.0,
    -43.0,
    36.0
  ],
  "y_pred": [
    -54.92027282714844,
    -104.32980346679688,
    -93.42808532714844,
    -53.04866027832031,
    -100.25900268554688,
    -89.9478988647461,
    -63.856651306152344,
    -161.0097198486328,
    -108.22596740722656,
    -44.5069465637207,
    -117.23571014404297,
    -123.89813232421875,
    -142.50564575195312,
    -172.3986358642578,
    6.130958080291748
  ],
  "test_smiles": [
    "C/C(=C/C(=O)O)C(=O)O",
    "C1CNCCN1",
    "C1N2CN3CN1CN(C2)C3",
    "CC(=O)O",
    "CC(C)(C)c1ccc(C(=O)O)cc1",
    "CC(C)(CO)[C@@H](O)C(=O)NCCCO",
    "CC(O)C(=O)O",
    "CC1(C)S[C@@H]2[C@H](NC(=O)Cc3ccccc3)C(=O)N2[C@H]1C(=O)[O-].[Na+]",
    "CCC(=O)O",
    "CCCCCCCCCCCCCCCCCC(=O)[O-].[Na+]",
    "CCCCCCCCCCCCc1ccc(S(=O)(=O)O)cc1",
    "CCCC[C@H](N)C(=O)O",
    "COC(=O)NC1C(OC2C(CO)OC(OC3C(CO)OC(O)C(N)C3O)C(N)C2O)OC(CO)C(OC2OC(CO)C(OC3OC(CO)C(OC4OC(CO)C(OC5OC(CO)C(OC6OC(CO)C(OC7OC(CO)C(O)C(O)C7N)C(O)C6N)C(O)C5N)C(O)C4N)C(O)C3N)C(O)C2N)C1O",
    "Cc1cc(C)[nH]n1",
    "Cc1ccc(C(=O)O)c(O)c1"
  ]
}