{
  "alloy": "AZ31",
  "fold": 3,
  "setting": "close_filt",
  "model": "kNN_Tan",
  "r2": -0.27365659975543655,
  "mae": 177.92601268232804,
  "pearson_r": 0.18578303187518377,
  "pearson_p": 0.5073810263794748,
  "n_train": 789,
  "n_test": 15,
  "n_features": 2091,
  "elapsed_s": 0.0,
  "y_test": [
    10.0,
    51.0,
    38.0,
    -315.0,
    -379.0,
    -311.0,
    61.0,
    74.0,
    19.0,
    26.0,
    -73.0,
    3.0,
    84.0,
    -696.0,
    -399.0
  ],
  "y_pred": [
    -55.88875005715357,
    -177.72364939910693,
    13.612550805806107,
    -515.8227750487679,
    -268.0593071809881,
    -333.3648626269016,
    -203.49599428989544,
    -239.3439961481762,
    2.264123384457653,
    -8.181026672473918,
    64.81599999999999,
    45.73247822321187,
    39.59999889401035,
    9.83263674915607,
    57.22400128533919
  ],
  "test_smiles": [
    "O=C(O)CC(O)C(=O)O",
    "O=C(O)CCC(=O)O",
    "O=C(O)CCCCC(=O)O",
    "O=C(O)CN(CC(=O)O)CC(=O)O",
    "O=C(O)CN(CCN(CC(=O)O)CC(=O)O)CC(=O)O",
    "O=C(O)CN(CCO)CCO",
    "O=C(O)CO",
    "O=C(O)COCC(=O)O",
    "O=C(O)[C@H](O)[C@@H](O)[C@H](O)[C@H](O)CO",
    "O=C(O)[C@H](O)[C@@H](O)[C@H](O[C@@H]1O[C@H](CO)[C@H](O)[C@H](O)[C@H]1O)[C@H](O)CO",
    "O=C(O)c1cc(S(=O)(=O)O)ccc1O",
    "O=C(O)c1cc([N+](=O)[O-])cc([N+](=O)[O-])c1O",
    "O=C(O)c1ccc(C(=O)O)nc1",
    "O=C(O)c1ccc(O)c(O)c1",
    "O=C(O)c1ccc(O)cc1"
  ]
}