{
  "alloy": "AZ31",
  "fold": 3,
  "setting": "far_filt",
  "model": "kNN_Tan",
  "r2": -0.41478451428517316,
  "mae": 181.23520049029352,
  "pearson_r": -0.10736565539273576,
  "pearson_p": 0.7033110136339896,
  "n_train": 4709,
  "n_test": 15,
  "n_features": 2096,
  "elapsed_s": 0.1,
  "y_test": [
    10.0,
    51.0,
    38.0,
    -315.0,
    -379.0,
    -311.0,
    61.0,
    74.0,
    19.0,
    26.0,
    -73.0,
    3.0,
    84.0,
    -696.0,
    -399.0
  ],
  "y_pred": [
    -45.55356455166193,
    54.31119900725879,
    73.31999906768817,
    4.405443139465953,
    -12.685953173665855,
    1.6884715781086335,
    -76.65252141973109,
    -33.20787721767438,
    32.88,
    37.16962706452036,
    48.00000228092608,
    24.39125584696553,
    39.98399888328559,
    48.18599764364929,
    26.43200059370343
  ],
  "test_smiles": [
    "O=C(O)CC(O)C(=O)O",
    "O=C(O)CCC(=O)O",
    "O=C(O)CCCCC(=O)O",
    "O=C(O)CN(CC(=O)O)CC(=O)O",
    "O=C(O)CN(CCN(CC(=O)O)CC(=O)O)CC(=O)O",
    "O=C(O)CN(CCO)CCO",
    "O=C(O)CO",
    "O=C(O)COCC(=O)O",
    "O=C(O)[C@H](O)[C@@H](O)[C@H](O)[C@H](O)CO",
    "O=C(O)[C@H](O)[C@@H](O)[C@H](O[C@@H]1O[C@H](CO)[C@H](O)[C@H](O)[C@H]1O)[C@H](O)CO",
    "O=C(O)c1cc(S(=O)(=O)O)ccc1O",
    "O=C(O)c1cc([N+](=O)[O-])cc([N+](=O)[O-])c1O",
    "O=C(O)c1ccc(C(=O)O)nc1",
    "O=C(O)c1ccc(O)c(O)c1",
    "O=C(O)c1ccc(O)cc1"
  ]
}