{
  "alloy": "AZ31",
  "fold": 4,
  "setting": "exact",
  "model": "ChemProp",
  "r2": -0.9189408279152202,
  "mae": 137.73162485758465,
  "pearson_r": 0.048664460519742665,
  "pearson_p": 0.8632597560175178,
  "n_train": 60,
  "n_test": 15,
  "n_features": 3,
  "elapsed_s": 23.5,
  "y_test": [
    86.0,
    58.0,
    36.0,
    36.0,
    54.0,
    37.0,
    62.0,
    77.0,
    34.0,
    78.0,
    -191.0,
    -36.0,
    -294.0,
    9.0,
    -7.0
  ],
  "y_pred": [
    -95.498046875,
    -95.96878814697266,
    -95.74161529541016,
    -95.87248992919922,
    -95.97217559814453,
    -95.9725112915039,
    -95.74332427978516,
    -95.92167663574219,
    -96.1585922241211,
    -96.73420715332031,
    -96.19165802001953,
    -96.03323364257812,
    -95.94501495361328,
    -97.4224624633789,
    -96.0719223022461
  ],
  "test_smiles": [
    "O=C(O)c1ccc2ccccc2n1",
    "O=C(O)c1ccccc1",
    "O=C(O)c1ccccc1C(=O)O",
    "O=C(O)c1ccccc1O",
    "O=C(O)c1ccccn1",
    "O=C(O)c1cccnc1",
    "O=C(O)c1cccnc1C(=O)O",
    "O=C1NC(=O)C([N+](=O)[O-])C(=O)N1",
    "O=C1O[C@H]([C@@H](O)CO)C(O)=C1O",
    "O=CO",
    "O=P(O)(O)OC1C(OP(=O)(O)O)C(OP(=O)(O)O)C(OP(=O)(O)O)C(OP(=O)(O)O)C1OP(=O)(O)O",
    "O=c1cc(CO)occ1O",
    "O=c1cc[nH]c(=O)[nH]1",
    "OCC(O)CO",
    "OC[C@H]1OC(O)[C@H](O)[C@@H](O)[C@@H]1O"
  ]
}