{
  "alloy": "AZ31",
  "fold": 0,
  "setting": "exact",
  "model": "MLP",
  "r2": -0.04280735031191618,
  "mae": 112.89773813883464,
  "pearson_r": 0.26918776587359694,
  "pearson_p": 0.33195549732925855,
  "n_train": 60,
  "n_test": 15,
  "n_features": 2051,
  "elapsed_s": 15.8,
  "y_test": [
    -60.0,
    -318.0,
    14.0,
    74.0,
    45.0,
    -50.0,
    -25.0,
    -35.0,
    40.0,
    -201.0,
    63.0,
    -327.0,
    30.0,
    -43.0,
    36.0
  ],
  "y_pred": [
    -60.078495025634766,
    -97.26556396484375,
    -108.49349975585938,
    -92.02176666259766,
    -123.17886352539062,
    -135.8994598388672,
    -78.28138732910156,
    -94.96138000488281,
    -102.07230377197266,
    -50.37058639526367,
    -91.80012512207031,
    -163.3423614501953,
    -64.17784881591797,
    -140.57691955566406,
    22.09746551513672
  ],
  "test_smiles": [
    "C/C(=C/C(=O)O)C(=O)O",
    "C1CNCCN1",
    "C1N2CN3CN1CN(C2)C3",
    "CC(=O)O",
    "CC(C)(C)c1ccc(C(=O)O)cc1",
    "CC(C)(CO)[C@@H](O)C(=O)NCCCO",
    "CC(O)C(=O)O",
    "CC1(C)S[C@@H]2[C@H](NC(=O)Cc3ccccc3)C(=O)N2[C@H]1C(=O)[O-].[Na+]",
    "CCC(=O)O",
    "CCCCCCCCCCCCCCCCCC(=O)[O-].[Na+]",
    "CCCCCCCCCCCCc1ccc(S(=O)(=O)O)cc1",
    "CCCC[C@H](N)C(=O)O",
    "COC(=O)NC1C(OC2C(CO)OC(OC3C(CO)OC(O)C(N)C3O)C(N)C2O)OC(CO)C(OC2OC(CO)C(OC3OC(CO)C(OC4OC(CO)C(OC5OC(CO)C(OC6OC(CO)C(OC7OC(CO)C(O)C(O)C7N)C(O)C6N)C(O)C5N)C(O)C4N)C(O)C3N)C(O)C2N)C1O",
    "Cc1cc(C)[nH]n1",
    "Cc1ccc(C(=O)O)c(O)c1"
  ]
}