{
  "alloy": "AZ31",
  "fold": 3,
  "setting": "close_unfilt",
  "model": "MLP",
  "r2": 0.8408882816477804,
  "mae": 61.67413258552551,
  "pearson_r": 0.91879418176525,
  "pearson_p": 1.3188592010540385e-06,
  "n_train": 899,
  "n_test": 15,
  "n_features": 2091,
  "elapsed_s": 158.9,
  "y_test": [
    10.0,
    51.0,
    38.0,
    -315.0,
    -379.0,
    -311.0,
    61.0,
    74.0,
    19.0,
    26.0,
    -73.0,
    3.0,
    84.0,
    -696.0,
    -399.0
  ],
  "y_pred": [
    39.112632751464844,
    28.857589721679688,
    25.40117645263672,
    -443.8271789550781,
    -196.8304443359375,
    -121.64289855957031,
    49.62629699707031,
    55.42855453491211,
    -1.1284053325653076,
    34.32213592529297,
    -254.3134002685547,
    16.615522384643555,
    71.6076431274414,
    -659.26611328125,
    -457.45343017578125
  ],
  "test_smiles": [
    "O=C(O)CC(O)C(=O)O",
    "O=C(O)CCC(=O)O",
    "O=C(O)CCCCC(=O)O",
    "O=C(O)CN(CC(=O)O)CC(=O)O",
    "O=C(O)CN(CCN(CC(=O)O)CC(=O)O)CC(=O)O",
    "O=C(O)CN(CCO)CCO",
    "O=C(O)CO",
    "O=C(O)COCC(=O)O",
    "O=C(O)[C@H](O)[C@@H](O)[C@H](O)[C@H](O)CO",
    "O=C(O)[C@H](O)[C@@H](O)[C@H](O[C@@H]1O[C@H](CO)[C@H](O)[C@H](O)[C@H]1O)[C@H](O)CO",
    "O=C(O)c1cc(S(=O)(=O)O)ccc1O",
    "O=C(O)c1cc([N+](=O)[O-])cc([N+](=O)[O-])c1O",
    "O=C(O)c1ccc(C(=O)O)nc1",
    "O=C(O)c1ccc(O)c(O)c1",
    "O=C(O)c1ccc(O)cc1"
  ]
}