{
  "alloy": "AZ31",
  "fold": 2,
  "setting": "far_filt",
  "model": "kNN_Tan",
  "r2": 0.6802605450508477,
  "mae": 69.89428374888469,
  "pearson_r": 0.8492902450190423,
  "pearson_p": 6.171606925802946e-05,
  "n_train": 4736,
  "n_test": 15,
  "n_features": 2096,
  "elapsed_s": 0.1,
  "y_test": [
    -229.0,
    56.0,
    83.0,
    58.0,
    -222.0,
    49.0,
    -614.0,
    21.0,
    -197.0,
    90.0,
    12.0,
    49.0,
    38.0,
    51.0,
    -66.0
  ],
  "y_pred": [
    -16.097987848680837,
    -0.5600000255584705,
    47.999999005244355,
    44.22303820758893,
    43.743539046261176,
    30.959999051348404,
    -609.5839731760026,
    39.70816053040676,
    -38.83200000000001,
    33.67999905493806,
    33.87199904955054,
    22.263999416103356,
    59.99689603365548,
    11.225342181562844,
    32.39999948930742
  ],
  "test_smiles": [
    "N[C@@H](CCC(=O)O)C(=O)O",
    "Nc1ccc(C(=O)O)c(O)c1",
    "Nc1ccc(O)c(C(=O)O)c1",
    "Nc1nc2ncc(CNc3ccc(C(=O)NC(CCC(=O)O)C(=O)O)cc3)nc2c(=O)[nH]1",
    "Nc1ncn[nH]1",
    "O.O.O=C([O-])[C@H](O)CO.O=C([O-])[C@H](O)CO.[Ca+2]",
    "O.O=C(O)CN(CC(=O)O)[C@@H]1CCCC[C@H]1N(CC(=O)O)CC(=O)O",
    "O=C(CC(=O)C(F)(F)F)c1cccs1",
    "O=C(NO)c1ccccc1O",
    "O=C(O)/C=C/C(=O)O",
    "O=C(O)/C=C\\C(=O)O",
    "O=C(O)C(O)C(O)C(=O)O",
    "O=C(O)C(O)c1ccccc1",
    "O=C(O)C1(O)C[C@@H](O)C(O)[C@H](O)C1",
    "O=C(O)CC(O)(C(=O)O)C(=O)O"
  ]
}