{
  "alloy": "AZ31",
  "fold": 4,
  "setting": "close_unfilt",
  "model": "kNN_Tan",
  "r2": 0.7439194244406382,
  "mae": 34.55738959408978,
  "pearson_r": 0.8730649954493277,
  "pearson_p": 2.1468130115495423e-05,
  "n_train": 899,
  "n_test": 15,
  "n_features": 2091,
  "elapsed_s": 0.0,
  "y_test": [
    86.0,
    58.0,
    36.0,
    36.0,
    54.0,
    37.0,
    62.0,
    77.0,
    34.0,
    78.0,
    -191.0,
    -36.0,
    -294.0,
    9.0,
    -7.0
  ],
  "y_pred": [
    60.47199999999999,
    57.40000000000002,
    -9.344,
    -28.200000000000003,
    37.05023851160975,
    26.528,
    61.152,
    22.199999999999996,
    -11.559999999999997,
    23.0,
    -34.028917577043565,
    -57.184,
    -309.51199999999994,
    8.952,
    -12.344000000000001
  ],
  "test_smiles": [
    "O=C(O)c1ccc2ccccc2n1",
    "O=C(O)c1ccccc1",
    "O=C(O)c1ccccc1C(=O)O",
    "O=C(O)c1ccccc1O",
    "O=C(O)c1ccccn1",
    "O=C(O)c1cccnc1",
    "O=C(O)c1cccnc1C(=O)O",
    "O=C1NC(=O)C([N+](=O)[O-])C(=O)N1",
    "O=C1O[C@H]([C@@H](O)CO)C(O)=C1O",
    "O=CO",
    "O=P(O)(O)OC1C(OP(=O)(O)O)C(OP(=O)(O)O)C(OP(=O)(O)O)C(OP(=O)(O)O)C1OP(=O)(O)O",
    "O=c1cc(CO)occ1O",
    "O=c1cc[nH]c(=O)[nH]1",
    "OCC(O)CO",
    "OC[C@H]1OC(O)[C@H](O)[C@@H](O)[C@@H]1O"
  ]
}