{
  "alloy": "AZ31",
  "fold": 1,
  "setting": "far_unfilt",
  "model": "RF",
  "r2": 0.07852551118613893,
  "mae": 134.3748726984127,
  "pearson_r": 0.8500054003911544,
  "pearson_p": 5.99456753316309e-05,
  "n_train": 4854,
  "n_test": 15,
  "n_features": 2096,
  "elapsed_s": 1515.1,
  "y_test": [
    59.0,
    78.0,
    43.0,
    -105.0,
    -183.0,
    -240.0,
    -397.0,
    -569.0,
    -155.0,
    -267.0,
    -69.0,
    50.0,
    -353.0,
    -139.0,
    -132.0
  ],
  "y_pred": [
    44.37619999999999,
    53.609533333333346,
    19.70899428571429,
    -4.357935714285714,
    -5.7124533333333325,
    -82.62032,
    -80.71151000000002,
    -194.9674766666667,
    -51.57303000000001,
    -45.115436666666675,
    -17.54065,
    -53.185440476190486,
    -114.54176000000001,
    -88.25866000000002,
    -73.46839000000004
  ],
  "test_smiles": [
    "Cc1ccc(O)c(C(=O)O)c1",
    "Cc1cccc(C(=O)O)c1O",
    "Cc1cccc(C(=O)O)c1[N+](=O)[O-]",
    "Cc1cccc(O)c1O",
    "Cc1occc(=O)c1O",
    "Cl.Cl.NCCc1cnc[nH]1",
    "NC(=O)C[C@H](N)C(=O)O",
    "NC(CO)(CO)CO",
    "NC(CS)C(=O)O",
    "NC(Cc1ccccc1)C(=O)O",
    "NC(N)=O",
    "NC(N)=S",
    "NCC(=O)O",
    "NCCNCCN",
    "N[C@@H](CC(=O)O)C(=O)O"
  ]
}