{
  "alloy": "AZ31",
  "fold": 2,
  "setting": "close_filt",
  "model": "RF",
  "r2": 0.2973591867580597,
  "mae": 114.74279133333333,
  "pearson_r": 0.5633766700475331,
  "pearson_p": 0.02874534502440176,
  "n_train": 812,
  "n_test": 15,
  "n_features": 2091,
  "elapsed_s": 123.8,
  "y_test": [
    -229.0,
    56.0,
    83.0,
    58.0,
    -222.0,
    49.0,
    -614.0,
    21.0,
    -197.0,
    90.0,
    12.0,
    49.0,
    38.0,
    51.0,
    -66.0
  ],
  "y_pred": [
    -199.17861333333332,
    -69.6701,
    -65.86111999999999,
    -156.91991,
    -95.59552,
    -29.70072,
    -185.73710000000003,
    -1.1755333333333335,
    -6.8079866666666655,
    34.14496,
    40.194359999999996,
    -67.87324000000001,
    12.48634,
    24.47149333333333,
    37.1689
  ],
  "test_smiles": [
    "N[C@@H](CCC(=O)O)C(=O)O",
    "Nc1ccc(C(=O)O)c(O)c1",
    "Nc1ccc(O)c(C(=O)O)c1",
    "Nc1nc2ncc(CNc3ccc(C(=O)NC(CCC(=O)O)C(=O)O)cc3)nc2c(=O)[nH]1",
    "Nc1ncn[nH]1",
    "O.O.O=C([O-])[C@H](O)CO.O=C([O-])[C@H](O)CO.[Ca+2]",
    "O.O=C(O)CN(CC(=O)O)[C@@H]1CCCC[C@H]1N(CC(=O)O)CC(=O)O",
    "O=C(CC(=O)C(F)(F)F)c1cccs1",
    "O=C(NO)c1ccccc1O",
    "O=C(O)/C=C/C(=O)O",
    "O=C(O)/C=C\\C(=O)O",
    "O=C(O)C(O)C(O)C(=O)O",
    "O=C(O)C(O)c1ccccc1",
    "O=C(O)C1(O)C[C@@H](O)C(O)[C@H](O)C1",
    "O=C(O)CC(O)(C(=O)O)C(=O)O"
  ]
}