{
  "alloy": "AZ31",
  "fold": 3,
  "setting": "close_unfilt",
  "model": "ChemProp",
  "r2": 0.36793566174550285,
  "mae": 102.20728040734927,
  "pearson_r": 0.6322317144956997,
  "pearson_p": 0.01144239046370252,
  "n_train": 899,
  "n_test": 15,
  "n_features": 43,
  "elapsed_s": 98.9,
  "y_test": [
    10.0,
    51.0,
    38.0,
    -315.0,
    -379.0,
    -311.0,
    61.0,
    74.0,
    19.0,
    26.0,
    -73.0,
    3.0,
    84.0,
    -696.0,
    -399.0
  ],
  "y_pred": [
    -14.982514381408691,
    -0.285910040140152,
    -7.3740386962890625,
    -303.0264892578125,
    -338.0793151855469,
    -286.1681213378906,
    4.577165126800537,
    -6.7284159660339355,
    -8.6707763671875,
    -4.829432010650635,
    -177.41197204589844,
    14.920501708984375,
    -10.51813793182373,
    -106.37898254394531,
    -61.38241958618164
  ],
  "test_smiles": [
    "O=C(O)CC(O)C(=O)O",
    "O=C(O)CCC(=O)O",
    "O=C(O)CCCCC(=O)O",
    "O=C(O)CN(CC(=O)O)CC(=O)O",
    "O=C(O)CN(CCN(CC(=O)O)CC(=O)O)CC(=O)O",
    "O=C(O)CN(CCO)CCO",
    "O=C(O)CO",
    "O=C(O)COCC(=O)O",
    "O=C(O)[C@H](O)[C@@H](O)[C@H](O)[C@H](O)CO",
    "O=C(O)[C@H](O)[C@@H](O)[C@H](O[C@@H]1O[C@H](CO)[C@H](O)[C@H](O)[C@H]1O)[C@H](O)CO",
    "O=C(O)c1cc(S(=O)(=O)O)ccc1O",
    "O=C(O)c1cc([N+](=O)[O-])cc([N+](=O)[O-])c1O",
    "O=C(O)c1ccc(C(=O)O)nc1",
    "O=C(O)c1ccc(O)c(O)c1",
    "O=C(O)c1ccc(O)cc1"
  ]
}