{
  "alloy": "AZ31",
  "fold": 1,
  "setting": "close_unfilt",
  "model": "ChemProp",
  "r2": 0.26560605253532277,
  "mae": 124.0816421508789,
  "pearson_r": 0.6592488072267323,
  "pearson_p": 0.0075085549378294016,
  "n_train": 899,
  "n_test": 15,
  "n_features": 43,
  "elapsed_s": 96.1,
  "y_test": [
    59.0,
    78.0,
    43.0,
    -105.0,
    -183.0,
    -240.0,
    -397.0,
    -569.0,
    -155.0,
    -267.0,
    -69.0,
    50.0,
    -353.0,
    -139.0,
    -132.0
  ],
  "y_pred": [
    -27.9002628326416,
    -21.6252498626709,
    15.257570266723633,
    -127.97474670410156,
    -50.56624221801758,
    -97.48426818847656,
    -70.10801696777344,
    -343.93011474609375,
    -214.4447479248047,
    -56.946842193603516,
    31.81376838684082,
    35.312477111816406,
    -87.36920928955078,
    -221.37835693359375,
    -67.93775939941406
  ],
  "test_smiles": [
    "Cc1ccc(O)c(C(=O)O)c1",
    "Cc1cccc(C(=O)O)c1O",
    "Cc1cccc(C(=O)O)c1[N+](=O)[O-]",
    "Cc1cccc(O)c1O",
    "Cc1occc(=O)c1O",
    "Cl.Cl.NCCc1cnc[nH]1",
    "NC(=O)C[C@H](N)C(=O)O",
    "NC(CO)(CO)CO",
    "NC(CS)C(=O)O",
    "NC(Cc1ccccc1)C(=O)O",
    "NC(N)=O",
    "NC(N)=S",
    "NCC(=O)O",
    "NCCNCCN",
    "N[C@@H](CC(=O)O)C(=O)O"
  ]
}