{
  "alloy": "AZ31",
  "fold": 1,
  "setting": "far_unfilt",
  "model": "GBR",
  "r2": 0.3582357136288923,
  "mae": 117.55580046506184,
  "pearson_r": 0.8895257782304921,
  "pearson_p": 9.06960329373737e-06,
  "n_train": 4854,
  "n_test": 15,
  "n_features": 2096,
  "elapsed_s": 2202.7,
  "y_test": [
    59.0,
    78.0,
    43.0,
    -105.0,
    -183.0,
    -240.0,
    -397.0,
    -569.0,
    -155.0,
    -267.0,
    -69.0,
    50.0,
    -353.0,
    -139.0,
    -132.0
  ],
  "y_pred": [
    33.06045729389193,
    31.540448846867825,
    -13.981229918520604,
    -29.248302371953613,
    -56.62796137796515,
    -37.75645188591152,
    -118.04248023223819,
    -319.56273589320506,
    -75.52549630832137,
    -62.95370355299756,
    -12.508449832770795,
    -14.594199737281649,
    -161.96926962448958,
    -48.03122695704844,
    -117.41143850221371
  ],
  "test_smiles": [
    "Cc1ccc(O)c(C(=O)O)c1",
    "Cc1cccc(C(=O)O)c1O",
    "Cc1cccc(C(=O)O)c1[N+](=O)[O-]",
    "Cc1cccc(O)c1O",
    "Cc1occc(=O)c1O",
    "Cl.Cl.NCCc1cnc[nH]1",
    "NC(=O)C[C@H](N)C(=O)O",
    "NC(CO)(CO)CO",
    "NC(CS)C(=O)O",
    "NC(Cc1ccccc1)C(=O)O",
    "NC(N)=O",
    "NC(N)=S",
    "NCC(=O)O",
    "NCCNCCN",
    "N[C@@H](CC(=O)O)C(=O)O"
  ]
}