{
  "alloy": "AZ31",
  "fold": 0,
  "setting": "far_filt",
  "model": "MLP",
  "r2": -0.029703028092027628,
  "mae": 92.76104952494303,
  "pearson_r": 0.15789623205997816,
  "pearson_p": 0.574100928485607,
  "n_train": 4745,
  "n_test": 15,
  "n_features": 2096,
  "elapsed_s": 1055.2,
  "y_test": [
    -60.0,
    -318.0,
    14.0,
    74.0,
    45.0,
    -50.0,
    -25.0,
    -35.0,
    40.0,
    -201.0,
    63.0,
    -327.0,
    30.0,
    -43.0,
    36.0
  ],
  "y_pred": [
    -8.882678985595703,
    -75.81409454345703,
    -6.339845657348633,
    -41.97628402709961,
    -39.58266067504883,
    -40.046321868896484,
    -42.32740783691406,
    37.64993667602539,
    -52.676204681396484,
    18.34442901611328,
    5.475751876831055,
    -34.58297348022461,
    -63.55332946777344,
    -58.22185516357422,
    29.454389572143555
  ],
  "test_smiles": [
    "C/C(=C/C(=O)O)C(=O)O",
    "C1CNCCN1",
    "C1N2CN3CN1CN(C2)C3",
    "CC(=O)O",
    "CC(C)(C)c1ccc(C(=O)O)cc1",
    "CC(C)(CO)[C@@H](O)C(=O)NCCCO",
    "CC(O)C(=O)O",
    "CC1(C)S[C@@H]2[C@H](NC(=O)Cc3ccccc3)C(=O)N2[C@H]1C(=O)[O-].[Na+]",
    "CCC(=O)O",
    "CCCCCCCCCCCCCCCCCC(=O)[O-].[Na+]",
    "CCCCCCCCCCCCc1ccc(S(=O)(=O)O)cc1",
    "CCCC[C@H](N)C(=O)O",
    "COC(=O)NC1C(OC2C(CO)OC(OC3C(CO)OC(O)C(N)C3O)C(N)C2O)OC(CO)C(OC2OC(CO)C(OC3OC(CO)C(OC4OC(CO)C(OC5OC(CO)C(OC6OC(CO)C(OC7OC(CO)C(O)C(O)C7N)C(O)C6N)C(O)C5N)C(O)C4N)C(O)C3N)C(O)C2N)C1O",
    "Cc1cc(C)[nH]n1",
    "Cc1ccc(C(=O)O)c(O)c1"
  ]
}