{
  "alloy": "AZ31",
  "fold": 2,
  "setting": "exact",
  "model": "ChemProp",
  "r2": -0.017758873324217106,
  "mae": 150.96348673502604,
  "pearson_r": 0.37801526603380037,
  "pearson_p": 0.16476205342074707,
  "n_train": 60,
  "n_test": 15,
  "n_features": 3,
  "elapsed_s": 30.0,
  "y_test": [
    -229.0,
    56.0,
    83.0,
    58.0,
    -222.0,
    49.0,
    -614.0,
    21.0,
    -197.0,
    90.0,
    12.0,
    49.0,
    38.0,
    51.0,
    -66.0
  ],
  "y_pred": [
    -80.95468139648438,
    -79.8544921875,
    -79.85662078857422,
    -79.89252471923828,
    -79.99341583251953,
    -81.03046417236328,
    -80.93295288085938,
    -80.2352066040039,
    -79.94641876220703,
    -80.34235382080078,
    -80.3385238647461,
    -80.58120727539062,
    -80.14457702636719,
    -80.50138854980469,
    -80.50241088867188
  ],
  "test_smiles": [
    "N[C@@H](CCC(=O)O)C(=O)O",
    "Nc1ccc(C(=O)O)c(O)c1",
    "Nc1ccc(O)c(C(=O)O)c1",
    "Nc1nc2ncc(CNc3ccc(C(=O)NC(CCC(=O)O)C(=O)O)cc3)nc2c(=O)[nH]1",
    "Nc1ncn[nH]1",
    "O.O.O=C([O-])[C@H](O)CO.O=C([O-])[C@H](O)CO.[Ca+2]",
    "O.O=C(O)CN(CC(=O)O)[C@@H]1CCCC[C@H]1N(CC(=O)O)CC(=O)O",
    "O=C(CC(=O)C(F)(F)F)c1cccs1",
    "O=C(NO)c1ccccc1O",
    "O=C(O)/C=C/C(=O)O",
    "O=C(O)/C=C\\C(=O)O",
    "O=C(O)C(O)C(O)C(=O)O",
    "O=C(O)C(O)c1ccccc1",
    "O=C(O)C1(O)C[C@@H](O)C(O)[C@H](O)C1",
    "O=C(O)CC(O)(C(=O)O)C(=O)O"
  ]
}