{
  "alloy": "AZ31",
  "fold": 4,
  "setting": "close_filt",
  "model": "RF",
  "r2": 0.2514371942772643,
  "mae": 58.46397288888889,
  "pearson_r": 0.5266507266457123,
  "pearson_p": 0.04369834027790215,
  "n_train": 800,
  "n_test": 15,
  "n_features": 2091,
  "elapsed_s": 126.9,
  "y_test": [
    86.0,
    58.0,
    36.0,
    36.0,
    54.0,
    37.0,
    62.0,
    77.0,
    34.0,
    78.0,
    -191.0,
    -36.0,
    -294.0,
    9.0,
    -7.0
  ],
  "y_pred": [
    35.621236666666675,
    7.886933333333335,
    49.80009000000001,
    7.769126666666666,
    56.99293333333334,
    53.59039666666666,
    59.87407,
    -56.33326000000001,
    -34.51688,
    9.854239999999999,
    -33.243520000000004,
    -13.359160000000001,
    -49.20888,
    -3.1185999999999994,
    -12.4246
  ],
  "test_smiles": [
    "O=C(O)c1ccc2ccccc2n1",
    "O=C(O)c1ccccc1",
    "O=C(O)c1ccccc1C(=O)O",
    "O=C(O)c1ccccc1O",
    "O=C(O)c1ccccn1",
    "O=C(O)c1cccnc1",
    "O=C(O)c1cccnc1C(=O)O",
    "O=C1NC(=O)C([N+](=O)[O-])C(=O)N1",
    "O=C1O[C@H]([C@@H](O)CO)C(O)=C1O",
    "O=CO",
    "O=P(O)(O)OC1C(OP(=O)(O)O)C(OP(=O)(O)O)C(OP(=O)(O)O)C(OP(=O)(O)O)C1OP(=O)(O)O",
    "O=c1cc(CO)occ1O",
    "O=c1cc[nH]c(=O)[nH]1",
    "OCC(O)CO",
    "OC[C@H]1OC(O)[C@H](O)[C@@H](O)[C@@H]1O"
  ]
}