{
  "alloy": "AZ31",
  "fold": 0,
  "setting": "far_filt",
  "model": "RF",
  "r2": -0.0720122412256552,
  "mae": 97.61285181904762,
  "pearson_r": 0.32414516225709344,
  "pearson_p": 0.23853326813158746,
  "n_train": 4745,
  "n_test": 15,
  "n_features": 2096,
  "elapsed_s": 1157.6,
  "y_test": [
    -60.0,
    -318.0,
    14.0,
    74.0,
    45.0,
    -50.0,
    -25.0,
    -35.0,
    40.0,
    -201.0,
    63.0,
    -327.0,
    30.0,
    -43.0,
    36.0
  ],
  "y_pred": [
    44.710339999999995,
    -16.881333333333334,
    -1.4129000000000003,
    47.11392000000001,
    3.1979833333333336,
    2.4249266666666665,
    40.737019999999994,
    5.912932333333332,
    48.49058,
    29.469130952380947,
    -23.475933333333327,
    -164.61692,
    -86.48823733333333,
    -239.39093333333335,
    50.49
  ],
  "test_smiles": [
    "C/C(=C/C(=O)O)C(=O)O",
    "C1CNCCN1",
    "C1N2CN3CN1CN(C2)C3",
    "CC(=O)O",
    "CC(C)(C)c1ccc(C(=O)O)cc1",
    "CC(C)(CO)[C@@H](O)C(=O)NCCCO",
    "CC(O)C(=O)O",
    "CC1(C)S[C@@H]2[C@H](NC(=O)Cc3ccccc3)C(=O)N2[C@H]1C(=O)[O-].[Na+]",
    "CCC(=O)O",
    "CCCCCCCCCCCCCCCCCC(=O)[O-].[Na+]",
    "CCCCCCCCCCCCc1ccc(S(=O)(=O)O)cc1",
    "CCCC[C@H](N)C(=O)O",
    "COC(=O)NC1C(OC2C(CO)OC(OC3C(CO)OC(O)C(N)C3O)C(N)C2O)OC(CO)C(OC2OC(CO)C(OC3OC(CO)C(OC4OC(CO)C(OC5OC(CO)C(OC6OC(CO)C(OC7OC(CO)C(O)C(O)C7N)C(O)C6N)C(O)C5N)C(O)C4N)C(O)C3N)C(O)C2N)C1O",
    "Cc1cc(C)[nH]n1",
    "Cc1ccc(C(=O)O)c(O)c1"
  ]
}