{
  "alloy": "AZ31",
  "fold": 2,
  "setting": "far_filt",
  "model": "MLP",
  "r2": 0.027592321907953687,
  "mae": 134.40854237874348,
  "pearson_r": 0.19224330838580553,
  "pearson_p": 0.4924559682782077,
  "n_train": 4736,
  "n_test": 15,
  "n_features": 2096,
  "elapsed_s": 668.7,
  "y_test": [
    -229.0,
    56.0,
    83.0,
    58.0,
    -222.0,
    49.0,
    -614.0,
    21.0,
    -197.0,
    90.0,
    12.0,
    49.0,
    38.0,
    51.0,
    -66.0
  ],
  "y_pred": [
    -30.388652801513672,
    -20.84996795654297,
    -16.578454971313477,
    9.570687294006348,
    -24.652616500854492,
    -38.101924896240234,
    -80.09042358398438,
    -2.268052101135254,
    -19.592796325683594,
    -79.25170135498047,
    -64.19541931152344,
    -110.6751937866211,
    5.217555999755859,
    -51.53238296508789,
    -32.81222915649414
  ],
  "test_smiles": [
    "N[C@@H](CCC(=O)O)C(=O)O",
    "Nc1ccc(C(=O)O)c(O)c1",
    "Nc1ccc(O)c(C(=O)O)c1",
    "Nc1nc2ncc(CNc3ccc(C(=O)NC(CCC(=O)O)C(=O)O)cc3)nc2c(=O)[nH]1",
    "Nc1ncn[nH]1",
    "O.O.O=C([O-])[C@H](O)CO.O=C([O-])[C@H](O)CO.[Ca+2]",
    "O.O=C(O)CN(CC(=O)O)[C@@H]1CCCC[C@H]1N(CC(=O)O)CC(=O)O",
    "O=C(CC(=O)C(F)(F)F)c1cccs1",
    "O=C(NO)c1ccccc1O",
    "O=C(O)/C=C/C(=O)O",
    "O=C(O)/C=C\\C(=O)O",
    "O=C(O)C(O)C(O)C(=O)O",
    "O=C(O)C(O)c1ccccc1",
    "O=C(O)C1(O)C[C@@H](O)C(O)[C@H](O)C1",
    "O=C(O)CC(O)(C(=O)O)C(=O)O"
  ]
}