{
  "alloy": "AZ31",
  "fold": 2,
  "setting": "close_unfilt",
  "model": "MLP",
  "r2": 0.890684680021715,
  "mae": 39.983865690231326,
  "pearson_r": 0.9607433932511102,
  "pearson_p": 1.2965791122598634e-08,
  "n_train": 899,
  "n_test": 15,
  "n_features": 2091,
  "elapsed_s": 218.7,
  "y_test": [
    -229.0,
    56.0,
    83.0,
    58.0,
    -222.0,
    49.0,
    -614.0,
    21.0,
    -197.0,
    90.0,
    12.0,
    49.0,
    38.0,
    51.0,
    -66.0
  ],
  "y_pred": [
    -90.60047149658203,
    55.148006439208984,
    67.5534439086914,
    19.626710891723633,
    -223.2040557861328,
    25.110746383666992,
    -778.134033203125,
    16.70025062561035,
    -151.02069091796875,
    66.15025329589844,
    28.03121566772461,
    22.501195907592773,
    3.349205732345581,
    24.653398513793945,
    -105.80305480957031
  ],
  "test_smiles": [
    "N[C@@H](CCC(=O)O)C(=O)O",
    "Nc1ccc(C(=O)O)c(O)c1",
    "Nc1ccc(O)c(C(=O)O)c1",
    "Nc1nc2ncc(CNc3ccc(C(=O)NC(CCC(=O)O)C(=O)O)cc3)nc2c(=O)[nH]1",
    "Nc1ncn[nH]1",
    "O.O.O=C([O-])[C@H](O)CO.O=C([O-])[C@H](O)CO.[Ca+2]",
    "O.O=C(O)CN(CC(=O)O)[C@@H]1CCCC[C@H]1N(CC(=O)O)CC(=O)O",
    "O=C(CC(=O)C(F)(F)F)c1cccs1",
    "O=C(NO)c1ccccc1O",
    "O=C(O)/C=C/C(=O)O",
    "O=C(O)/C=C\\C(=O)O",
    "O=C(O)C(O)C(O)C(=O)O",
    "O=C(O)C(O)c1ccccc1",
    "O=C(O)C1(O)C[C@@H](O)C(O)[C@H](O)C1",
    "O=C(O)CC(O)(C(=O)O)C(=O)O"
  ]
}