{
  "alloy": "AZ31",
  "fold": 0,
  "setting": "close_filt",
  "model": "GBR",
  "r2": -0.3040215826846162,
  "mae": 111.51452072269595,
  "pearson_r": 0.13779505165684686,
  "pearson_p": 0.6243275134716277,
  "n_train": 815,
  "n_test": 15,
  "n_features": 2091,
  "elapsed_s": 88.9,
  "y_test": [
    -60.0,
    -318.0,
    14.0,
    74.0,
    45.0,
    -50.0,
    -25.0,
    -35.0,
    40.0,
    -201.0,
    63.0,
    -327.0,
    30.0,
    -43.0,
    36.0
  ],
  "y_pred": [
    19.835794637422804,
    -36.5790396046463,
    -47.73060722095143,
    6.921129745123649,
    4.941413799900111,
    4.452523071378735,
    11.741495459414814,
    -12.314468046084261,
    10.296687838926346,
    12.572858127917033,
    -71.06283948813258,
    -128.74582136834516,
    -145.65287648361104,
    -311.4932134250572,
    27.0258366704207
  ],
  "test_smiles": [
    "C/C(=C/C(=O)O)C(=O)O",
    "C1CNCCN1",
    "C1N2CN3CN1CN(C2)C3",
    "CC(=O)O",
    "CC(C)(C)c1ccc(C(=O)O)cc1",
    "CC(C)(CO)[C@@H](O)C(=O)NCCCO",
    "CC(O)C(=O)O",
    "CC1(C)S[C@@H]2[C@H](NC(=O)Cc3ccccc3)C(=O)N2[C@H]1C(=O)[O-].[Na+]",
    "CCC(=O)O",
    "CCCCCCCCCCCCCCCCCC(=O)[O-].[Na+]",
    "CCCCCCCCCCCCc1ccc(S(=O)(=O)O)cc1",
    "CCCC[C@H](N)C(=O)O",
    "COC(=O)NC1C(OC2C(CO)OC(OC3C(CO)OC(O)C(N)C3O)C(N)C2O)OC(CO)C(OC2OC(CO)C(OC3OC(CO)C(OC4OC(CO)C(OC5OC(CO)C(OC6OC(CO)C(OC7OC(CO)C(O)C(O)C7N)C(O)C6N)C(O)C5N)C(O)C4N)C(O)C3N)C(O)C2N)C1O",
    "Cc1cc(C)[nH]n1",
    "Cc1ccc(C(=O)O)c(O)c1"
  ]
}