{
  "alloy": "AZ31",
  "fold": 1,
  "setting": "close_filt",
  "model": "kNN_Tan",
  "r2": -0.6153750474902995,
  "mae": 166.40618222861218,
  "pearson_r": 0.03970837592538673,
  "pearson_p": 0.8882633464813774,
  "n_train": 795,
  "n_test": 15,
  "n_features": 2091,
  "elapsed_s": 0.0,
  "y_test": [
    59.0,
    78.0,
    43.0,
    -105.0,
    -183.0,
    -240.0,
    -397.0,
    -569.0,
    -155.0,
    -267.0,
    -69.0,
    50.0,
    -353.0,
    -139.0,
    -132.0
  ],
  "y_pred": [
    -3.375999942418612,
    -0.7439999804878243,
    29.667916905480702,
    -19.13600033745867,
    -69.37599870108218,
    -64.89061544828367,
    -46.63421029391146,
    29.478611379987232,
    -10.564833191909518,
    -8.842957686651978,
    3.7527617599210465,
    -9.704741133579844,
    9.972764835329002,
    -65.70933109180832,
    -85.11428194595433
  ],
  "test_smiles": [
    "Cc1ccc(O)c(C(=O)O)c1",
    "Cc1cccc(C(=O)O)c1O",
    "Cc1cccc(C(=O)O)c1[N+](=O)[O-]",
    "Cc1cccc(O)c1O",
    "Cc1occc(=O)c1O",
    "Cl.Cl.NCCc1cnc[nH]1",
    "NC(=O)C[C@H](N)C(=O)O",
    "NC(CO)(CO)CO",
    "NC(CS)C(=O)O",
    "NC(Cc1ccccc1)C(=O)O",
    "NC(N)=O",
    "NC(N)=S",
    "NCC(=O)O",
    "NCCNCCN",
    "N[C@@H](CC(=O)O)C(=O)O"
  ]
}