{
  "alloy": "AZ31",
  "fold": 3,
  "setting": "exact",
  "model": "RF",
  "r2": -0.22643410315157553,
  "mae": 159.60861333333335,
  "pearson_r": 0.2777651279246107,
  "pearson_p": 0.316170630847696,
  "n_train": 60,
  "n_test": 15,
  "n_features": 2051,
  "elapsed_s": 10.7,
  "y_test": [
    10.0,
    51.0,
    38.0,
    -315.0,
    -379.0,
    -311.0,
    61.0,
    74.0,
    19.0,
    26.0,
    -73.0,
    3.0,
    84.0,
    -696.0,
    -399.0
  ],
  "y_pred": [
    21.648200000000003,
    12.803199999999999,
    -1.6242,
    -77.49579999999999,
    -76.6848,
    -79.934,
    14.685200000000002,
    14.723399999999996,
    11.308,
    -2.783000000000001,
    56.676,
    46.0198,
    45.900200000000005,
    41.7574,
    44.155199999999994
  ],
  "test_smiles": [
    "O=C(O)CC(O)C(=O)O",
    "O=C(O)CCC(=O)O",
    "O=C(O)CCCCC(=O)O",
    "O=C(O)CN(CC(=O)O)CC(=O)O",
    "O=C(O)CN(CCN(CC(=O)O)CC(=O)O)CC(=O)O",
    "O=C(O)CN(CCO)CCO",
    "O=C(O)CO",
    "O=C(O)COCC(=O)O",
    "O=C(O)[C@H](O)[C@@H](O)[C@H](O)[C@H](O)CO",
    "O=C(O)[C@H](O)[C@@H](O)[C@H](O[C@@H]1O[C@H](CO)[C@H](O)[C@H](O)[C@H]1O)[C@H](O)CO",
    "O=C(O)c1cc(S(=O)(=O)O)ccc1O",
    "O=C(O)c1cc([N+](=O)[O-])cc([N+](=O)[O-])c1O",
    "O=C(O)c1ccc(C(=O)O)nc1",
    "O=C(O)c1ccc(O)c(O)c1",
    "O=C(O)c1ccc(O)cc1"
  ]
}