{
  "alloy": "AZ31",
  "fold": 0,
  "setting": "exact",
  "model": "ChemProp",
  "r2": -0.05643443534364545,
  "mae": 111.22688547770183,
  "pearson_r": 0.49663814623573327,
  "pearson_p": 0.05967275543270946,
  "n_train": 60,
  "n_test": 15,
  "n_features": 3,
  "elapsed_s": 29.5,
  "y_test": [
    -60.0,
    -318.0,
    14.0,
    74.0,
    45.0,
    -50.0,
    -25.0,
    -35.0,
    40.0,
    -201.0,
    63.0,
    -327.0,
    30.0,
    -43.0,
    36.0
  ],
  "y_pred": [
    -81.22807312011719,
    -83.76220703125,
    -84.19920349121094,
    -81.89399719238281,
    -81.23617553710938,
    -82.87105560302734,
    -82.0283432006836,
    -81.40106964111328,
    -82.30433654785156,
    -84.12025451660156,
    -82.7492446899414,
    -82.98953247070312,
    -82.28333282470703,
    -81.28691864013672,
    -80.79352569580078
  ],
  "test_smiles": [
    "C/C(=C/C(=O)O)C(=O)O",
    "C1CNCCN1",
    "C1N2CN3CN1CN(C2)C3",
    "CC(=O)O",
    "CC(C)(C)c1ccc(C(=O)O)cc1",
    "CC(C)(CO)[C@@H](O)C(=O)NCCCO",
    "CC(O)C(=O)O",
    "CC1(C)S[C@@H]2[C@H](NC(=O)Cc3ccccc3)C(=O)N2[C@H]1C(=O)[O-].[Na+]",
    "CCC(=O)O",
    "CCCCCCCCCCCCCCCCCC(=O)[O-].[Na+]",
    "CCCCCCCCCCCCc1ccc(S(=O)(=O)O)cc1",
    "CCCC[C@H](N)C(=O)O",
    "COC(=O)NC1C(OC2C(CO)OC(OC3C(CO)OC(O)C(N)C3O)C(N)C2O)OC(CO)C(OC2OC(CO)C(OC3OC(CO)C(OC4OC(CO)C(OC5OC(CO)C(OC6OC(CO)C(OC7OC(CO)C(O)C(O)C7N)C(O)C6N)C(O)C5N)C(O)C4N)C(O)C3N)C(O)C2N)C1O",
    "Cc1cc(C)[nH]n1",
    "Cc1ccc(C(=O)O)c(O)c1"
  ]
}