{
  "alloy": "AZ31",
  "fold": 3,
  "setting": "close_filt",
  "model": "GBR",
  "r2": -0.3107284710795941,
  "mae": 175.1102810324853,
  "pearson_r": -0.05192754911930733,
  "pearson_p": 0.854178524015197,
  "n_train": 789,
  "n_test": 15,
  "n_features": 2091,
  "elapsed_s": 87.6,
  "y_test": [
    10.0,
    51.0,
    38.0,
    -315.0,
    -379.0,
    -311.0,
    61.0,
    74.0,
    19.0,
    26.0,
    -73.0,
    3.0,
    84.0,
    -696.0,
    -399.0
  ],
  "y_pred": [
    -17.516194961671953,
    -17.87558236081718,
    -17.85611678297541,
    -62.349009607011624,
    -62.503789553397056,
    -58.79228080164469,
    -17.742883520571862,
    -19.80988145165566,
    -17.481434221985065,
    -20.805927587203755,
    65.47803505545505,
    32.34711314268081,
    53.41617429636832,
    52.04713950097347,
    51.75516115971117
  ],
  "test_smiles": [
    "O=C(O)CC(O)C(=O)O",
    "O=C(O)CCC(=O)O",
    "O=C(O)CCCCC(=O)O",
    "O=C(O)CN(CC(=O)O)CC(=O)O",
    "O=C(O)CN(CCN(CC(=O)O)CC(=O)O)CC(=O)O",
    "O=C(O)CN(CCO)CCO",
    "O=C(O)CO",
    "O=C(O)COCC(=O)O",
    "O=C(O)[C@H](O)[C@@H](O)[C@H](O)[C@H](O)CO",
    "O=C(O)[C@H](O)[C@@H](O)[C@H](O[C@@H]1O[C@H](CO)[C@H](O)[C@H](O)[C@H]1O)[C@H](O)CO",
    "O=C(O)c1cc(S(=O)(=O)O)ccc1O",
    "O=C(O)c1cc([N+](=O)[O-])cc([N+](=O)[O-])c1O",
    "O=C(O)c1ccc(C(=O)O)nc1",
    "O=C(O)c1ccc(O)c(O)c1",
    "O=C(O)c1ccc(O)cc1"
  ]
}