{
  "alloy": "AZ31",
  "fold": 3,
  "setting": "close_filt",
  "model": "RF",
  "r2": -0.4269657252766743,
  "mae": 171.86214366666667,
  "pearson_r": -0.03602297927008079,
  "pearson_p": 0.8985819845915715,
  "n_train": 789,
  "n_test": 15,
  "n_features": 2091,
  "elapsed_s": 121.6,
  "y_test": [
    10.0,
    51.0,
    38.0,
    -315.0,
    -379.0,
    -311.0,
    61.0,
    74.0,
    19.0,
    26.0,
    -73.0,
    3.0,
    84.0,
    -696.0,
    -399.0
  ],
  "y_pred": [
    30.983759999999993,
    24.83308,
    9.59066,
    -7.203980000000001,
    -10.67534,
    -11.681740000000005,
    26.84792,
    25.431339999999995,
    21.722013333333333,
    0.8701299999999996,
    60.85383000000001,
    42.887485,
    56.93506666666667,
    62.54236666666666,
    58.01195666666666
  ],
  "test_smiles": [
    "O=C(O)CC(O)C(=O)O",
    "O=C(O)CCC(=O)O",
    "O=C(O)CCCCC(=O)O",
    "O=C(O)CN(CC(=O)O)CC(=O)O",
    "O=C(O)CN(CCN(CC(=O)O)CC(=O)O)CC(=O)O",
    "O=C(O)CN(CCO)CCO",
    "O=C(O)CO",
    "O=C(O)COCC(=O)O",
    "O=C(O)[C@H](O)[C@@H](O)[C@H](O)[C@H](O)CO",
    "O=C(O)[C@H](O)[C@@H](O)[C@H](O[C@@H]1O[C@H](CO)[C@H](O)[C@H](O)[C@H]1O)[C@H](O)CO",
    "O=C(O)c1cc(S(=O)(=O)O)ccc1O",
    "O=C(O)c1cc([N+](=O)[O-])cc([N+](=O)[O-])c1O",
    "O=C(O)c1ccc(C(=O)O)nc1",
    "O=C(O)c1ccc(O)c(O)c1",
    "O=C(O)c1ccc(O)cc1"
  ]
}