{
  "alloy": "AZ31",
  "fold": 4,
  "setting": "far_filt",
  "model": "ChemProp",
  "r2": -0.43098792543545783,
  "mae": 99.41844193140666,
  "pearson_r": 0.21737497648550994,
  "pearson_p": 0.436434706849748,
  "n_train": 4720,
  "n_test": 15,
  "n_features": 48,
  "elapsed_s": 532.8,
  "y_test": [
    86.0,
    58.0,
    36.0,
    36.0,
    54.0,
    37.0,
    62.0,
    77.0,
    34.0,
    78.0,
    -191.0,
    -36.0,
    -294.0,
    9.0,
    -7.0
  ],
  "y_pred": [
    -16.567176818847656,
    -23.08128547668457,
    -19.743249893188477,
    -52.566104888916016,
    -51.7527961730957,
    -53.29417037963867,
    -26.65399169921875,
    -251.05117797851562,
    -73.23467254638672,
    20.908246994018555,
    -80.8021240234375,
    -91.33309936523438,
    -110.12096405029297,
    -14.84184741973877,
    5.988391399383545
  ],
  "test_smiles": [
    "O=C(O)c1ccc2ccccc2n1",
    "O=C(O)c1ccccc1",
    "O=C(O)c1ccccc1C(=O)O",
    "O=C(O)c1ccccc1O",
    "O=C(O)c1ccccn1",
    "O=C(O)c1cccnc1",
    "O=C(O)c1cccnc1C(=O)O",
    "O=C1NC(=O)C([N+](=O)[O-])C(=O)N1",
    "O=C1O[C@H]([C@@H](O)CO)C(O)=C1O",
    "O=CO",
    "O=P(O)(O)OC1C(OP(=O)(O)O)C(OP(=O)(O)O)C(OP(=O)(O)O)C(OP(=O)(O)O)C1OP(=O)(O)O",
    "O=c1cc(CO)occ1O",
    "O=c1cc[nH]c(=O)[nH]1",
    "OCC(O)CO",
    "OC[C@H]1OC(O)[C@H](O)[C@@H](O)[C@@H]1O"
  ]
}