{
  "alloy": "AZ31",
  "fold": 4,
  "setting": "far_filt",
  "model": "RF",
  "r2": 0.2536918088919713,
  "mae": 58.4671053015873,
  "pearson_r": 0.5318061341456517,
  "pearson_p": 0.04131105823774023,
  "n_train": 4720,
  "n_test": 15,
  "n_features": 2096,
  "elapsed_s": 1231.8,
  "y_test": [
    86.0,
    58.0,
    36.0,
    36.0,
    54.0,
    37.0,
    62.0,
    77.0,
    34.0,
    78.0,
    -191.0,
    -36.0,
    -294.0,
    9.0,
    -7.0
  ],
  "y_pred": [
    33.36488666666666,
    11.6942,
    47.972476666666665,
    6.646469999999999,
    55.27388761904762,
    53.24112,
    58.763021428571435,
    -53.439919999999994,
    -36.06892,
    9.693739999999998,
    -35.14287999999999,
    -14.417566666666666,
    -47.525619999999996,
    -5.73244,
    -15.5262
  ],
  "test_smiles": [
    "O=C(O)c1ccc2ccccc2n1",
    "O=C(O)c1ccccc1",
    "O=C(O)c1ccccc1C(=O)O",
    "O=C(O)c1ccccc1O",
    "O=C(O)c1ccccn1",
    "O=C(O)c1cccnc1",
    "O=C(O)c1cccnc1C(=O)O",
    "O=C1NC(=O)C([N+](=O)[O-])C(=O)N1",
    "O=C1O[C@H]([C@@H](O)CO)C(O)=C1O",
    "O=CO",
    "O=P(O)(O)OC1C(OP(=O)(O)O)C(OP(=O)(O)O)C(OP(=O)(O)O)C(OP(=O)(O)O)C1OP(=O)(O)O",
    "O=c1cc(CO)occ1O",
    "O=c1cc[nH]c(=O)[nH]1",
    "OCC(O)CO",
    "OC[C@H]1OC(O)[C@H](O)[C@@H](O)[C@@H]1O"
  ]
}