{
  "alloy": "AZ31",
  "fold": 1,
  "setting": "exact",
  "model": "ChemProp",
  "r2": -0.33491331617077136,
  "mae": 163.62379811604816,
  "pearson_r": 0.49892127165349975,
  "pearson_p": 0.0583269487875123,
  "n_train": 60,
  "n_test": 15,
  "n_features": 3,
  "elapsed_s": 30.5,
  "y_test": [
    59.0,
    78.0,
    43.0,
    -105.0,
    -183.0,
    -240.0,
    -397.0,
    -569.0,
    -155.0,
    -267.0,
    -69.0,
    50.0,
    -353.0,
    -139.0,
    -132.0
  ],
  "y_pred": [
    -53.745323181152344,
    -53.71363830566406,
    -53.66822814941406,
    -53.80516052246094,
    -53.76386642456055,
    -54.477684020996094,
    -54.64815902709961,
    -55.157554626464844,
    -54.71012878417969,
    -54.04083251953125,
    -54.532047271728516,
    -54.543941497802734,
    -54.772926330566406,
    -55.85688781738281,
    -54.548912048339844
  ],
  "test_smiles": [
    "Cc1ccc(O)c(C(=O)O)c1",
    "Cc1cccc(C(=O)O)c1O",
    "Cc1cccc(C(=O)O)c1[N+](=O)[O-]",
    "Cc1cccc(O)c1O",
    "Cc1occc(=O)c1O",
    "Cl.Cl.NCCc1cnc[nH]1",
    "NC(=O)C[C@H](N)C(=O)O",
    "NC(CO)(CO)CO",
    "NC(CS)C(=O)O",
    "NC(Cc1ccccc1)C(=O)O",
    "NC(N)=O",
    "NC(N)=S",
    "NCC(=O)O",
    "NCCNCCN",
    "N[C@@H](CC(=O)O)C(=O)O"
  ]
}