{
  "alloy": "AZ31",
  "fold": 1,
  "setting": "close_filt",
  "model": "GBR",
  "r2": -0.43026897775863704,
  "mae": 159.98957369541915,
  "pearson_r": 0.3541630434670333,
  "pearson_p": 0.19527176064706045,
  "n_train": 795,
  "n_test": 15,
  "n_features": 2091,
  "elapsed_s": 86.7,
  "y_test": [
    59.0,
    78.0,
    43.0,
    -105.0,
    -183.0,
    -240.0,
    -397.0,
    -569.0,
    -155.0,
    -267.0,
    -69.0,
    50.0,
    -353.0,
    -139.0,
    -132.0
  ],
  "y_pred": [
    30.963622113060048,
    32.97360012748253,
    23.91515662821524,
    -6.58241737260454,
    -46.66881394042008,
    -113.32639478404408,
    -54.51119285185277,
    -0.6625508981886147,
    -48.232048133380786,
    -46.250906397305926,
    12.346479891124673,
    -71.22251933899113,
    -34.29982063235405,
    -30.423370135159413,
    -53.915499784759966
  ],
  "test_smiles": [
    "Cc1ccc(O)c(C(=O)O)c1",
    "Cc1cccc(C(=O)O)c1O",
    "Cc1cccc(C(=O)O)c1[N+](=O)[O-]",
    "Cc1cccc(O)c1O",
    "Cc1occc(=O)c1O",
    "Cl.Cl.NCCc1cnc[nH]1",
    "NC(=O)C[C@H](N)C(=O)O",
    "NC(CO)(CO)CO",
    "NC(CS)C(=O)O",
    "NC(Cc1ccccc1)C(=O)O",
    "NC(N)=O",
    "NC(N)=S",
    "NCC(=O)O",
    "NCCNCCN",
    "N[C@@H](CC(=O)O)C(=O)O"
  ]
}