{
  "alloy": "AZ31",
  "fold": 0,
  "setting": "exact",
  "model": "RF",
  "r2": 0.04957497614222184,
  "mae": 89.83990666666668,
  "pearson_r": 0.38142892535740525,
  "pearson_p": 0.16067068778597604,
  "n_train": 60,
  "n_test": 15,
  "n_features": 2051,
  "elapsed_s": 10.4,
  "y_test": [
    -60.0,
    -318.0,
    14.0,
    74.0,
    45.0,
    -50.0,
    -25.0,
    -35.0,
    40.0,
    -201.0,
    63.0,
    -327.0,
    30.0,
    -43.0,
    36.0
  ],
  "y_pred": [
    51.7504,
    -18.161000000000005,
    -10.0016,
    53.15779999999998,
    -107.39020000000001,
    -45.437799999999996,
    43.8018,
    13.459799999999996,
    43.88419999999999,
    26.5178,
    -11.193399999999997,
    -191.9228,
    -70.1002,
    -109.87279999999998,
    45.3058
  ],
  "test_smiles": [
    "C/C(=C/C(=O)O)C(=O)O",
    "C1CNCCN1",
    "C1N2CN3CN1CN(C2)C3",
    "CC(=O)O",
    "CC(C)(C)c1ccc(C(=O)O)cc1",
    "CC(C)(CO)[C@@H](O)C(=O)NCCCO",
    "CC(O)C(=O)O",
    "CC1(C)S[C@@H]2[C@H](NC(=O)Cc3ccccc3)C(=O)N2[C@H]1C(=O)[O-].[Na+]",
    "CCC(=O)O",
    "CCCCCCCCCCCCCCCCCC(=O)[O-].[Na+]",
    "CCCCCCCCCCCCc1ccc(S(=O)(=O)O)cc1",
    "CCCC[C@H](N)C(=O)O",
    "COC(=O)NC1C(OC2C(CO)OC(OC3C(CO)OC(O)C(N)C3O)C(N)C2O)OC(CO)C(OC2OC(CO)C(OC3OC(CO)C(OC4OC(CO)C(OC5OC(CO)C(OC6OC(CO)C(OC7OC(CO)C(O)C(O)C7N)C(O)C6N)C(O)C5N)C(O)C4N)C(O)C3N)C(O)C2N)C1O",
    "Cc1cc(C)[nH]n1",
    "Cc1ccc(C(=O)O)c(O)c1"
  ]
}