{
  "alloy": "AZ31",
  "fold": 0,
  "setting": "exact",
  "model": "kNN_Tan",
  "r2": -0.055758616956941065,
  "mae": 107.55038808083616,
  "pearson_r": 0.3047410534067449,
  "pearson_p": 0.269420563444473,
  "n_train": 60,
  "n_test": 15,
  "n_features": 2051,
  "elapsed_s": 0.0,
  "y_test": [
    -60.0,
    -318.0,
    14.0,
    74.0,
    45.0,
    -50.0,
    -25.0,
    -35.0,
    40.0,
    -201.0,
    63.0,
    -327.0,
    30.0,
    -43.0,
    36.0
  ],
  "y_pred": [
    5.037213017993948,
    -82.30342844659319,
    -168.18675162105856,
    8.853888253125525,
    -190.40342869044514,
    8.57655455873948,
    -0.32523850929178266,
    -22.357752253423726,
    -63.442057197072245,
    -26.398131012350394,
    -88.14783853004468,
    -235.99619897664078,
    -40.86408601516168,
    -160.64626683193285,
    61.18626220151911
  ],
  "test_smiles": [
    "C/C(=C/C(=O)O)C(=O)O",
    "C1CNCCN1",
    "C1N2CN3CN1CN(C2)C3",
    "CC(=O)O",
    "CC(C)(C)c1ccc(C(=O)O)cc1",
    "CC(C)(CO)[C@@H](O)C(=O)NCCCO",
    "CC(O)C(=O)O",
    "CC1(C)S[C@@H]2[C@H](NC(=O)Cc3ccccc3)C(=O)N2[C@H]1C(=O)[O-].[Na+]",
    "CCC(=O)O",
    "CCCCCCCCCCCCCCCCCC(=O)[O-].[Na+]",
    "CCCCCCCCCCCCc1ccc(S(=O)(=O)O)cc1",
    "CCCC[C@H](N)C(=O)O",
    "COC(=O)NC1C(OC2C(CO)OC(OC3C(CO)OC(O)C(N)C3O)C(N)C2O)OC(CO)C(OC2OC(CO)C(OC3OC(CO)C(OC4OC(CO)C(OC5OC(CO)C(OC6OC(CO)C(OC7OC(CO)C(O)C(O)C7N)C(O)C6N)C(O)C5N)C(O)C4N)C(O)C3N)C(O)C2N)C1O",
    "Cc1cc(C)[nH]n1",
    "Cc1ccc(C(=O)O)c(O)c1"
  ]
}