{
  "alloy": "AZ31",
  "fold": 2,
  "setting": "far_unfilt",
  "model": "ChemProp",
  "r2": 0.8191035879222548,
  "mae": 67.82218468983969,
  "pearson_r": 0.9308560454418581,
  "pearson_p": 4.77697188806586e-07,
  "n_train": 4854,
  "n_test": 15,
  "n_features": 48,
  "elapsed_s": 614.3,
  "y_test": [
    -229.0,
    56.0,
    83.0,
    58.0,
    -222.0,
    49.0,
    -614.0,
    21.0,
    -197.0,
    90.0,
    12.0,
    49.0,
    38.0,
    51.0,
    -66.0
  ],
  "y_pred": [
    -146.1757354736328,
    -47.27907943725586,
    -47.91983413696289,
    -48.15982437133789,
    -219.80697631835938,
    10.95559024810791,
    -640.943603515625,
    -15.340230941772461,
    -67.14818572998047,
    16.08135414123535,
    16.805845260620117,
    -19.439390182495117,
    -31.31022071838379,
    -11.432649612426758,
    -147.86993408203125
  ],
  "test_smiles": [
    "N[C@@H](CCC(=O)O)C(=O)O",
    "Nc1ccc(C(=O)O)c(O)c1",
    "Nc1ccc(O)c(C(=O)O)c1",
    "Nc1nc2ncc(CNc3ccc(C(=O)NC(CCC(=O)O)C(=O)O)cc3)nc2c(=O)[nH]1",
    "Nc1ncn[nH]1",
    "O.O.O=C([O-])[C@H](O)CO.O=C([O-])[C@H](O)CO.[Ca+2]",
    "O.O=C(O)CN(CC(=O)O)[C@@H]1CCCC[C@H]1N(CC(=O)O)CC(=O)O",
    "O=C(CC(=O)C(F)(F)F)c1cccs1",
    "O=C(NO)c1ccccc1O",
    "O=C(O)/C=C/C(=O)O",
    "O=C(O)/C=C\\C(=O)O",
    "O=C(O)C(O)C(O)C(=O)O",
    "O=C(O)C(O)c1ccccc1",
    "O=C(O)C1(O)C[C@@H](O)C(O)[C@H](O)C1",
    "O=C(O)CC(O)(C(=O)O)C(=O)O"
  ]
}