{
  "alloy": "AZ31",
  "fold": 3,
  "setting": "exact",
  "model": "MLP",
  "r2": -0.05421884161554735,
  "mae": 182.3012840906779,
  "pearson_r": 0.054996154644696496,
  "pearson_p": 0.8456539933769852,
  "n_train": 60,
  "n_test": 15,
  "n_features": 2051,
  "elapsed_s": 11.9,
  "y_test": [
    10.0,
    51.0,
    38.0,
    -315.0,
    -379.0,
    -311.0,
    61.0,
    74.0,
    19.0,
    26.0,
    -73.0,
    3.0,
    84.0,
    -696.0,
    -399.0
  ],
  "y_pred": [
    -108.31835174560547,
    -98.8407211303711,
    -110.03470611572266,
    -157.6973876953125,
    -146.8967742919922,
    -139.58291625976562,
    -92.12085723876953,
    -89.50453186035156,
    -81.9446792602539,
    -55.24724197387695,
    8.815018653869629,
    -26.704545974731445,
    -27.216642379760742,
    -27.402908325195312,
    -31.648048400878906
  ],
  "test_smiles": [
    "O=C(O)CC(O)C(=O)O",
    "O=C(O)CCC(=O)O",
    "O=C(O)CCCCC(=O)O",
    "O=C(O)CN(CC(=O)O)CC(=O)O",
    "O=C(O)CN(CCN(CC(=O)O)CC(=O)O)CC(=O)O",
    "O=C(O)CN(CCO)CCO",
    "O=C(O)CO",
    "O=C(O)COCC(=O)O",
    "O=C(O)[C@H](O)[C@@H](O)[C@H](O)[C@H](O)CO",
    "O=C(O)[C@H](O)[C@@H](O)[C@H](O[C@@H]1O[C@H](CO)[C@H](O)[C@H](O)[C@H]1O)[C@H](O)CO",
    "O=C(O)c1cc(S(=O)(=O)O)ccc1O",
    "O=C(O)c1cc([N+](=O)[O-])cc([N+](=O)[O-])c1O",
    "O=C(O)c1ccc(C(=O)O)nc1",
    "O=C(O)c1ccc(O)c(O)c1",
    "O=C(O)c1ccc(O)cc1"
  ]
}