{
  "alloy": "AZ31",
  "fold": 2,
  "setting": "exact",
  "model": "MLP",
  "r2": 0.15314737925049304,
  "mae": 146.96823450724284,
  "pearson_r": 0.6555908127446569,
  "pearson_p": 0.007967657621843599,
  "n_train": 60,
  "n_test": 15,
  "n_features": 2051,
  "elapsed_s": 12.8,
  "y_test": [
    -229.0,
    56.0,
    83.0,
    58.0,
    -222.0,
    49.0,
    -614.0,
    21.0,
    -197.0,
    90.0,
    12.0,
    49.0,
    38.0,
    51.0,
    -66.0
  ],
  "y_pred": [
    -149.78677368164062,
    -71.77008056640625,
    -91.9778060913086,
    -94.84918212890625,
    -115.15620422363281,
    -108.61079406738281,
    -185.21298217773438,
    -97.25684356689453,
    -35.29574966430664,
    -82.78854370117188,
    -80.97906494140625,
    -110.17061614990234,
    -63.60724639892578,
    -82.24960327148438,
    -102.71544647216797
  ],
  "test_smiles": [
    "N[C@@H](CCC(=O)O)C(=O)O",
    "Nc1ccc(C(=O)O)c(O)c1",
    "Nc1ccc(O)c(C(=O)O)c1",
    "Nc1nc2ncc(CNc3ccc(C(=O)NC(CCC(=O)O)C(=O)O)cc3)nc2c(=O)[nH]1",
    "Nc1ncn[nH]1",
    "O.O.O=C([O-])[C@H](O)CO.O=C([O-])[C@H](O)CO.[Ca+2]",
    "O.O=C(O)CN(CC(=O)O)[C@@H]1CCCC[C@H]1N(CC(=O)O)CC(=O)O",
    "O=C(CC(=O)C(F)(F)F)c1cccs1",
    "O=C(NO)c1ccccc1O",
    "O=C(O)/C=C/C(=O)O",
    "O=C(O)/C=C\\C(=O)O",
    "O=C(O)C(O)C(O)C(=O)O",
    "O=C(O)C(O)c1ccccc1",
    "O=C(O)C1(O)C[C@@H](O)C(O)[C@H](O)C1",
    "O=C(O)CC(O)(C(=O)O)C(=O)O"
  ]
}