{
  "alloy": "AZ31",
  "fold": 3,
  "setting": "far_unfilt",
  "model": "ChemProp",
  "r2": 0.2014915761040863,
  "mae": 102.4061401043708,
  "pearson_r": 0.5153987669368479,
  "pearson_p": 0.04926185352243072,
  "n_train": 4854,
  "n_test": 15,
  "n_features": 48,
  "elapsed_s": 615.7,
  "y_test": [
    10.0,
    51.0,
    38.0,
    -315.0,
    -379.0,
    -311.0,
    61.0,
    74.0,
    19.0,
    26.0,
    -73.0,
    3.0,
    84.0,
    -696.0,
    -399.0
  ],
  "y_pred": [
    1.3737777471542358,
    10.51297664642334,
    9.790898323059082,
    -296.6034851074219,
    -335.23187255859375,
    -248.11282348632812,
    15.181732177734375,
    4.937920093536377,
    -1.4064494371414185,
    -0.008367410860955715,
    -91.6669921875,
    12.698535919189453,
    9.7471923828125,
    -23.663301467895508,
    -1.5322633981704712
  ],
  "test_smiles": [
    "O=C(O)CC(O)C(=O)O",
    "O=C(O)CCC(=O)O",
    "O=C(O)CCCCC(=O)O",
    "O=C(O)CN(CC(=O)O)CC(=O)O",
    "O=C(O)CN(CCN(CC(=O)O)CC(=O)O)CC(=O)O",
    "O=C(O)CN(CCO)CCO",
    "O=C(O)CO",
    "O=C(O)COCC(=O)O",
    "O=C(O)[C@H](O)[C@@H](O)[C@H](O)[C@H](O)CO",
    "O=C(O)[C@H](O)[C@@H](O)[C@H](O[C@@H]1O[C@H](CO)[C@H](O)[C@H](O)[C@H]1O)[C@H](O)CO",
    "O=C(O)c1cc(S(=O)(=O)O)ccc1O",
    "O=C(O)c1cc([N+](=O)[O-])cc([N+](=O)[O-])c1O",
    "O=C(O)c1ccc(C(=O)O)nc1",
    "O=C(O)c1ccc(O)c(O)c1",
    "O=C(O)c1ccc(O)cc1"
  ]
}