{
  "alloy": "AZ31",
  "fold": 0,
  "setting": "close_unfilt",
  "model": "ChemProp",
  "r2": 0.13944030140422015,
  "mae": 93.21738776365916,
  "pearson_r": 0.4102873331297293,
  "pearson_p": 0.12876532151267367,
  "n_train": 899,
  "n_test": 15,
  "n_features": 43,
  "elapsed_s": 105.9,
  "y_test": [
    -60.0,
    -318.0,
    14.0,
    74.0,
    45.0,
    -50.0,
    -25.0,
    -35.0,
    40.0,
    -201.0,
    63.0,
    -327.0,
    30.0,
    -43.0,
    36.0
  ],
  "y_pred": [
    23.614032745361328,
    -203.66709899902344,
    -14.987192153930664,
    38.77536392211914,
    -32.41620635986328,
    -144.31253051757812,
    0.9822710752487183,
    -184.12342834472656,
    16.19106674194336,
    22.22412109375,
    -18.260656356811523,
    -66.3600082397461,
    -69.93041229248047,
    -56.00185012817383,
    -51.40165328979492
  ],
  "test_smiles": [
    "C/C(=C/C(=O)O)C(=O)O",
    "C1CNCCN1",
    "C1N2CN3CN1CN(C2)C3",
    "CC(=O)O",
    "CC(C)(C)c1ccc(C(=O)O)cc1",
    "CC(C)(CO)[C@@H](O)C(=O)NCCCO",
    "CC(O)C(=O)O",
    "CC1(C)S[C@@H]2[C@H](NC(=O)Cc3ccccc3)C(=O)N2[C@H]1C(=O)[O-].[Na+]",
    "CCC(=O)O",
    "CCCCCCCCCCCCCCCCCC(=O)[O-].[Na+]",
    "CCCCCCCCCCCCc1ccc(S(=O)(=O)O)cc1",
    "CCCC[C@H](N)C(=O)O",
    "COC(=O)NC1C(OC2C(CO)OC(OC3C(CO)OC(O)C(N)C3O)C(N)C2O)OC(CO)C(OC2OC(CO)C(OC3OC(CO)C(OC4OC(CO)C(OC5OC(CO)C(OC6OC(CO)C(OC7OC(CO)C(O)C(O)C7N)C(O)C6N)C(O)C5N)C(O)C4N)C(O)C3N)C(O)C2N)C1O",
    "Cc1cc(C)[nH]n1",
    "Cc1ccc(C(=O)O)c(O)c1"
  ]
}