{
  "alloy": "AZ31",
  "fold": 3,
  "setting": "exact",
  "model": "GBR",
  "r2": -0.16278663837722962,
  "mae": 153.67260726572383,
  "pearson_r": 0.2757059966128105,
  "pearson_p": 0.3199198539117841,
  "n_train": 60,
  "n_test": 15,
  "n_features": 2051,
  "elapsed_s": 9.7,
  "y_test": [
    10.0,
    51.0,
    38.0,
    -315.0,
    -379.0,
    -311.0,
    61.0,
    74.0,
    19.0,
    26.0,
    -73.0,
    3.0,
    84.0,
    -696.0,
    -399.0
  ],
  "y_pred": [
    21.75071042092642,
    -15.24591027688139,
    -21.527786774253908,
    -152.17206202434002,
    -152.006238709388,
    -146.38722338696164,
    -13.389534682311638,
    -15.68127007051084,
    14.540286194108244,
    24.7975038621719,
    89.32127539965366,
    62.48050358121492,
    62.537807946015235,
    52.318805392416635,
    52.81443451067309
  ],
  "test_smiles": [
    "O=C(O)CC(O)C(=O)O",
    "O=C(O)CCC(=O)O",
    "O=C(O)CCCCC(=O)O",
    "O=C(O)CN(CC(=O)O)CC(=O)O",
    "O=C(O)CN(CCN(CC(=O)O)CC(=O)O)CC(=O)O",
    "O=C(O)CN(CCO)CCO",
    "O=C(O)CO",
    "O=C(O)COCC(=O)O",
    "O=C(O)[C@H](O)[C@@H](O)[C@H](O)[C@H](O)CO",
    "O=C(O)[C@H](O)[C@@H](O)[C@H](O[C@@H]1O[C@H](CO)[C@H](O)[C@H](O)[C@H]1O)[C@H](O)CO",
    "O=C(O)c1cc(S(=O)(=O)O)ccc1O",
    "O=C(O)c1cc([N+](=O)[O-])cc([N+](=O)[O-])c1O",
    "O=C(O)c1ccc(C(=O)O)nc1",
    "O=C(O)c1ccc(O)c(O)c1",
    "O=C(O)c1ccc(O)cc1"
  ]
}