{
  "alloy": "AZ31",
  "fold": 1,
  "setting": "far_filt",
  "model": "kNN_Tan",
  "r2": -0.841120489171588,
  "mae": 185.65222967610742,
  "pearson_r": 0.1903543878155464,
  "pearson_p": 0.4967983662209529,
  "n_train": 4700,
  "n_test": 15,
  "n_features": 2096,
  "elapsed_s": 0.1,
  "y_test": [
    59.0,
    78.0,
    43.0,
    -105.0,
    -183.0,
    -240.0,
    -397.0,
    -569.0,
    -155.0,
    -267.0,
    -69.0,
    50.0,
    -353.0,
    -139.0,
    -132.0
  ],
  "y_pred": [
    -3.375999942418612,
    12.382399675258632,
    37.00000137770874,
    36.8969137513409,
    -51.04559739165109,
    15.66331487049596,
    -30.430269405304788,
    31.592914156940445,
    12.11141018049457,
    38.10203786441472,
    8.297373302699183,
    94.18479555881986,
    6.025156463231386,
    -5.252690571246368,
    -64.35551252807483
  ],
  "test_smiles": [
    "Cc1ccc(O)c(C(=O)O)c1",
    "Cc1cccc(C(=O)O)c1O",
    "Cc1cccc(C(=O)O)c1[N+](=O)[O-]",
    "Cc1cccc(O)c1O",
    "Cc1occc(=O)c1O",
    "Cl.Cl.NCCc1cnc[nH]1",
    "NC(=O)C[C@H](N)C(=O)O",
    "NC(CO)(CO)CO",
    "NC(CS)C(=O)O",
    "NC(Cc1ccccc1)C(=O)O",
    "NC(N)=O",
    "NC(N)=S",
    "NCC(=O)O",
    "NCCNCCN",
    "N[C@@H](CC(=O)O)C(=O)O"
  ]
}