{
  "alloy": "AZ91",
  "fold": 1,
  "setting": "far_unfilt",
  "model": "MLP",
  "r2": 0.7923324309831541,
  "mae": 61.995637814203896,
  "pearson_r": 0.8959628211734303,
  "pearson_p": 6.238437308556031e-06,
  "n_train": 4854,
  "n_test": 15,
  "n_features": 2096,
  "elapsed_s": 956.7,
  "y_test": [
    56.0,
    52.0,
    25.0,
    -129.0,
    -168.0,
    -156.0,
    -300.0,
    -596.0,
    -206.0,
    -149.0,
    -19.0,
    57.0,
    -82.0,
    28.0,
    -84.0
  ],
  "y_pred": [
    43.79631423950195,
    63.91803741455078,
    -26.85979461669922,
    -92.39619445800781,
    -76.4361343383789,
    -99.51868438720703,
    -213.8243408203125,
    -494.8467102050781,
    -181.1187286376953,
    -63.46674346923828,
    -3.4533400535583496,
    2.469808340072632,
    -233.14529418945312,
    -109.86581420898438,
    -96.47262573242188
  ],
  "test_smiles": [
    "Cc1ccc(O)c(C(=O)O)c1",
    "Cc1cccc(C(=O)O)c1O",
    "Cc1cccc(C(=O)O)c1[N+](=O)[O-]",
    "Cc1cccc(O)c1O",
    "Cc1occc(=O)c1O",
    "Cl.Cl.NCCc1cnc[nH]1",
    "Cl.NCC(=O)NCC(=O)O",
    "NC(CO)(CO)CO",
    "NC(CS)C(=O)O",
    "NC(Cc1ccccc1)C(=O)O",
    "NC(N)=O",
    "NC(N)=S",
    "NCC(=O)O",
    "N[C@@H](CC(=O)O)C(=O)O",
    "N[C@@H](CCC(=O)O)C(=O)O"
  ]
}