{
  "alloy": "AZ91",
  "fold": 1,
  "setting": "close_filt",
  "model": "ChemProp",
  "r2": -0.08919679490762844,
  "mae": 109.62423706054688,
  "pearson_r": 0.34593925389399566,
  "pearson_p": 0.20658028002909679,
  "n_train": 791,
  "n_test": 15,
  "n_features": 43,
  "elapsed_s": 98.0,
  "y_test": [
    56.0,
    52.0,
    25.0,
    -129.0,
    -168.0,
    -156.0,
    -300.0,
    -596.0,
    -206.0,
    -149.0,
    -19.0,
    57.0,
    -82.0,
    28.0,
    -84.0
  ],
  "y_pred": [
    -27.05564308166504,
    -17.817289352416992,
    20.089311599731445,
    -81.2451400756836,
    -30.04808235168457,
    -73.43273162841797,
    -32.38130569458008,
    -36.74052810668945,
    -155.09091186523438,
    -36.42799758911133,
    45.84710693359375,
    48.209415435791016,
    -24.789875030517578,
    -58.871116638183594,
    -73.77230072021484
  ],
  "test_smiles": [
    "Cc1ccc(O)c(C(=O)O)c1",
    "Cc1cccc(C(=O)O)c1O",
    "Cc1cccc(C(=O)O)c1[N+](=O)[O-]",
    "Cc1cccc(O)c1O",
    "Cc1occc(=O)c1O",
    "Cl.Cl.NCCc1cnc[nH]1",
    "Cl.NCC(=O)NCC(=O)O",
    "NC(CO)(CO)CO",
    "NC(CS)C(=O)O",
    "NC(Cc1ccccc1)C(=O)O",
    "NC(N)=O",
    "NC(N)=S",
    "NCC(=O)O",
    "N[C@@H](CC(=O)O)C(=O)O",
    "N[C@@H](CCC(=O)O)C(=O)O"
  ]
}