{
  "alloy": "AZ91",
  "fold": 4,
  "setting": "far_unfilt",
  "model": "GBR",
  "r2": 0.49895556217108106,
  "mae": 85.7904516041053,
  "pearson_r": 0.8544062051149351,
  "pearson_p": 4.994961900666545e-05,
  "n_train": 4854,
  "n_test": 15,
  "n_features": 2096,
  "elapsed_s": 1114.7,
  "y_test": [
    24.0,
    47.0,
    71.0,
    38.0,
    19.0,
    18.0,
    -644.0,
    -90.0,
    -151.0,
    24.0,
    29.0,
    -265.0,
    47.0,
    -257.0,
    31.0
  ],
  "y_pred": [
    1.5707229411647068,
    25.645493190830894,
    12.961389955028338,
    -40.02758531481505,
    -6.173704088208337,
    6.08511295078558,
    -254.59219445626465,
    -16.03418579546103,
    -172.80523822419633,
    -12.89410307784498,
    -16.087786211598733,
    -20.32047401659719,
    -13.710839849476093,
    -102.69530112764367,
    -12.06239172921601
  ],
  "test_smiles": [
    "O=C(O)c1cccnc1",
    "O=C(O)c1cccnc1C(=O)O",
    "O=C1NC(=O)C([N+](=O)[O-])C(=O)N1",
    "O=C1O[C@H]([C@@H](O)CO)C(O)=C1O",
    "O=CO",
    "O=Cc1ccccc1O",
    "O=S(=O)([O-])c1cc(O)c(O)c(S(=O)(=O)[O-])c1.[Na+].[Na+]",
    "O=c1cc(CO)occ1O",
    "O=c1cc[nH]c(=O)[nH]1",
    "OCC(O)CO",
    "OC[C@H]1OC(O)[C@H](O)[C@@H](O)[C@@H]1O",
    "ON=Cc1ccccc1O",
    "c1ccc(-c2ccccn2)nc1",
    "c1ccc2n[nH]nc2c1",
    "c1cn[nH]c1"
  ]
}