{
  "alloy": "AZ91",
  "fold": 3,
  "setting": "close_filt",
  "model": "kNN_Tan",
  "r2": 0.08119584670502411,
  "mae": 142.9609708902,
  "pearson_r": 0.4073204157014906,
  "pearson_p": 0.13182782714396984,
  "n_train": 799,
  "n_test": 15,
  "n_features": 2091,
  "elapsed_s": 0.0,
  "y_test": [
    -599.0,
    -227.0,
    49.0,
    54.0,
    48.0,
    -125.0,
    15.0,
    68.0,
    -800.0,
    -261.0,
    74.0,
    40.0,
    33.0,
    26.0,
    45.0
  ],
  "y_pred": [
    -306.17014325911737,
    -298.55590988949484,
    23.167999392395014,
    25.983999194641086,
    1.0984181420601684,
    65.07199999999999,
    45.73247822321187,
    28.26399878355523,
    17.94790362446914,
    -38.82400177193229,
    79.76800291855814,
    -49.30282677454289,
    51.80799864128112,
    -204.83200000000005,
    78.90400382514328
  ],
  "test_smiles": [
    "O=C(O)CN(CCN(CC(=O)O)CC(=O)O)CC(=O)O",
    "O=C(O)CN(CCO)CCO",
    "O=C(O)CO",
    "O=C(O)COCC(=O)O",
    "O=C(O)[C@H](O)[C@@H](O)[C@H](O[C@@H]1O[C@H](CO)[C@H](O)[C@H](O)[C@H]1O)[C@H](O)CO",
    "O=C(O)c1cc(S(=O)(=O)O)ccc1O",
    "O=C(O)c1cc([N+](=O)[O-])cc([N+](=O)[O-])c1O",
    "O=C(O)c1ccc(C(=O)O)nc1",
    "O=C(O)c1ccc(O)c(O)c1",
    "O=C(O)c1ccc(O)cc1",
    "O=C(O)c1ccc2ccccc2n1",
    "O=C(O)c1ccccc1",
    "O=C(O)c1ccccc1C(=O)O",
    "O=C(O)c1ccccc1O",
    "O=C(O)c1ccccn1"
  ]
}