{
  "alloy": "AZ91",
  "fold": 2,
  "setting": "far_filt",
  "model": "kNN_Tan",
  "r2": 0.28772646818316894,
  "mae": 108.89264217547536,
  "pearson_r": 0.9006451924358392,
  "pearson_p": 4.678726933488371e-06,
  "n_train": 4732,
  "n_test": 15,
  "n_features": 2096,
  "elapsed_s": 0.1,
  "y_test": [
    52.0,
    80.0,
    19.0,
    57.0,
    -710.0,
    71.0,
    -177.0,
    26.0,
    52.0,
    11.0,
    37.0,
    -78.0,
    28.0,
    -48.0,
    -476.0
  ],
  "y_pred": [
    -7.048000321671612,
    47.999999005244355,
    41.41297505585985,
    31.759999026835445,
    -138.01599572227462,
    39.70816053040676,
    -35.071999999999996,
    62.19199836894988,
    26.271999310989372,
    59.84124978094562,
    10.863636707238145,
    34.519999455891735,
    51.69119905514915,
    74.46399905314146,
    -122.08799815649043
  ],
  "test_smiles": [
    "Nc1ccc(C(=O)O)c(O)c1",
    "Nc1ccc(O)c(C(=O)O)c1",
    "Nc1ncn[nH]1",
    "O.O.O=C([O-])[C@H](O)CO.O=C([O-])[C@H](O)CO.[Ca+2]",
    "O.O=C(O)CN(CC(=O)O)[C@@H]1CCCC[C@H]1N(CC(=O)O)CC(=O)O",
    "O=C(CC(=O)C(F)(F)F)c1cccs1",
    "O=C(NO)c1ccccc1O",
    "O=C(O)/C=C\\C(=O)O",
    "O=C(O)C(O)C(O)C(=O)O",
    "O=C(O)C(O)c1ccccc1",
    "O=C(O)C1(O)C[C@@H](O)C(O)[C@H](O)C1",
    "O=C(O)CC(O)(C(=O)O)C(=O)O",
    "O=C(O)CCC(=O)O",
    "O=C(O)CCCCC(=O)O",
    "O=C(O)CN(CC(=O)O)CC(=O)O"
  ]
}