{
  "alloy": "AZ91",
  "fold": 1,
  "setting": "close_unfilt",
  "model": "GBR",
  "r2": 0.596025333307437,
  "mae": 81.95294484881926,
  "pearson_r": 0.8520469367918682,
  "pearson_p": 5.5121008455726214e-05,
  "n_train": 899,
  "n_test": 15,
  "n_features": 2091,
  "elapsed_s": 117.5,
  "y_test": [
    56.0,
    52.0,
    25.0,
    -129.0,
    -168.0,
    -156.0,
    -300.0,
    -596.0,
    -206.0,
    -149.0,
    -19.0,
    57.0,
    -82.0,
    28.0,
    -84.0
  ],
  "y_pred": [
    52.3111168707623,
    41.21086354816809,
    3.032973998902313,
    -51.96061302622313,
    -40.941260631451954,
    -102.35729702368312,
    -129.10256867243532,
    -338.452626076563,
    -109.31192060130269,
    -52.08296324900143,
    2.2836821740284434,
    13.483471835192141,
    -219.57154134739386,
    -54.09670242796512,
    -55.41007768341286
  ],
  "test_smiles": [
    "Cc1ccc(O)c(C(=O)O)c1",
    "Cc1cccc(C(=O)O)c1O",
    "Cc1cccc(C(=O)O)c1[N+](=O)[O-]",
    "Cc1cccc(O)c1O",
    "Cc1occc(=O)c1O",
    "Cl.Cl.NCCc1cnc[nH]1",
    "Cl.NCC(=O)NCC(=O)O",
    "NC(CO)(CO)CO",
    "NC(CS)C(=O)O",
    "NC(Cc1ccccc1)C(=O)O",
    "NC(N)=O",
    "NC(N)=S",
    "NCC(=O)O",
    "N[C@@H](CC(=O)O)C(=O)O",
    "N[C@@H](CCC(=O)O)C(=O)O"
  ]
}