{
  "alloy": "AZ91",
  "fold": 1,
  "setting": "far_unfilt",
  "model": "GBR",
  "r2": 0.5310880591715356,
  "mae": 92.025332405853,
  "pearson_r": 0.852511027450985,
  "pearson_p": 5.407027560474664e-05,
  "n_train": 4854,
  "n_test": 15,
  "n_features": 2096,
  "elapsed_s": 2101.5,
  "y_test": [
    56.0,
    52.0,
    25.0,
    -129.0,
    -168.0,
    -156.0,
    -300.0,
    -596.0,
    -206.0,
    -149.0,
    -19.0,
    57.0,
    -82.0,
    28.0,
    -84.0
  ],
  "y_pred": [
    25.841368217600547,
    25.71773064652232,
    -3.2062023991177186,
    -40.25204395433943,
    -40.50046854873317,
    -43.08127492222414,
    -128.52141064749253,
    -324.58332531787806,
    -61.66527060123952,
    -44.904745767317415,
    -17.160388712026506,
    -15.661193874065084,
    -170.2139582644865,
    -62.732202428720264,
    -62.20554354322067
  ],
  "test_smiles": [
    "Cc1ccc(O)c(C(=O)O)c1",
    "Cc1cccc(C(=O)O)c1O",
    "Cc1cccc(C(=O)O)c1[N+](=O)[O-]",
    "Cc1cccc(O)c1O",
    "Cc1occc(=O)c1O",
    "Cl.Cl.NCCc1cnc[nH]1",
    "Cl.NCC(=O)NCC(=O)O",
    "NC(CO)(CO)CO",
    "NC(CS)C(=O)O",
    "NC(Cc1ccccc1)C(=O)O",
    "NC(N)=O",
    "NC(N)=S",
    "NCC(=O)O",
    "N[C@@H](CC(=O)O)C(=O)O",
    "N[C@@H](CCC(=O)O)C(=O)O"
  ]
}