{
  "alloy": "AZ91",
  "fold": 4,
  "setting": "far_filt",
  "model": "ChemProp",
  "r2": -0.3180848296879115,
  "mae": 136.1556121190389,
  "pearson_r": -0.216744222959721,
  "pearson_p": 0.4377997637805494,
  "n_train": 4684,
  "n_test": 15,
  "n_features": 48,
  "elapsed_s": 577.5,
  "y_test": [
    24.0,
    47.0,
    71.0,
    38.0,
    19.0,
    18.0,
    -644.0,
    -90.0,
    -151.0,
    24.0,
    29.0,
    -265.0,
    47.0,
    -257.0,
    31.0
  ],
  "y_pred": [
    -36.66439437866211,
    -9.572415351867676,
    -243.01644897460938,
    -44.63912582397461,
    18.026819229125977,
    -40.60642623901367,
    7.944857597351074,
    -72.8432846069336,
    -77.1142807006836,
    -10.797515869140625,
    9.621978759765625,
    -88.37297821044922,
    7.954324722290039,
    8.449515342712402,
    -159.5771484375
  ],
  "test_smiles": [
    "O=C(O)c1cccnc1",
    "O=C(O)c1cccnc1C(=O)O",
    "O=C1NC(=O)C([N+](=O)[O-])C(=O)N1",
    "O=C1O[C@H]([C@@H](O)CO)C(O)=C1O",
    "O=CO",
    "O=Cc1ccccc1O",
    "O=S(=O)([O-])c1cc(O)c(O)c(S(=O)(=O)[O-])c1.[Na+].[Na+]",
    "O=c1cc(CO)occ1O",
    "O=c1cc[nH]c(=O)[nH]1",
    "OCC(O)CO",
    "OC[C@H]1OC(O)[C@H](O)[C@@H](O)[C@@H]1O",
    "ON=Cc1ccccc1O",
    "c1ccc(-c2ccccn2)nc1",
    "c1ccc2n[nH]nc2c1",
    "c1cn[nH]c1"
  ]
}