{
  "alloy": "AZ91",
  "fold": 3,
  "setting": "exact",
  "model": "MLP",
  "r2": 0.1626255452417601,
  "mae": 163.23006846110027,
  "pearson_r": 0.5244586058122479,
  "pearson_p": 0.04474381263679031,
  "n_train": 60,
  "n_test": 15,
  "n_features": 2051,
  "elapsed_s": 11.5,
  "y_test": [
    -599.0,
    -227.0,
    49.0,
    54.0,
    48.0,
    -125.0,
    15.0,
    68.0,
    -800.0,
    -261.0,
    74.0,
    40.0,
    33.0,
    26.0,
    45.0
  ],
  "y_pred": [
    -216.9354705810547,
    -188.56494140625,
    -90.93403625488281,
    -86.90716552734375,
    -24.04391860961914,
    -65.37580871582031,
    -52.905174255371094,
    -53.13594055175781,
    -74.6371841430664,
    -85.34375,
    -99.10905456542969,
    -57.97396469116211,
    -65.55509948730469,
    -51.118045806884766,
    -33.62578201293945
  ],
  "test_smiles": [
    "O=C(O)CN(CCN(CC(=O)O)CC(=O)O)CC(=O)O",
    "O=C(O)CN(CCO)CCO",
    "O=C(O)CO",
    "O=C(O)COCC(=O)O",
    "O=C(O)[C@H](O)[C@@H](O)[C@H](O[C@@H]1O[C@H](CO)[C@H](O)[C@H](O)[C@H]1O)[C@H](O)CO",
    "O=C(O)c1cc(S(=O)(=O)O)ccc1O",
    "O=C(O)c1cc([N+](=O)[O-])cc([N+](=O)[O-])c1O",
    "O=C(O)c1ccc(C(=O)O)nc1",
    "O=C(O)c1ccc(O)c(O)c1",
    "O=C(O)c1ccc(O)cc1",
    "O=C(O)c1ccc2ccccc2n1",
    "O=C(O)c1ccccc1",
    "O=C(O)c1ccccc1C(=O)O",
    "O=C(O)c1ccccc1O",
    "O=C(O)c1ccccn1"
  ]
}