{
  "alloy": "AZ91",
  "fold": 3,
  "setting": "far_unfilt",
  "model": "MLP",
  "r2": 0.7639354243456432,
  "mae": 65.3080021540324,
  "pearson_r": 0.9174996993326618,
  "pearson_p": 1.456995282110649e-06,
  "n_train": 4854,
  "n_test": 15,
  "n_features": 2096,
  "elapsed_s": 935.8,
  "y_test": [
    -599.0,
    -227.0,
    49.0,
    54.0,
    48.0,
    -125.0,
    15.0,
    68.0,
    -800.0,
    -261.0,
    74.0,
    40.0,
    33.0,
    26.0,
    45.0
  ],
  "y_pred": [
    -168.830078125,
    -121.57254791259766,
    39.77949523925781,
    49.75627517700195,
    23.5497989654541,
    -172.71832275390625,
    14.738044738769531,
    68.61114501953125,
    -637.3510131835938,
    -182.85523986816406,
    54.123409271240234,
    5.974978446960449,
    20.69428253173828,
    -10.303211212158203,
    30.78748321533203
  ],
  "test_smiles": [
    "O=C(O)CN(CCN(CC(=O)O)CC(=O)O)CC(=O)O",
    "O=C(O)CN(CCO)CCO",
    "O=C(O)CO",
    "O=C(O)COCC(=O)O",
    "O=C(O)[C@H](O)[C@@H](O)[C@H](O[C@@H]1O[C@H](CO)[C@H](O)[C@H](O)[C@H]1O)[C@H](O)CO",
    "O=C(O)c1cc(S(=O)(=O)O)ccc1O",
    "O=C(O)c1cc([N+](=O)[O-])cc([N+](=O)[O-])c1O",
    "O=C(O)c1ccc(C(=O)O)nc1",
    "O=C(O)c1ccc(O)c(O)c1",
    "O=C(O)c1ccc(O)cc1",
    "O=C(O)c1ccc2ccccc2n1",
    "O=C(O)c1ccccc1",
    "O=C(O)c1ccccc1C(=O)O",
    "O=C(O)c1ccccc1O",
    "O=C(O)c1ccccn1"
  ]
}