{
  "alloy": "AZ91",
  "fold": 3,
  "setting": "exact",
  "model": "GBR",
  "r2": 0.29778783335501235,
  "mae": 134.20915620123668,
  "pearson_r": 0.5553839285337605,
  "pearson_p": 0.031608922637485715,
  "n_train": 60,
  "n_test": 15,
  "n_features": 2051,
  "elapsed_s": 9.6,
  "y_test": [
    -599.0,
    -227.0,
    49.0,
    54.0,
    48.0,
    -125.0,
    15.0,
    68.0,
    -800.0,
    -261.0,
    74.0,
    40.0,
    33.0,
    26.0,
    45.0
  ],
  "y_pred": [
    -478.38454199865794,
    -476.917275938628,
    4.763393175005383,
    -52.002329253539976,
    51.07947994112345,
    11.033324646192948,
    4.745382859091828,
    -58.668795353031676,
    -84.25292754415965,
    -75.64863069846996,
    -18.650916146074486,
    -2.7907888862296932,
    14.188169710653444,
    -96.8094617648151,
    6.831982925046764
  ],
  "test_smiles": [
    "O=C(O)CN(CCN(CC(=O)O)CC(=O)O)CC(=O)O",
    "O=C(O)CN(CCO)CCO",
    "O=C(O)CO",
    "O=C(O)COCC(=O)O",
    "O=C(O)[C@H](O)[C@@H](O)[C@H](O[C@@H]1O[C@H](CO)[C@H](O)[C@H](O)[C@H]1O)[C@H](O)CO",
    "O=C(O)c1cc(S(=O)(=O)O)ccc1O",
    "O=C(O)c1cc([N+](=O)[O-])cc([N+](=O)[O-])c1O",
    "O=C(O)c1ccc(C(=O)O)nc1",
    "O=C(O)c1ccc(O)c(O)c1",
    "O=C(O)c1ccc(O)cc1",
    "O=C(O)c1ccc2ccccc2n1",
    "O=C(O)c1ccccc1",
    "O=C(O)c1ccccc1C(=O)O",
    "O=C(O)c1ccccc1O",
    "O=C(O)c1ccccn1"
  ]
}