{
  "alloy": "AZ91",
  "fold": 1,
  "setting": "exact",
  "model": "kNN_Tan",
  "r2": -0.20916650398376935,
  "mae": 116.17813747587381,
  "pearson_r": 0.4206563244792001,
  "pearson_p": 0.11844450551748448,
  "n_train": 60,
  "n_test": 15,
  "n_features": 2051,
  "elapsed_s": 0.0,
  "y_test": [
    56.0,
    52.0,
    25.0,
    -129.0,
    -168.0,
    -156.0,
    -300.0,
    -596.0,
    -206.0,
    -149.0,
    -19.0,
    57.0,
    -82.0,
    28.0,
    -84.0
  ],
  "y_pred": [
    8.549407306866065,
    32.50127008838837,
    26.126547110230376,
    -76.87863105353291,
    -59.99848744814699,
    -77.2216851609125,
    -38.54239523564252,
    -14.225665226470323,
    -16.697832784115118,
    13.844276261979717,
    41.37043235441639,
    15.215266258908589,
    -34.80329040599844,
    1.613721688998573,
    -19.421540930539113
  ],
  "test_smiles": [
    "Cc1ccc(O)c(C(=O)O)c1",
    "Cc1cccc(C(=O)O)c1O",
    "Cc1cccc(C(=O)O)c1[N+](=O)[O-]",
    "Cc1cccc(O)c1O",
    "Cc1occc(=O)c1O",
    "Cl.Cl.NCCc1cnc[nH]1",
    "Cl.NCC(=O)NCC(=O)O",
    "NC(CO)(CO)CO",
    "NC(CS)C(=O)O",
    "NC(Cc1ccccc1)C(=O)O",
    "NC(N)=O",
    "NC(N)=S",
    "NCC(=O)O",
    "N[C@@H](CC(=O)O)C(=O)O",
    "N[C@@H](CCC(=O)O)C(=O)O"
  ]
}