{
  "alloy": "AZ91",
  "fold": 2,
  "setting": "exact",
  "model": "ChemProp",
  "r2": -0.0028060665603153456,
  "mae": 161.52363993326824,
  "pearson_r": 0.4086135088603686,
  "pearson_p": 0.13048704113212228,
  "n_train": 60,
  "n_test": 15,
  "n_features": 3,
  "elapsed_s": 21.3,
  "y_test": [
    52.0,
    80.0,
    19.0,
    57.0,
    -710.0,
    71.0,
    -177.0,
    26.0,
    52.0,
    11.0,
    37.0,
    -78.0,
    28.0,
    -48.0,
    -476.0
  ],
  "y_pred": [
    -83.45724487304688,
    -83.46189880371094,
    -83.39573669433594,
    -83.88151550292969,
    -83.929931640625,
    -83.79252624511719,
    -83.40382385253906,
    -83.56404113769531,
    -83.7860107421875,
    -83.39983367919922,
    -83.58378601074219,
    -83.95368194580078,
    -83.92091369628906,
    -84.0223388671875,
    -84.03117370605469
  ],
  "test_smiles": [
    "Nc1ccc(C(=O)O)c(O)c1",
    "Nc1ccc(O)c(C(=O)O)c1",
    "Nc1ncn[nH]1",
    "O.O.O=C([O-])[C@H](O)CO.O=C([O-])[C@H](O)CO.[Ca+2]",
    "O.O=C(O)CN(CC(=O)O)[C@@H]1CCCC[C@H]1N(CC(=O)O)CC(=O)O",
    "O=C(CC(=O)C(F)(F)F)c1cccs1",
    "O=C(NO)c1ccccc1O",
    "O=C(O)/C=C\\C(=O)O",
    "O=C(O)C(O)C(O)C(=O)O",
    "O=C(O)C(O)c1ccccc1",
    "O=C(O)C1(O)C[C@@H](O)C(O)[C@H](O)C1",
    "O=C(O)CC(O)(C(=O)O)C(=O)O",
    "O=C(O)CCC(=O)O",
    "O=C(O)CCCCC(=O)O",
    "O=C(O)CN(CC(=O)O)CC(=O)O"
  ]
}