{
  "alloy": "AZ91",
  "fold": 4,
  "setting": "exact",
  "model": "GBR",
  "r2": 0.06651154066409715,
  "mae": 117.02315430914426,
  "pearson_r": 0.29340222686808726,
  "pearson_p": 0.2885331730573369,
  "n_train": 60,
  "n_test": 15,
  "n_features": 2051,
  "elapsed_s": 9.5,
  "y_test": [
    24.0,
    47.0,
    71.0,
    38.0,
    19.0,
    18.0,
    -644.0,
    -90.0,
    -151.0,
    24.0,
    29.0,
    -265.0,
    47.0,
    -257.0,
    31.0
  ],
  "y_pred": [
    54.93500874745015,
    46.41144812200515,
    -98.01175793504088,
    -195.05431005688388,
    -2.6419418363545457,
    -107.37133836770829,
    -100.124769199048,
    -73.7046798872006,
    -78.54239782248057,
    5.146886204238217,
    -3.3661224609982243,
    -109.31258841609447,
    -0.6420544783505037,
    -22.68555762908183,
    -22.253108034526246
  ],
  "test_smiles": [
    "O=C(O)c1cccnc1",
    "O=C(O)c1cccnc1C(=O)O",
    "O=C1NC(=O)C([N+](=O)[O-])C(=O)N1",
    "O=C1O[C@H]([C@@H](O)CO)C(O)=C1O",
    "O=CO",
    "O=Cc1ccccc1O",
    "O=S(=O)([O-])c1cc(O)c(O)c(S(=O)(=O)[O-])c1.[Na+].[Na+]",
    "O=c1cc(CO)occ1O",
    "O=c1cc[nH]c(=O)[nH]1",
    "OCC(O)CO",
    "OC[C@H]1OC(O)[C@H](O)[C@@H](O)[C@@H]1O",
    "ON=Cc1ccccc1O",
    "c1ccc(-c2ccccn2)nc1",
    "c1ccc2n[nH]nc2c1",
    "c1cn[nH]c1"
  ]
}