{
  "alloy": "AZ91",
  "fold": 1,
  "setting": "exact",
  "model": "ChemProp",
  "r2": -0.04966145841838654,
  "mae": 123.11649576822917,
  "pearson_r": 0.20198444328902157,
  "pearson_p": 0.470350131971206,
  "n_train": 60,
  "n_test": 15,
  "n_features": 3,
  "elapsed_s": 23.5,
  "y_test": [
    56.0,
    52.0,
    25.0,
    -129.0,
    -168.0,
    -156.0,
    -300.0,
    -596.0,
    -206.0,
    -149.0,
    -19.0,
    57.0,
    -82.0,
    28.0,
    -84.0
  ],
  "y_pred": [
    -73.64761352539062,
    -73.629638671875,
    -73.69568634033203,
    -73.56712341308594,
    -73.62539672851562,
    -73.77534484863281,
    -74.35432434082031,
    -74.10973358154297,
    -74.1353988647461,
    -73.60609436035156,
    -74.1762466430664,
    -74.14762115478516,
    -74.3350601196289,
    -74.23313903808594,
    -74.27403259277344
  ],
  "test_smiles": [
    "Cc1ccc(O)c(C(=O)O)c1",
    "Cc1cccc(C(=O)O)c1O",
    "Cc1cccc(C(=O)O)c1[N+](=O)[O-]",
    "Cc1cccc(O)c1O",
    "Cc1occc(=O)c1O",
    "Cl.Cl.NCCc1cnc[nH]1",
    "Cl.NCC(=O)NCC(=O)O",
    "NC(CO)(CO)CO",
    "NC(CS)C(=O)O",
    "NC(Cc1ccccc1)C(=O)O",
    "NC(N)=O",
    "NC(N)=S",
    "NCC(=O)O",
    "N[C@@H](CC(=O)O)C(=O)O",
    "N[C@@H](CCC(=O)O)C(=O)O"
  ]
}