{
  "alloy": "AZ91",
  "fold": 2,
  "setting": "close_filt",
  "model": "ChemProp",
  "r2": 0.17116271979873476,
  "mae": 139.32080465157827,
  "pearson_r": 0.4182374140687646,
  "pearson_p": 0.12079942089375716,
  "n_train": 812,
  "n_test": 15,
  "n_features": 43,
  "elapsed_s": 87.4,
  "y_test": [
    52.0,
    80.0,
    19.0,
    57.0,
    -710.0,
    71.0,
    -177.0,
    26.0,
    52.0,
    11.0,
    37.0,
    -78.0,
    28.0,
    -48.0,
    -476.0
  ],
  "y_pred": [
    -87.39107513427734,
    -91.18148040771484,
    -308.3111267089844,
    -1.0046442747116089,
    -159.99859619140625,
    -60.043704986572266,
    -99.7702865600586,
    20.450164794921875,
    -22.745824813842773,
    -77.2002944946289,
    -36.601497650146484,
    -44.439388275146484,
    -12.095707893371582,
    -27.21381378173828,
    -176.8910369873047
  ],
  "test_smiles": [
    "Nc1ccc(C(=O)O)c(O)c1",
    "Nc1ccc(O)c(C(=O)O)c1",
    "Nc1ncn[nH]1",
    "O.O.O=C([O-])[C@H](O)CO.O=C([O-])[C@H](O)CO.[Ca+2]",
    "O.O=C(O)CN(CC(=O)O)[C@@H]1CCCC[C@H]1N(CC(=O)O)CC(=O)O",
    "O=C(CC(=O)C(F)(F)F)c1cccs1",
    "O=C(NO)c1ccccc1O",
    "O=C(O)/C=C\\C(=O)O",
    "O=C(O)C(O)C(O)C(=O)O",
    "O=C(O)C(O)c1ccccc1",
    "O=C(O)C1(O)C[C@@H](O)C(O)[C@H](O)C1",
    "O=C(O)CC(O)(C(=O)O)C(=O)O",
    "O=C(O)CCC(=O)O",
    "O=C(O)CCCCC(=O)O",
    "O=C(O)CN(CC(=O)O)CC(=O)O"
  ]
}