{
  "alloy": "AZ91",
  "fold": 4,
  "setting": "far_filt",
  "model": "GBR",
  "r2": -0.051406526915702466,
  "mae": 121.52057500041245,
  "pearson_r": 0.34376723142445337,
  "pearson_p": 0.20963524924882776,
  "n_train": 4684,
  "n_test": 15,
  "n_features": 2096,
  "elapsed_s": 2035.9,
  "y_test": [
    24.0,
    47.0,
    71.0,
    38.0,
    19.0,
    18.0,
    -644.0,
    -90.0,
    -151.0,
    24.0,
    29.0,
    -265.0,
    47.0,
    -257.0,
    31.0
  ],
  "y_pred": [
    -5.794747209478601,
    6.10800046237597,
    -12.907480904944197,
    -31.76029079503852,
    -14.0476105360491,
    -14.9045109245611,
    -33.545966542792755,
    -14.300084407404855,
    -10.761073949591854,
    -13.740448848223137,
    -20.39515413513634,
    -15.077921294444145,
    -13.795699439768493,
    -12.649335904396862,
    -32.90506477399363
  ],
  "test_smiles": [
    "O=C(O)c1cccnc1",
    "O=C(O)c1cccnc1C(=O)O",
    "O=C1NC(=O)C([N+](=O)[O-])C(=O)N1",
    "O=C1O[C@H]([C@@H](O)CO)C(O)=C1O",
    "O=CO",
    "O=Cc1ccccc1O",
    "O=S(=O)([O-])c1cc(O)c(O)c(S(=O)(=O)[O-])c1.[Na+].[Na+]",
    "O=c1cc(CO)occ1O",
    "O=c1cc[nH]c(=O)[nH]1",
    "OCC(O)CO",
    "OC[C@H]1OC(O)[C@H](O)[C@@H](O)[C@@H]1O",
    "ON=Cc1ccccc1O",
    "c1ccc(-c2ccccn2)nc1",
    "c1ccc2n[nH]nc2c1",
    "c1cn[nH]c1"
  ]
}