{
  "alloy": "AZ91",
  "fold": 4,
  "setting": "far_unfilt",
  "model": "kNN_Tan",
  "r2": 0.7232581349285664,
  "mae": 66.85088,
  "pearson_r": 0.8895278157511437,
  "pearson_p": 9.068562115393303e-06,
  "n_train": 4854,
  "n_test": 15,
  "n_features": 2096,
  "elapsed_s": 0.1,
  "y_test": [
    24.0,
    47.0,
    71.0,
    38.0,
    19.0,
    18.0,
    -644.0,
    -90.0,
    -151.0,
    24.0,
    29.0,
    -265.0,
    47.0,
    -257.0,
    31.0
  ],
  "y_pred": [
    1.9440000000000015,
    61.704000000000015,
    22.199999999999996,
    -11.024,
    23.0,
    39.144,
    -808.6,
    -77.03199999999998,
    -319.36,
    11.711999999999998,
    0.4320000000000004,
    -69.056,
    24.743999999999996,
    -52.4608,
    -2.512
  ],
  "test_smiles": [
    "O=C(O)c1cccnc1",
    "O=C(O)c1cccnc1C(=O)O",
    "O=C1NC(=O)C([N+](=O)[O-])C(=O)N1",
    "O=C1O[C@H]([C@@H](O)CO)C(O)=C1O",
    "O=CO",
    "O=Cc1ccccc1O",
    "O=S(=O)([O-])c1cc(O)c(O)c(S(=O)(=O)[O-])c1.[Na+].[Na+]",
    "O=c1cc(CO)occ1O",
    "O=c1cc[nH]c(=O)[nH]1",
    "OCC(O)CO",
    "OC[C@H]1OC(O)[C@H](O)[C@@H](O)[C@@H]1O",
    "ON=Cc1ccccc1O",
    "c1ccc(-c2ccccn2)nc1",
    "c1ccc2n[nH]nc2c1",
    "c1cn[nH]c1"
  ]
}