{
  "alloy": "AZ91",
  "fold": 0,
  "setting": "far_unfilt",
  "model": "RF",
  "r2": 0.29662655152710127,
  "mae": 59.25581887619048,
  "pearson_r": 0.6219914501955918,
  "pearson_p": 0.013293895011219605,
  "n_train": 4854,
  "n_test": 15,
  "n_features": 2096,
  "elapsed_s": 1546.7,
  "y_test": [
    -106.0,
    24.0,
    60.0,
    -91.0,
    -27.0,
    -355.0,
    -40.0,
    34.0,
    -118.0,
    67.0,
    -127.0,
    -72.0,
    -2.0,
    -27.0,
    9.0
  ],
  "y_pred": [
    -52.3825,
    4.15868,
    28.778320000000004,
    0.5762466666666667,
    -63.07834571428572,
    -93.05156000000002,
    -84.654712,
    23.568239999999996,
    -8.761343333333338,
    -3.4011266666666677,
    -60.93949999999999,
    -80.92648400000002,
    -32.76784,
    -52.20069142857144,
    37.87198
  ],
  "test_smiles": [
    "C1CNCCN1",
    "C1N2CN3CN1CN(C2)C3",
    "CC(=O)O",
    "CC(C)(C)c1ccc(C(=O)O)cc1",
    "CC(C)(CO)[C@@H](O)C(=O)NCCCO",
    "CC1(C)NC(=O)NC1=O",
    "CC1(C)S[C@@H]2[C@H](NC(=O)Cc3ccccc3)C(=O)N2[C@H]1C(=O)[O-].[Na+]",
    "CCC(=O)O",
    "CCCCCCCCCCCCCCCCCC(=O)[O-].[Na+]",
    "CCCCCCCCCCCCc1ccc(S(=O)(=O)O)cc1",
    "CCCC[C@H](N)C(=O)O",
    "CNC1C(OC2C(OC3C(O)C(O)C(N=C(N)N)C(O)C3N=C(N)N)OC(C)C2(O)C=O)OC(CO)C(O)C1O",
    "COC(=O)NC1C(OC2C(CO)OC(OC3C(CO)OC(O)C(N)C3O)C(N)C2O)OC(CO)C(OC2OC(CO)C(OC3OC(CO)C(OC4OC(CO)C(OC5OC(CO)C(OC6OC(CO)C(OC7OC(CO)C(O)C(O)C7N)C(O)C6N)C(O)C5N)C(O)C4N)C(O)C3N)C(O)C2N)C1O",
    "Cc1cc(C)[nH]n1",
    "Cc1ccc(C(=O)O)c(O)c1"
  ]
}