{
  "alloy": "AZ91",
  "fold": 3,
  "setting": "far_filt",
  "model": "kNN_Tan",
  "r2": 0.06861607255744862,
  "mae": 126.68088882836196,
  "pearson_r": 0.433508942864099,
  "pearson_p": 0.10646120827675284,
  "n_train": 4713,
  "n_test": 15,
  "n_features": 2096,
  "elapsed_s": 0.1,
  "y_test": [
    -599.0,
    -227.0,
    49.0,
    54.0,
    48.0,
    -125.0,
    15.0,
    68.0,
    -800.0,
    -261.0,
    74.0,
    40.0,
    33.0,
    26.0,
    45.0
  ],
  "y_pred": [
    -306.17014325911737,
    -273.59925219768934,
    38.335998994598384,
    41.191998723278004,
    5.084800788600646,
    48.00000228092608,
    24.39125584696553,
    2.8479998774258894,
    47.89180001198667,
    18.24800083284103,
    78.14400285913912,
    -28.028629453407344,
    43.83359916394037,
    18.800000836690334,
    15.492267741755555
  ],
  "test_smiles": [
    "O=C(O)CN(CCN(CC(=O)O)CC(=O)O)CC(=O)O",
    "O=C(O)CN(CCO)CCO",
    "O=C(O)CO",
    "O=C(O)COCC(=O)O",
    "O=C(O)[C@H](O)[C@@H](O)[C@H](O[C@@H]1O[C@H](CO)[C@H](O)[C@H](O)[C@H]1O)[C@H](O)CO",
    "O=C(O)c1cc(S(=O)(=O)O)ccc1O",
    "O=C(O)c1cc([N+](=O)[O-])cc([N+](=O)[O-])c1O",
    "O=C(O)c1ccc(C(=O)O)nc1",
    "O=C(O)c1ccc(O)c(O)c1",
    "O=C(O)c1ccc(O)cc1",
    "O=C(O)c1ccc2ccccc2n1",
    "O=C(O)c1ccccc1",
    "O=C(O)c1ccccc1C(=O)O",
    "O=C(O)c1ccccc1O",
    "O=C(O)c1ccccn1"
  ]
}