{
  "alloy": "AZ91",
  "fold": 3,
  "setting": "far_unfilt",
  "model": "ChemProp",
  "r2": 0.2787578406443928,
  "mae": 116.30226027170816,
  "pearson_r": 0.6254019646270239,
  "pearson_p": 0.012653213752933056,
  "n_train": 4854,
  "n_test": 15,
  "n_features": 48,
  "elapsed_s": 639.4,
  "y_test": [
    -599.0,
    -227.0,
    49.0,
    54.0,
    48.0,
    -125.0,
    15.0,
    68.0,
    -800.0,
    -261.0,
    74.0,
    40.0,
    33.0,
    26.0,
    45.0
  ],
  "y_pred": [
    -333.0834045410156,
    -198.12864685058594,
    7.266315937042236,
    -1.857812523841858,
    10.358668327331543,
    -130.48086547851562,
    13.314142227172852,
    -0.7619822025299072,
    -50.96867752075195,
    -14.51414680480957,
    -6.434186935424805,
    0.7695385217666626,
    3.8771865367889404,
    -15.194673538208008,
    -8.085110664367676
  ],
  "test_smiles": [
    "O=C(O)CN(CCN(CC(=O)O)CC(=O)O)CC(=O)O",
    "O=C(O)CN(CCO)CCO",
    "O=C(O)CO",
    "O=C(O)COCC(=O)O",
    "O=C(O)[C@H](O)[C@@H](O)[C@H](O[C@@H]1O[C@H](CO)[C@H](O)[C@H](O)[C@H]1O)[C@H](O)CO",
    "O=C(O)c1cc(S(=O)(=O)O)ccc1O",
    "O=C(O)c1cc([N+](=O)[O-])cc([N+](=O)[O-])c1O",
    "O=C(O)c1ccc(C(=O)O)nc1",
    "O=C(O)c1ccc(O)c(O)c1",
    "O=C(O)c1ccc(O)cc1",
    "O=C(O)c1ccc2ccccc2n1",
    "O=C(O)c1ccccc1",
    "O=C(O)c1ccccc1C(=O)O",
    "O=C(O)c1ccccc1O",
    "O=C(O)c1ccccn1"
  ]
}