{
  "alloy": "AZ91",
  "fold": 3,
  "setting": "far_unfilt",
  "model": "RF",
  "r2": 0.5185194876638425,
  "mae": 95.58551231746033,
  "pearson_r": 0.9179212984641397,
  "pearson_p": 1.4107380688560036e-06,
  "n_train": 4854,
  "n_test": 15,
  "n_features": 2096,
  "elapsed_s": 1510.0,
  "y_test": [
    -599.0,
    -227.0,
    49.0,
    54.0,
    48.0,
    -125.0,
    15.0,
    68.0,
    -800.0,
    -261.0,
    74.0,
    40.0,
    33.0,
    26.0,
    45.0
  ],
  "y_pred": [
    -232.37694857142856,
    -230.36462000000006,
    29.223259999999996,
    15.405886666666664,
    23.926440000000003,
    -60.55,
    5.842483333333332,
    34.35204000000001,
    -259.0957333333334,
    -63.72069999999998,
    14.170206666666665,
    16.398663333333335,
    22.79293,
    -6.7825999999999995,
    35.50924333333333
  ],
  "test_smiles": [
    "O=C(O)CN(CCN(CC(=O)O)CC(=O)O)CC(=O)O",
    "O=C(O)CN(CCO)CCO",
    "O=C(O)CO",
    "O=C(O)COCC(=O)O",
    "O=C(O)[C@H](O)[C@@H](O)[C@H](O[C@@H]1O[C@H](CO)[C@H](O)[C@H](O)[C@H]1O)[C@H](O)CO",
    "O=C(O)c1cc(S(=O)(=O)O)ccc1O",
    "O=C(O)c1cc([N+](=O)[O-])cc([N+](=O)[O-])c1O",
    "O=C(O)c1ccc(C(=O)O)nc1",
    "O=C(O)c1ccc(O)c(O)c1",
    "O=C(O)c1ccc(O)cc1",
    "O=C(O)c1ccc2ccccc2n1",
    "O=C(O)c1ccccc1",
    "O=C(O)c1ccccc1C(=O)O",
    "O=C(O)c1ccccc1O",
    "O=C(O)c1ccccn1"
  ]
}