{
  "alloy": "AZ91",
  "fold": 1,
  "setting": "exact",
  "model": "MLP",
  "r2": 0.01696291892559776,
  "mae": 120.44704360961914,
  "pearson_r": 0.23917243541991545,
  "pearson_p": 0.39061049031574757,
  "n_train": 60,
  "n_test": 15,
  "n_features": 2051,
  "elapsed_s": 15.9,
  "y_test": [
    56.0,
    52.0,
    25.0,
    -129.0,
    -168.0,
    -156.0,
    -300.0,
    -596.0,
    -206.0,
    -149.0,
    -19.0,
    57.0,
    -82.0,
    28.0,
    -84.0
  ],
  "y_pred": [
    -69.53081512451172,
    -38.356468200683594,
    -36.29639434814453,
    -74.248046875,
    -99.91190338134766,
    -92.846435546875,
    -92.18395233154297,
    -93.19721984863281,
    -88.39053344726562,
    -38.087032318115234,
    -106.313232421875,
    -106.55242919921875,
    -102.42003631591797,
    -90.4129867553711,
    -98.68841552734375
  ],
  "test_smiles": [
    "Cc1ccc(O)c(C(=O)O)c1",
    "Cc1cccc(C(=O)O)c1O",
    "Cc1cccc(C(=O)O)c1[N+](=O)[O-]",
    "Cc1cccc(O)c1O",
    "Cc1occc(=O)c1O",
    "Cl.Cl.NCCc1cnc[nH]1",
    "Cl.NCC(=O)NCC(=O)O",
    "NC(CO)(CO)CO",
    "NC(CS)C(=O)O",
    "NC(Cc1ccccc1)C(=O)O",
    "NC(N)=O",
    "NC(N)=S",
    "NCC(=O)O",
    "N[C@@H](CC(=O)O)C(=O)O",
    "N[C@@H](CCC(=O)O)C(=O)O"
  ]
}