{
  "alloy": "AZ91",
  "fold": 1,
  "setting": "close_filt",
  "model": "GBR",
  "r2": -0.3006679026251482,
  "mae": 121.70979106103543,
  "pearson_r": 0.1640867673340784,
  "pearson_p": 0.5589804668262823,
  "n_train": 791,
  "n_test": 15,
  "n_features": 2091,
  "elapsed_s": 94.0,
  "y_test": [
    56.0,
    52.0,
    25.0,
    -129.0,
    -168.0,
    -156.0,
    -300.0,
    -596.0,
    -206.0,
    -149.0,
    -19.0,
    57.0,
    -82.0,
    28.0,
    -84.0
  ],
  "y_pred": [
    19.431547272260403,
    23.34501077703065,
    19.852410126302868,
    -14.532619706812342,
    -34.7040317805342,
    -185.03402714285127,
    -0.8108768443913172,
    0.01751867070663124,
    -28.116163306885223,
    -27.034694062390244,
    6.84421717527886,
    -1.9913467793454422,
    4.596752883164733,
    -27.771328892858836,
    -27.780971752067025
  ],
  "test_smiles": [
    "Cc1ccc(O)c(C(=O)O)c1",
    "Cc1cccc(C(=O)O)c1O",
    "Cc1cccc(C(=O)O)c1[N+](=O)[O-]",
    "Cc1cccc(O)c1O",
    "Cc1occc(=O)c1O",
    "Cl.Cl.NCCc1cnc[nH]1",
    "Cl.NCC(=O)NCC(=O)O",
    "NC(CO)(CO)CO",
    "NC(CS)C(=O)O",
    "NC(Cc1ccccc1)C(=O)O",
    "NC(N)=O",
    "NC(N)=S",
    "NCC(=O)O",
    "N[C@@H](CC(=O)O)C(=O)O",
    "N[C@@H](CCC(=O)O)C(=O)O"
  ]
}