{
  "alloy": "AZ91",
  "fold": 0,
  "setting": "far_filt",
  "model": "ChemProp",
  "r2": -0.7807242977709914,
  "mae": 101.79445247650146,
  "pearson_r": -0.003141503622355334,
  "pearson_p": 0.9911346107912197,
  "n_train": 4746,
  "n_test": 15,
  "n_features": 48,
  "elapsed_s": 532.6,
  "y_test": [
    -106.0,
    24.0,
    60.0,
    -91.0,
    -27.0,
    -355.0,
    -40.0,
    34.0,
    -118.0,
    67.0,
    -127.0,
    -72.0,
    -2.0,
    -27.0,
    9.0
  ],
  "y_pred": [
    -300.29595947265625,
    -183.76356506347656,
    18.384122848510742,
    -25.00433921813965,
    -123.37132263183594,
    -11.178370475769043,
    -45.76640319824219,
    14.271673202514648,
    19.937822341918945,
    -43.47703170776367,
    -82.38432312011719,
    -21.030595779418945,
    -20.31324577331543,
    -173.79551696777344,
    -33.449344635009766
  ],
  "test_smiles": [
    "C1CNCCN1",
    "C1N2CN3CN1CN(C2)C3",
    "CC(=O)O",
    "CC(C)(C)c1ccc(C(=O)O)cc1",
    "CC(C)(CO)[C@@H](O)C(=O)NCCCO",
    "CC1(C)NC(=O)NC1=O",
    "CC1(C)S[C@@H]2[C@H](NC(=O)Cc3ccccc3)C(=O)N2[C@H]1C(=O)[O-].[Na+]",
    "CCC(=O)O",
    "CCCCCCCCCCCCCCCCCC(=O)[O-].[Na+]",
    "CCCCCCCCCCCCc1ccc(S(=O)(=O)O)cc1",
    "CCCC[C@H](N)C(=O)O",
    "CNC1C(OC2C(OC3C(O)C(O)C(N=C(N)N)C(O)C3N=C(N)N)OC(C)C2(O)C=O)OC(CO)C(O)C1O",
    "COC(=O)NC1C(OC2C(CO)OC(OC3C(CO)OC(O)C(N)C3O)C(N)C2O)OC(CO)C(OC2OC(CO)C(OC3OC(CO)C(OC4OC(CO)C(OC5OC(CO)C(OC6OC(CO)C(OC7OC(CO)C(O)C(O)C7N)C(O)C6N)C(O)C5N)C(O)C4N)C(O)C3N)C(O)C2N)C1O",
    "Cc1cc(C)[nH]n1",
    "Cc1ccc(C(=O)O)c(O)c1"
  ]
}