{
  "alloy": "AZ91",
  "fold": 3,
  "setting": "far_filt",
  "model": "MLP",
  "r2": -0.029864006548730337,
  "mae": 144.52215818762778,
  "pearson_r": 0.43302910989960597,
  "pearson_p": 0.10689276103436099,
  "n_train": 4713,
  "n_test": 15,
  "n_features": 2096,
  "elapsed_s": 803.2,
  "y_test": [
    -599.0,
    -227.0,
    49.0,
    54.0,
    48.0,
    -125.0,
    15.0,
    68.0,
    -800.0,
    -261.0,
    74.0,
    40.0,
    33.0,
    26.0,
    45.0
  ],
  "y_pred": [
    -119.2564926147461,
    -103.74595642089844,
    -10.8954496383667,
    -28.7720947265625,
    38.1638298034668,
    40.216644287109375,
    -0.42016592621803284,
    18.754257202148438,
    18.218759536743164,
    -3.3041210174560547,
    49.166748046875,
    -1.384934663772583,
    17.348590850830078,
    26.41802406311035,
    20.753704071044922
  ],
  "test_smiles": [
    "O=C(O)CN(CCN(CC(=O)O)CC(=O)O)CC(=O)O",
    "O=C(O)CN(CCO)CCO",
    "O=C(O)CO",
    "O=C(O)COCC(=O)O",
    "O=C(O)[C@H](O)[C@@H](O)[C@H](O[C@@H]1O[C@H](CO)[C@H](O)[C@H](O)[C@H]1O)[C@H](O)CO",
    "O=C(O)c1cc(S(=O)(=O)O)ccc1O",
    "O=C(O)c1cc([N+](=O)[O-])cc([N+](=O)[O-])c1O",
    "O=C(O)c1ccc(C(=O)O)nc1",
    "O=C(O)c1ccc(O)c(O)c1",
    "O=C(O)c1ccc(O)cc1",
    "O=C(O)c1ccc2ccccc2n1",
    "O=C(O)c1ccccc1",
    "O=C(O)c1ccccc1C(=O)O",
    "O=C(O)c1ccccc1O",
    "O=C(O)c1ccccn1"
  ]
}