{
  "alloy": "AZ91",
  "fold": 1,
  "setting": "far_filt",
  "model": "kNN_Tan",
  "r2": -0.6033370245152863,
  "mae": 145.33130072474876,
  "pearson_r": 0.007921853583634971,
  "pearson_p": 0.9776465301970466,
  "n_train": 4696,
  "n_test": 15,
  "n_features": 2096,
  "elapsed_s": 0.1,
  "y_test": [
    56.0,
    52.0,
    25.0,
    -129.0,
    -168.0,
    -156.0,
    -300.0,
    -596.0,
    -206.0,
    -149.0,
    -19.0,
    57.0,
    -82.0,
    28.0,
    -84.0
  ],
  "y_pred": [
    -7.047999879788617,
    17.41759954320526,
    37.00000137770874,
    36.8969137513409,
    -38.31840346191259,
    15.035692375478586,
    9.89818072616313,
    33.85681406192743,
    12.286325461737832,
    36.56557915220629,
    8.297373302699183,
    93.61199558582959,
    2.281760457835136,
    -16.49599968536375,
    -16.56912194173006
  ],
  "test_smiles": [
    "Cc1ccc(O)c(C(=O)O)c1",
    "Cc1cccc(C(=O)O)c1O",
    "Cc1cccc(C(=O)O)c1[N+](=O)[O-]",
    "Cc1cccc(O)c1O",
    "Cc1occc(=O)c1O",
    "Cl.Cl.NCCc1cnc[nH]1",
    "Cl.NCC(=O)NCC(=O)O",
    "NC(CO)(CO)CO",
    "NC(CS)C(=O)O",
    "NC(Cc1ccccc1)C(=O)O",
    "NC(N)=O",
    "NC(N)=S",
    "NCC(=O)O",
    "N[C@@H](CC(=O)O)C(=O)O",
    "N[C@@H](CCC(=O)O)C(=O)O"
  ]
}