{
  "alloy": "AZ91",
  "fold": 1,
  "setting": "far_filt",
  "model": "ChemProp",
  "r2": -0.06110504198273836,
  "mae": 111.29371763865153,
  "pearson_r": 0.2474277632682114,
  "pearson_p": 0.37395550629594576,
  "n_train": 4696,
  "n_test": 15,
  "n_features": 48,
  "elapsed_s": 579.9,
  "y_test": [
    56.0,
    52.0,
    25.0,
    -129.0,
    -168.0,
    -156.0,
    -300.0,
    -596.0,
    -206.0,
    -149.0,
    -19.0,
    57.0,
    -82.0,
    28.0,
    -84.0
  ],
  "y_pred": [
    -34.35307312011719,
    -28.607097625732422,
    10.844769477844238,
    -71.91323852539062,
    -44.18670654296875,
    -61.49492263793945,
    -67.08734130859375,
    -48.64386749267578,
    -248.17391967773438,
    -121.62002563476562,
    33.598697662353516,
    38.9054069519043,
    -16.512718200683594,
    -161.15866088867188,
    -117.72331237792969
  ],
  "test_smiles": [
    "Cc1ccc(O)c(C(=O)O)c1",
    "Cc1cccc(C(=O)O)c1O",
    "Cc1cccc(C(=O)O)c1[N+](=O)[O-]",
    "Cc1cccc(O)c1O",
    "Cc1occc(=O)c1O",
    "Cl.Cl.NCCc1cnc[nH]1",
    "Cl.NCC(=O)NCC(=O)O",
    "NC(CO)(CO)CO",
    "NC(CS)C(=O)O",
    "NC(Cc1ccccc1)C(=O)O",
    "NC(N)=O",
    "NC(N)=S",
    "NCC(=O)O",
    "N[C@@H](CC(=O)O)C(=O)O",
    "N[C@@H](CCC(=O)O)C(=O)O"
  ]
}