{
  "alloy": "AZ91",
  "fold": 2,
  "setting": "close_filt",
  "model": "MLP",
  "r2": 0.1628155372169099,
  "mae": 147.65827344258625,
  "pearson_r": 0.5059436452733178,
  "pearson_p": 0.054326236674159575,
  "n_train": 812,
  "n_test": 15,
  "n_features": 2091,
  "elapsed_s": 160.9,
  "y_test": [
    52.0,
    80.0,
    19.0,
    57.0,
    -710.0,
    71.0,
    -177.0,
    26.0,
    52.0,
    11.0,
    37.0,
    -78.0,
    28.0,
    -48.0,
    -476.0
  ],
  "y_pred": [
    -67.01460266113281,
    -86.4280776977539,
    -116.55015563964844,
    -91.16961669921875,
    -107.90433502197266,
    -90.5727310180664,
    -22.960683822631836,
    -51.64606857299805,
    -69.4490737915039,
    -35.940189361572266,
    -79.31436157226562,
    -66.61543273925781,
    -59.8619499206543,
    -63.031490325927734,
    -224.62376403808594
  ],
  "test_smiles": [
    "Nc1ccc(C(=O)O)c(O)c1",
    "Nc1ccc(O)c(C(=O)O)c1",
    "Nc1ncn[nH]1",
    "O.O.O=C([O-])[C@H](O)CO.O=C([O-])[C@H](O)CO.[Ca+2]",
    "O.O=C(O)CN(CC(=O)O)[C@@H]1CCCC[C@H]1N(CC(=O)O)CC(=O)O",
    "O=C(CC(=O)C(F)(F)F)c1cccs1",
    "O=C(NO)c1ccccc1O",
    "O=C(O)/C=C\\C(=O)O",
    "O=C(O)C(O)C(O)C(=O)O",
    "O=C(O)C(O)c1ccccc1",
    "O=C(O)C1(O)C[C@@H](O)C(O)[C@H](O)C1",
    "O=C(O)CC(O)(C(=O)O)C(=O)O",
    "O=C(O)CCC(=O)O",
    "O=C(O)CCCCC(=O)O",
    "O=C(O)CN(CC(=O)O)CC(=O)O"
  ]
}