{
  "alloy": "AZ91",
  "fold": 2,
  "setting": "far_filt",
  "model": "GBR",
  "r2": 0.38740133879696137,
  "mae": 126.96834599791305,
  "pearson_r": 0.7014432170537137,
  "pearson_p": 0.0035668012734498484,
  "n_train": 4732,
  "n_test": 15,
  "n_features": 2096,
  "elapsed_s": 1567.3,
  "y_test": [
    52.0,
    80.0,
    19.0,
    57.0,
    -710.0,
    71.0,
    -177.0,
    26.0,
    52.0,
    11.0,
    37.0,
    -78.0,
    28.0,
    -48.0,
    -476.0
  ],
  "y_pred": [
    -8.252423105880503,
    -1.2614070207905055,
    -35.65750390002409,
    -73.66137626690926,
    -233.21282309092615,
    -23.036985705719324,
    -25.86854091109252,
    -21.360152919582724,
    -213.88893413008773,
    -100.5372864503325,
    -24.066003326716988,
    -20.336050664770774,
    -20.011250682840515,
    -20.28328633902443,
    -239.50743253437463
  ],
  "test_smiles": [
    "Nc1ccc(C(=O)O)c(O)c1",
    "Nc1ccc(O)c(C(=O)O)c1",
    "Nc1ncn[nH]1",
    "O.O.O=C([O-])[C@H](O)CO.O=C([O-])[C@H](O)CO.[Ca+2]",
    "O.O=C(O)CN(CC(=O)O)[C@@H]1CCCC[C@H]1N(CC(=O)O)CC(=O)O",
    "O=C(CC(=O)C(F)(F)F)c1cccs1",
    "O=C(NO)c1ccccc1O",
    "O=C(O)/C=C\\C(=O)O",
    "O=C(O)C(O)C(O)C(=O)O",
    "O=C(O)C(O)c1ccccc1",
    "O=C(O)C1(O)C[C@@H](O)C(O)[C@H](O)C1",
    "O=C(O)CC(O)(C(=O)O)C(=O)O",
    "O=C(O)CCC(=O)O",
    "O=C(O)CCCCC(=O)O",
    "O=C(O)CN(CC(=O)O)CC(=O)O"
  ]
}