{
  "alloy": "AZ91",
  "fold": 1,
  "setting": "close_filt",
  "model": "kNN_Tan",
  "r2": -0.44195420687487896,
  "mae": 130.57346575199196,
  "pearson_r": -0.11673485117360924,
  "pearson_p": 0.6786463527080014,
  "n_train": 791,
  "n_test": 15,
  "n_features": 2091,
  "elapsed_s": 0.0,
  "y_test": [
    56.0,
    52.0,
    25.0,
    -129.0,
    -168.0,
    -156.0,
    -300.0,
    -596.0,
    -206.0,
    -149.0,
    -19.0,
    57.0,
    -82.0,
    28.0,
    -84.0
  ],
  "y_pred": [
    -7.047999879788617,
    11.471999699134823,
    30.263568364834505,
    -15.512000273550312,
    -64.09599879993895,
    -53.38030924743395,
    7.152481420323722,
    29.478611379987232,
    -6.772002674409289,
    -8.842957686651978,
    20.16266718141117,
    -9.704741133579844,
    7.9412245577928395,
    -28.79999945068356,
    -78.87403870740265
  ],
  "test_smiles": [
    "Cc1ccc(O)c(C(=O)O)c1",
    "Cc1cccc(C(=O)O)c1O",
    "Cc1cccc(C(=O)O)c1[N+](=O)[O-]",
    "Cc1cccc(O)c1O",
    "Cc1occc(=O)c1O",
    "Cl.Cl.NCCc1cnc[nH]1",
    "Cl.NCC(=O)NCC(=O)O",
    "NC(CO)(CO)CO",
    "NC(CS)C(=O)O",
    "NC(Cc1ccccc1)C(=O)O",
    "NC(N)=O",
    "NC(N)=S",
    "NCC(=O)O",
    "N[C@@H](CC(=O)O)C(=O)O",
    "N[C@@H](CCC(=O)O)C(=O)O"
  ]
}