{
  "alloy": "AZ91",
  "fold": 4,
  "setting": "close_filt",
  "model": "GBR",
  "r2": 0.04441884115190753,
  "mae": 115.6591834766318,
  "pearson_r": 0.5449730675105713,
  "pearson_p": 0.03565435768292443,
  "n_train": 782,
  "n_test": 15,
  "n_features": 2091,
  "elapsed_s": 103.6,
  "y_test": [
    24.0,
    47.0,
    71.0,
    38.0,
    19.0,
    18.0,
    -644.0,
    -90.0,
    -151.0,
    24.0,
    29.0,
    -265.0,
    47.0,
    -257.0,
    31.0
  ],
  "y_pred": [
    39.9725150724827,
    32.44754830067154,
    -30.60835001710979,
    -23.162299945007558,
    -14.501279277736723,
    -32.398987660656886,
    -60.45463918384033,
    -14.67266744378439,
    -28.061162173826553,
    -17.25586571375369,
    -19.421416244871367,
    -34.95790315159123,
    -17.143510329593095,
    -23.556772969188383,
    -27.574221111167354
  ],
  "test_smiles": [
    "O=C(O)c1cccnc1",
    "O=C(O)c1cccnc1C(=O)O",
    "O=C1NC(=O)C([N+](=O)[O-])C(=O)N1",
    "O=C1O[C@H]([C@@H](O)CO)C(O)=C1O",
    "O=CO",
    "O=Cc1ccccc1O",
    "O=S(=O)([O-])c1cc(O)c(O)c(S(=O)(=O)[O-])c1.[Na+].[Na+]",
    "O=c1cc(CO)occ1O",
    "O=c1cc[nH]c(=O)[nH]1",
    "OCC(O)CO",
    "OC[C@H]1OC(O)[C@H](O)[C@@H](O)[C@@H]1O",
    "ON=Cc1ccccc1O",
    "c1ccc(-c2ccccn2)nc1",
    "c1ccc2n[nH]nc2c1",
    "c1cn[nH]c1"
  ]
}