{
  "alloy": "AZ91",
  "fold": 0,
  "setting": "far_unfilt",
  "model": "MLP",
  "r2": 0.379919842082284,
  "mae": 61.07879587809245,
  "pearson_r": 0.8146399289454489,
  "pearson_p": 0.00021685786838904165,
  "n_train": 4854,
  "n_test": 15,
  "n_features": 2096,
  "elapsed_s": 765.7,
  "y_test": [
    -106.0,
    24.0,
    60.0,
    -91.0,
    -27.0,
    -355.0,
    -40.0,
    34.0,
    -118.0,
    67.0,
    -127.0,
    -72.0,
    -2.0,
    -27.0,
    9.0
  ],
  "y_pred": [
    -100.6688003540039,
    7.263731002807617,
    11.749467849731445,
    7.092089653015137,
    -99.05757904052734,
    -437.3481140136719,
    -166.81454467773438,
    13.798973083496094,
    8.056227684020996,
    59.931758880615234,
    -178.59986877441406,
    -250.24266052246094,
    -67.3658676147461,
    -22.018022537231445,
    22.03573989868164
  ],
  "test_smiles": [
    "C1CNCCN1",
    "C1N2CN3CN1CN(C2)C3",
    "CC(=O)O",
    "CC(C)(C)c1ccc(C(=O)O)cc1",
    "CC(C)(CO)[C@@H](O)C(=O)NCCCO",
    "CC1(C)NC(=O)NC1=O",
    "CC1(C)S[C@@H]2[C@H](NC(=O)Cc3ccccc3)C(=O)N2[C@H]1C(=O)[O-].[Na+]",
    "CCC(=O)O",
    "CCCCCCCCCCCCCCCCCC(=O)[O-].[Na+]",
    "CCCCCCCCCCCCc1ccc(S(=O)(=O)O)cc1",
    "CCCC[C@H](N)C(=O)O",
    "CNC1C(OC2C(OC3C(O)C(O)C(N=C(N)N)C(O)C3N=C(N)N)OC(C)C2(O)C=O)OC(CO)C(O)C1O",
    "COC(=O)NC1C(OC2C(CO)OC(OC3C(CO)OC(O)C(N)C3O)C(N)C2O)OC(CO)C(OC2OC(CO)C(OC3OC(CO)C(OC4OC(CO)C(OC5OC(CO)C(OC6OC(CO)C(OC7OC(CO)C(O)C(O)C7N)C(O)C6N)C(O)C5N)C(O)C4N)C(O)C3N)C(O)C2N)C1O",
    "Cc1cc(C)[nH]n1",
    "Cc1ccc(C(=O)O)c(O)c1"
  ]
}