{
  "alloy": "AZ91",
  "fold": 1,
  "setting": "far_unfilt",
  "model": "ChemProp",
  "r2": 0.4255350051208119,
  "mae": 100.35741970539092,
  "pearson_r": 0.6608347190411118,
  "pearson_p": 0.007316091777428374,
  "n_train": 4854,
  "n_test": 15,
  "n_features": 48,
  "elapsed_s": 698.9,
  "y_test": [
    56.0,
    52.0,
    25.0,
    -129.0,
    -168.0,
    -156.0,
    -300.0,
    -596.0,
    -206.0,
    -149.0,
    -19.0,
    57.0,
    -82.0,
    28.0,
    -84.0
  ],
  "y_pred": [
    -44.80640411376953,
    -44.82048797607422,
    -5.468871116638184,
    -73.13455200195312,
    -56.68159866333008,
    -58.35021209716797,
    -118.93262481689453,
    -289.1710510253906,
    -309.6688232421875,
    -123.78036499023438,
    0.766342043876648,
    5.840649604797363,
    -136.98294067382812,
    -189.4170684814453,
    -136.3214111328125
  ],
  "test_smiles": [
    "Cc1ccc(O)c(C(=O)O)c1",
    "Cc1cccc(C(=O)O)c1O",
    "Cc1cccc(C(=O)O)c1[N+](=O)[O-]",
    "Cc1cccc(O)c1O",
    "Cc1occc(=O)c1O",
    "Cl.Cl.NCCc1cnc[nH]1",
    "Cl.NCC(=O)NCC(=O)O",
    "NC(CO)(CO)CO",
    "NC(CS)C(=O)O",
    "NC(Cc1ccccc1)C(=O)O",
    "NC(N)=O",
    "NC(N)=S",
    "NCC(=O)O",
    "N[C@@H](CC(=O)O)C(=O)O",
    "N[C@@H](CCC(=O)O)C(=O)O"
  ]
}