{
  "alloy": "AZ91",
  "fold": 4,
  "setting": "close_unfilt",
  "model": "RF",
  "r2": 0.31390231250488265,
  "mae": 92.38247127561326,
  "pearson_r": 0.9314141100603571,
  "pearson_p": 4.5380596477612383e-07,
  "n_train": 899,
  "n_test": 15,
  "n_features": 2091,
  "elapsed_s": 147.8,
  "y_test": [
    24.0,
    47.0,
    71.0,
    38.0,
    19.0,
    18.0,
    -644.0,
    -90.0,
    -151.0,
    24.0,
    29.0,
    -265.0,
    47.0,
    -257.0,
    31.0
  ],
  "y_pred": [
    35.82351666666666,
    43.50847333333334,
    9.665970000000002,
    5.238980000000001,
    28.021630000000005,
    -26.063419999999997,
    -159.51588,
    2.1323366666666663,
    -44.95522,
    11.547990952380955,
    1.9313284848484848,
    -54.05065476190475,
    9.762833333333335,
    -36.45342,
    -1.326916666666667
  ],
  "test_smiles": [
    "O=C(O)c1cccnc1",
    "O=C(O)c1cccnc1C(=O)O",
    "O=C1NC(=O)C([N+](=O)[O-])C(=O)N1",
    "O=C1O[C@H]([C@@H](O)CO)C(O)=C1O",
    "O=CO",
    "O=Cc1ccccc1O",
    "O=S(=O)([O-])c1cc(O)c(O)c(S(=O)(=O)[O-])c1.[Na+].[Na+]",
    "O=c1cc(CO)occ1O",
    "O=c1cc[nH]c(=O)[nH]1",
    "OCC(O)CO",
    "OC[C@H]1OC(O)[C@H](O)[C@@H](O)[C@@H]1O",
    "ON=Cc1ccccc1O",
    "c1ccc(-c2ccccn2)nc1",
    "c1ccc2n[nH]nc2c1",
    "c1cn[nH]c1"
  ]
}