{
  "alloy": "AZ91",
  "fold": 3,
  "setting": "far_filt",
  "model": "RF",
  "r2": 0.058278840167291124,
  "mae": 132.41722023809524,
  "pearson_r": 0.41047323978494593,
  "pearson_p": 0.12857505678748785,
  "n_train": 4713,
  "n_test": 15,
  "n_features": 2096,
  "elapsed_s": 1576.8,
  "y_test": [
    -599.0,
    -227.0,
    49.0,
    54.0,
    48.0,
    -125.0,
    15.0,
    68.0,
    -800.0,
    -261.0,
    74.0,
    40.0,
    33.0,
    26.0,
    45.0
  ],
  "y_pred": [
    -277.813,
    -275.81719999999996,
    21.201040000000003,
    1.5214400000000006,
    10.222099999999998,
    41.71317000000001,
    31.62676666666666,
    31.383821666666673,
    39.83853666666667,
    28.582615238095233,
    -6.762453333333334,
    20.51424,
    28.762886666666663,
    -5.548103333333333,
    32.21201333333334
  ],
  "test_smiles": [
    "O=C(O)CN(CCN(CC(=O)O)CC(=O)O)CC(=O)O",
    "O=C(O)CN(CCO)CCO",
    "O=C(O)CO",
    "O=C(O)COCC(=O)O",
    "O=C(O)[C@H](O)[C@@H](O)[C@H](O[C@@H]1O[C@H](CO)[C@H](O)[C@H](O)[C@H]1O)[C@H](O)CO",
    "O=C(O)c1cc(S(=O)(=O)O)ccc1O",
    "O=C(O)c1cc([N+](=O)[O-])cc([N+](=O)[O-])c1O",
    "O=C(O)c1ccc(C(=O)O)nc1",
    "O=C(O)c1ccc(O)c(O)c1",
    "O=C(O)c1ccc(O)cc1",
    "O=C(O)c1ccc2ccccc2n1",
    "O=C(O)c1ccccc1",
    "O=C(O)c1ccccc1C(=O)O",
    "O=C(O)c1ccccc1O",
    "O=C(O)c1ccccn1"
  ]
}