{
  "alloy": "AZ91",
  "fold": 4,
  "setting": "far_unfilt",
  "model": "RF",
  "r2": 0.2565571793871464,
  "mae": 95.44687097354499,
  "pearson_r": 0.9061484716046219,
  "pearson_p": 3.2748504902863094e-06,
  "n_train": 4854,
  "n_test": 15,
  "n_features": 2096,
  "elapsed_s": 1243.7,
  "y_test": [
    24.0,
    47.0,
    71.0,
    38.0,
    19.0,
    18.0,
    -644.0,
    -90.0,
    -151.0,
    24.0,
    29.0,
    -265.0,
    47.0,
    -257.0,
    31.0
  ],
  "y_pred": [
    35.42644666666666,
    43.71802333333334,
    3.7330400000000004,
    -2.7656799999999997,
    28.386873333333327,
    -26.113319999999995,
    -132.11959238095235,
    2.5462900000000004,
    -46.34646666666667,
    9.448473333333334,
    1.422411904761905,
    -54.07370666666665,
    11.711266666666665,
    -33.25819111111111,
    -3.2956266666666663
  ],
  "test_smiles": [
    "O=C(O)c1cccnc1",
    "O=C(O)c1cccnc1C(=O)O",
    "O=C1NC(=O)C([N+](=O)[O-])C(=O)N1",
    "O=C1O[C@H]([C@@H](O)CO)C(O)=C1O",
    "O=CO",
    "O=Cc1ccccc1O",
    "O=S(=O)([O-])c1cc(O)c(O)c(S(=O)(=O)[O-])c1.[Na+].[Na+]",
    "O=c1cc(CO)occ1O",
    "O=c1cc[nH]c(=O)[nH]1",
    "OCC(O)CO",
    "OC[C@H]1OC(O)[C@H](O)[C@@H](O)[C@@H]1O",
    "ON=Cc1ccccc1O",
    "c1ccc(-c2ccccn2)nc1",
    "c1ccc2n[nH]nc2c1",
    "c1cn[nH]c1"
  ]
}