{
  "alloy": "AZ91",
  "fold": 3,
  "setting": "close_filt",
  "model": "MLP",
  "r2": 0.05805462641698056,
  "mae": 162.47939847310383,
  "pearson_r": 0.42703770057969004,
  "pearson_p": 0.11238414668221064,
  "n_train": 799,
  "n_test": 15,
  "n_features": 2091,
  "elapsed_s": 160.9,
  "y_test": [
    -599.0,
    -227.0,
    49.0,
    54.0,
    48.0,
    -125.0,
    15.0,
    68.0,
    -800.0,
    -261.0,
    74.0,
    40.0,
    33.0,
    26.0,
    45.0
  ],
  "y_pred": [
    -121.80155944824219,
    -121.23590087890625,
    -97.82215881347656,
    -69.71017456054688,
    -33.067012786865234,
    -77.03077697753906,
    -40.996341705322266,
    -25.593887329101562,
    -45.88982391357422,
    -38.283416748046875,
    -18.157045364379883,
    -23.495655059814453,
    -33.155738830566406,
    -24.588701248168945,
    -10.845739364624023
  ],
  "test_smiles": [
    "O=C(O)CN(CCN(CC(=O)O)CC(=O)O)CC(=O)O",
    "O=C(O)CN(CCO)CCO",
    "O=C(O)CO",
    "O=C(O)COCC(=O)O",
    "O=C(O)[C@H](O)[C@@H](O)[C@H](O[C@@H]1O[C@H](CO)[C@H](O)[C@H](O)[C@H]1O)[C@H](O)CO",
    "O=C(O)c1cc(S(=O)(=O)O)ccc1O",
    "O=C(O)c1cc([N+](=O)[O-])cc([N+](=O)[O-])c1O",
    "O=C(O)c1ccc(C(=O)O)nc1",
    "O=C(O)c1ccc(O)c(O)c1",
    "O=C(O)c1ccc(O)cc1",
    "O=C(O)c1ccc2ccccc2n1",
    "O=C(O)c1ccccc1",
    "O=C(O)c1ccccc1C(=O)O",
    "O=C(O)c1ccccc1O",
    "O=C(O)c1ccccn1"
  ]
}