{
  "alloy": "AZ91",
  "fold": 0,
  "setting": "close_filt",
  "model": "MLP",
  "r2": -0.4865688615084509,
  "mae": 94.4516990661621,
  "pearson_r": -0.12561394348887087,
  "pearson_p": 0.6555475122513561,
  "n_train": 817,
  "n_test": 15,
  "n_features": 2091,
  "elapsed_s": 148.7,
  "y_test": [
    -106.0,
    24.0,
    60.0,
    -91.0,
    -27.0,
    -355.0,
    -40.0,
    34.0,
    -118.0,
    67.0,
    -127.0,
    -72.0,
    -2.0,
    -27.0,
    9.0
  ],
  "y_pred": [
    -90.35082244873047,
    -94.70902252197266,
    -46.655033111572266,
    -88.60306549072266,
    -79.29953002929688,
    -64.05348205566406,
    -134.01580810546875,
    -121.13729858398438,
    -40.630943298339844,
    -108.96385955810547,
    -120.66223907470703,
    -63.59770965576172,
    -171.2928466796875,
    -158.21575927734375,
    21.38459014892578
  ],
  "test_smiles": [
    "C1CNCCN1",
    "C1N2CN3CN1CN(C2)C3",
    "CC(=O)O",
    "CC(C)(C)c1ccc(C(=O)O)cc1",
    "CC(C)(CO)[C@@H](O)C(=O)NCCCO",
    "CC1(C)NC(=O)NC1=O",
    "CC1(C)S[C@@H]2[C@H](NC(=O)Cc3ccccc3)C(=O)N2[C@H]1C(=O)[O-].[Na+]",
    "CCC(=O)O",
    "CCCCCCCCCCCCCCCCCC(=O)[O-].[Na+]",
    "CCCCCCCCCCCCc1ccc(S(=O)(=O)O)cc1",
    "CCCC[C@H](N)C(=O)O",
    "CNC1C(OC2C(OC3C(O)C(O)C(N=C(N)N)C(O)C3N=C(N)N)OC(C)C2(O)C=O)OC(CO)C(O)C1O",
    "COC(=O)NC1C(OC2C(CO)OC(OC3C(CO)OC(O)C(N)C3O)C(N)C2O)OC(CO)C(OC2OC(CO)C(OC3OC(CO)C(OC4OC(CO)C(OC5OC(CO)C(OC6OC(CO)C(OC7OC(CO)C(O)C(O)C7N)C(O)C6N)C(O)C5N)C(O)C4N)C(O)C3N)C(O)C2N)C1O",
    "Cc1cc(C)[nH]n1",
    "Cc1ccc(C(=O)O)c(O)c1"
  ]
}