{
  "alloy": "AZ91",
  "fold": 2,
  "setting": "close_unfilt",
  "model": "GBR",
  "r2": 0.9062669325820741,
  "mae": 47.31985435825337,
  "pearson_r": 0.9773573486247932,
  "pearson_p": 3.7740198293890674e-10,
  "n_train": 899,
  "n_test": 15,
  "n_features": 2091,
  "elapsed_s": 117.3,
  "y_test": [
    52.0,
    80.0,
    19.0,
    57.0,
    -710.0,
    71.0,
    -177.0,
    26.0,
    52.0,
    11.0,
    37.0,
    -78.0,
    28.0,
    -48.0,
    -476.0
  ],
  "y_pred": [
    12.483539717892453,
    36.42190238638371,
    -105.04885673074445,
    19.148728762180262,
    -520.2990365438973,
    31.67472295586102,
    -158.03789786059716,
    14.624969338244405,
    1.3266050983291304,
    8.02149902160326,
    12.820794419612087,
    -80.68541322290058,
    8.482984617388949,
    8.522196416788088,
    -427.11597027464285
  ],
  "test_smiles": [
    "Nc1ccc(C(=O)O)c(O)c1",
    "Nc1ccc(O)c(C(=O)O)c1",
    "Nc1ncn[nH]1",
    "O.O.O=C([O-])[C@H](O)CO.O=C([O-])[C@H](O)CO.[Ca+2]",
    "O.O=C(O)CN(CC(=O)O)[C@@H]1CCCC[C@H]1N(CC(=O)O)CC(=O)O",
    "O=C(CC(=O)C(F)(F)F)c1cccs1",
    "O=C(NO)c1ccccc1O",
    "O=C(O)/C=C\\C(=O)O",
    "O=C(O)C(O)C(O)C(=O)O",
    "O=C(O)C(O)c1ccccc1",
    "O=C(O)C1(O)C[C@@H](O)C(O)[C@H](O)C1",
    "O=C(O)CC(O)(C(=O)O)C(=O)O",
    "O=C(O)CCC(=O)O",
    "O=C(O)CCCCC(=O)O",
    "O=C(O)CN(CC(=O)O)CC(=O)O"
  ]
}