{
  "alloy": "AZ91",
  "fold": 1,
  "setting": "close_unfilt",
  "model": "ChemProp",
  "r2": 0.7412091414116916,
  "mae": 70.80881455739339,
  "pearson_r": 0.8818969157201454,
  "pearson_p": 1.3734726201234745e-05,
  "n_train": 899,
  "n_test": 15,
  "n_features": 43,
  "elapsed_s": 105.2,
  "y_test": [
    56.0,
    52.0,
    25.0,
    -129.0,
    -168.0,
    -156.0,
    -300.0,
    -596.0,
    -206.0,
    -149.0,
    -19.0,
    57.0,
    -82.0,
    28.0,
    -84.0
  ],
  "y_pred": [
    -21.140657424926758,
    -16.714216232299805,
    17.3321533203125,
    -110.35517120361328,
    -41.69516372680664,
    -80.5570297241211,
    -152.79180908203125,
    -449.8531188964844,
    -257.2812194824219,
    -53.94218063354492,
    15.803784370422363,
    25.271678924560547,
    -125.00270080566406,
    -100.28258514404297,
    -94.70536041259766
  ],
  "test_smiles": [
    "Cc1ccc(O)c(C(=O)O)c1",
    "Cc1cccc(C(=O)O)c1O",
    "Cc1cccc(C(=O)O)c1[N+](=O)[O-]",
    "Cc1cccc(O)c1O",
    "Cc1occc(=O)c1O",
    "Cl.Cl.NCCc1cnc[nH]1",
    "Cl.NCC(=O)NCC(=O)O",
    "NC(CO)(CO)CO",
    "NC(CS)C(=O)O",
    "NC(Cc1ccccc1)C(=O)O",
    "NC(N)=O",
    "NC(N)=S",
    "NCC(=O)O",
    "N[C@@H](CC(=O)O)C(=O)O",
    "N[C@@H](CCC(=O)O)C(=O)O"
  ]
}