{
  "alloy": "AZ91",
  "fold": 4,
  "setting": "close_unfilt",
  "model": "MLP",
  "r2": 0.8766999280014367,
  "mae": 48.40585215886434,
  "pearson_r": 0.9372640826538544,
  "pearson_p": 2.5787948946254873e-07,
  "n_train": 899,
  "n_test": 15,
  "n_features": 2091,
  "elapsed_s": 212.6,
  "y_test": [
    24.0,
    47.0,
    71.0,
    38.0,
    19.0,
    18.0,
    -644.0,
    -90.0,
    -151.0,
    24.0,
    29.0,
    -265.0,
    47.0,
    -257.0,
    31.0
  ],
  "y_pred": [
    31.251052856445312,
    65.45449829101562,
    40.66508483886719,
    -23.844335556030273,
    27.717378616333008,
    52.70619201660156,
    -672.6512451171875,
    -47.500389099121094,
    -219.4844207763672,
    6.2619733810424805,
    -12.018856048583984,
    -95.90864562988281,
    18.77374839782715,
    -122.91600799560547,
    -3.985652446746826
  ],
  "test_smiles": [
    "O=C(O)c1cccnc1",
    "O=C(O)c1cccnc1C(=O)O",
    "O=C1NC(=O)C([N+](=O)[O-])C(=O)N1",
    "O=C1O[C@H]([C@@H](O)CO)C(O)=C1O",
    "O=CO",
    "O=Cc1ccccc1O",
    "O=S(=O)([O-])c1cc(O)c(O)c(S(=O)(=O)[O-])c1.[Na+].[Na+]",
    "O=c1cc(CO)occ1O",
    "O=c1cc[nH]c(=O)[nH]1",
    "OCC(O)CO",
    "OC[C@H]1OC(O)[C@H](O)[C@@H](O)[C@@H]1O",
    "ON=Cc1ccccc1O",
    "c1ccc(-c2ccccn2)nc1",
    "c1ccc2n[nH]nc2c1",
    "c1cn[nH]c1"
  ]
}