{
  "alloy": "AZ91",
  "fold": 0,
  "setting": "exact",
  "model": "ChemProp",
  "r2": -0.13316326852343052,
  "mae": 84.10015869140625,
  "pearson_r": -0.0738697875682732,
  "pearson_p": 0.7936043421874076,
  "n_train": 60,
  "n_test": 15,
  "n_features": 3,
  "elapsed_s": 23.1,
  "y_test": [
    -106.0,
    24.0,
    60.0,
    -91.0,
    -27.0,
    -355.0,
    -40.0,
    34.0,
    -118.0,
    67.0,
    -127.0,
    -72.0,
    -2.0,
    -27.0,
    9.0
  ],
  "y_pred": [
    -89.14704132080078,
    -89.80419921875,
    -87.88426971435547,
    -87.41852569580078,
    -88.64517974853516,
    -87.54814910888672,
    -87.47828674316406,
    -88.196533203125,
    -89.58610534667969,
    -88.59260559082031,
    -88.64889526367188,
    -87.94143676757812,
    -88.08795928955078,
    -87.13611602783203,
    -87.08451080322266
  ],
  "test_smiles": [
    "C1CNCCN1",
    "C1N2CN3CN1CN(C2)C3",
    "CC(=O)O",
    "CC(C)(C)c1ccc(C(=O)O)cc1",
    "CC(C)(CO)[C@@H](O)C(=O)NCCCO",
    "CC1(C)NC(=O)NC1=O",
    "CC1(C)S[C@@H]2[C@H](NC(=O)Cc3ccccc3)C(=O)N2[C@H]1C(=O)[O-].[Na+]",
    "CCC(=O)O",
    "CCCCCCCCCCCCCCCCCC(=O)[O-].[Na+]",
    "CCCCCCCCCCCCc1ccc(S(=O)(=O)O)cc1",
    "CCCC[C@H](N)C(=O)O",
    "CNC1C(OC2C(OC3C(O)C(O)C(N=C(N)N)C(O)C3N=C(N)N)OC(C)C2(O)C=O)OC(CO)C(O)C1O",
    "COC(=O)NC1C(OC2C(CO)OC(OC3C(CO)OC(O)C(N)C3O)C(N)C2O)OC(CO)C(OC2OC(CO)C(OC3OC(CO)C(OC4OC(CO)C(OC5OC(CO)C(OC6OC(CO)C(OC7OC(CO)C(O)C(O)C7N)C(O)C6N)C(O)C5N)C(O)C4N)C(O)C3N)C(O)C2N)C1O",
    "Cc1cc(C)[nH]n1",
    "Cc1ccc(C(=O)O)c(O)c1"
  ]
}