{
  "alloy": "AZ91",
  "fold": 2,
  "setting": "far_filt",
  "model": "RF",
  "r2": 0.4255852830052316,
  "mae": 104.74085600000004,
  "pearson_r": 0.8278147339929552,
  "pearson_p": 0.0001389035946713281,
  "n_train": 4732,
  "n_test": 15,
  "n_features": 2096,
  "elapsed_s": 1593.8,
  "y_test": [
    52.0,
    80.0,
    19.0,
    57.0,
    -710.0,
    71.0,
    -177.0,
    26.0,
    52.0,
    11.0,
    37.0,
    -78.0,
    28.0,
    -48.0,
    -476.0
  ],
  "y_pred": [
    -19.210469999999997,
    -10.23743,
    -31.644240000000003,
    5.63654,
    -172.99298,
    -13.306,
    -14.325660000000001,
    37.19994,
    -48.11992,
    2.50526,
    22.66332,
    16.934679999999997,
    32.70624,
    21.347779999999997,
    -255.47009999999997
  ],
  "test_smiles": [
    "Nc1ccc(C(=O)O)c(O)c1",
    "Nc1ccc(O)c(C(=O)O)c1",
    "Nc1ncn[nH]1",
    "O.O.O=C([O-])[C@H](O)CO.O=C([O-])[C@H](O)CO.[Ca+2]",
    "O.O=C(O)CN(CC(=O)O)[C@@H]1CCCC[C@H]1N(CC(=O)O)CC(=O)O",
    "O=C(CC(=O)C(F)(F)F)c1cccs1",
    "O=C(NO)c1ccccc1O",
    "O=C(O)/C=C\\C(=O)O",
    "O=C(O)C(O)C(O)C(=O)O",
    "O=C(O)C(O)c1ccccc1",
    "O=C(O)C1(O)C[C@@H](O)C(O)[C@H](O)C1",
    "O=C(O)CC(O)(C(=O)O)C(=O)O",
    "O=C(O)CCC(=O)O",
    "O=C(O)CCCCC(=O)O",
    "O=C(O)CN(CC(=O)O)CC(=O)O"
  ]
}