{
  "alloy": "AZ91",
  "fold": 4,
  "setting": "far_unfilt",
  "model": "MLP",
  "r2": 0.74563734432936,
  "mae": 64.2305871963501,
  "pearson_r": 0.8773055113228663,
  "pearson_p": 1.739782305456795e-05,
  "n_train": 4854,
  "n_test": 15,
  "n_features": 2096,
  "elapsed_s": 887.7,
  "y_test": [
    24.0,
    47.0,
    71.0,
    38.0,
    19.0,
    18.0,
    -644.0,
    -90.0,
    -151.0,
    24.0,
    29.0,
    -265.0,
    47.0,
    -257.0,
    31.0
  ],
  "y_pred": [
    10.77441692352295,
    55.932865142822266,
    34.67848205566406,
    -31.22893524169922,
    22.713518142700195,
    38.223114013671875,
    -722.9337768554688,
    -15.461254119873047,
    -264.54949951171875,
    8.5040922164917,
    2.2204325199127197,
    -27.47899627685547,
    21.287857055664062,
    -52.01902389526367,
    -3.301654100418091
  ],
  "test_smiles": [
    "O=C(O)c1cccnc1",
    "O=C(O)c1cccnc1C(=O)O",
    "O=C1NC(=O)C([N+](=O)[O-])C(=O)N1",
    "O=C1O[C@H]([C@@H](O)CO)C(O)=C1O",
    "O=CO",
    "O=Cc1ccccc1O",
    "O=S(=O)([O-])c1cc(O)c(O)c(S(=O)(=O)[O-])c1.[Na+].[Na+]",
    "O=c1cc(CO)occ1O",
    "O=c1cc[nH]c(=O)[nH]1",
    "OCC(O)CO",
    "OC[C@H]1OC(O)[C@H](O)[C@@H](O)[C@@H]1O",
    "ON=Cc1ccccc1O",
    "c1ccc(-c2ccccn2)nc1",
    "c1ccc2n[nH]nc2c1",
    "c1cn[nH]c1"
  ]
}