{
  "alloy": "AZ91",
  "fold": 3,
  "setting": "far_filt",
  "model": "ChemProp",
  "r2": 0.20234169877629526,
  "mae": 118.897904809316,
  "pearson_r": 0.5069051424633213,
  "pearson_p": 0.053794529782311445,
  "n_train": 4713,
  "n_test": 15,
  "n_features": 48,
  "elapsed_s": 577.2,
  "y_test": [
    -599.0,
    -227.0,
    49.0,
    54.0,
    48.0,
    -125.0,
    15.0,
    68.0,
    -800.0,
    -261.0,
    74.0,
    40.0,
    33.0,
    26.0,
    45.0
  ],
  "y_pred": [
    -441.7861328125,
    -286.8608703613281,
    4.878010272979736,
    -16.25822639465332,
    11.681028366088867,
    -27.380685806274414,
    4.28692626953125,
    13.326208114624023,
    13.368977546691895,
    13.892459869384766,
    5.609690189361572,
    14.123605728149414,
    18.91436004638672,
    12.449759483337402,
    2.475554943084717
  ],
  "test_smiles": [
    "O=C(O)CN(CCN(CC(=O)O)CC(=O)O)CC(=O)O",
    "O=C(O)CN(CCO)CCO",
    "O=C(O)CO",
    "O=C(O)COCC(=O)O",
    "O=C(O)[C@H](O)[C@@H](O)[C@H](O[C@@H]1O[C@H](CO)[C@H](O)[C@H](O)[C@H]1O)[C@H](O)CO",
    "O=C(O)c1cc(S(=O)(=O)O)ccc1O",
    "O=C(O)c1cc([N+](=O)[O-])cc([N+](=O)[O-])c1O",
    "O=C(O)c1ccc(C(=O)O)nc1",
    "O=C(O)c1ccc(O)c(O)c1",
    "O=C(O)c1ccc(O)cc1",
    "O=C(O)c1ccc2ccccc2n1",
    "O=C(O)c1ccccc1",
    "O=C(O)c1ccccc1C(=O)O",
    "O=C(O)c1ccccc1O",
    "O=C(O)c1ccccn1"
  ]
}