{
  "alloy": "AZ91",
  "fold": 2,
  "setting": "far_unfilt",
  "model": "kNN_Tan",
  "r2": 0.835121072126039,
  "mae": 60.47346076613042,
  "pearson_r": 0.9836557282835939,
  "pearson_p": 4.6049325155142994e-11,
  "n_train": 4854,
  "n_test": 15,
  "n_features": 2096,
  "elapsed_s": 0.1,
  "y_test": [
    52.0,
    80.0,
    19.0,
    57.0,
    -710.0,
    71.0,
    -177.0,
    26.0,
    52.0,
    11.0,
    37.0,
    -78.0,
    28.0,
    -48.0,
    -476.0
  ],
  "y_pred": [
    61.311791324093974,
    58.568000000000005,
    -105.68000000000002,
    31.480000000000008,
    -958.5101201678622,
    23.472,
    -234.64000000000004,
    22.760000000000005,
    -19.5304,
    -1.1039999999999994,
    23.943999999999996,
    -25.106399999999997,
    38.144000000000005,
    10.656,
    -626.8560000000001
  ],
  "test_smiles": [
    "Nc1ccc(C(=O)O)c(O)c1",
    "Nc1ccc(O)c(C(=O)O)c1",
    "Nc1ncn[nH]1",
    "O.O.O=C([O-])[C@H](O)CO.O=C([O-])[C@H](O)CO.[Ca+2]",
    "O.O=C(O)CN(CC(=O)O)[C@@H]1CCCC[C@H]1N(CC(=O)O)CC(=O)O",
    "O=C(CC(=O)C(F)(F)F)c1cccs1",
    "O=C(NO)c1ccccc1O",
    "O=C(O)/C=C\\C(=O)O",
    "O=C(O)C(O)C(O)C(=O)O",
    "O=C(O)C(O)c1ccccc1",
    "O=C(O)C1(O)C[C@@H](O)C(O)[C@H](O)C1",
    "O=C(O)CC(O)(C(=O)O)C(=O)O",
    "O=C(O)CCC(=O)O",
    "O=C(O)CCCCC(=O)O",
    "O=C(O)CN(CC(=O)O)CC(=O)O"
  ]
}