{
  "alloy": "AZ91",
  "fold": 1,
  "setting": "close_filt",
  "model": "RF",
  "r2": -0.42216086093442673,
  "mae": 133.6382571111111,
  "pearson_r": 0.055966486701430375,
  "pearson_p": 0.8429616877257985,
  "n_train": 791,
  "n_test": 15,
  "n_features": 2091,
  "elapsed_s": 132.0,
  "y_test": [
    56.0,
    52.0,
    25.0,
    -129.0,
    -168.0,
    -156.0,
    -300.0,
    -596.0,
    -206.0,
    -149.0,
    -19.0,
    57.0,
    -82.0,
    28.0,
    -84.0
  ],
  "y_pred": [
    -4.855600000000001,
    18.44769,
    8.497840000000002,
    -14.361083333333333,
    -5.264200000000001,
    -109.30255000000001,
    12.394986666666668,
    8.14671,
    -3.2083066666666666,
    0.9148999999999999,
    19.913933333333333,
    10.001773333333333,
    19.51111333333334,
    -15.789533333333331,
    -14.869476666666662
  ],
  "test_smiles": [
    "Cc1ccc(O)c(C(=O)O)c1",
    "Cc1cccc(C(=O)O)c1O",
    "Cc1cccc(C(=O)O)c1[N+](=O)[O-]",
    "Cc1cccc(O)c1O",
    "Cc1occc(=O)c1O",
    "Cl.Cl.NCCc1cnc[nH]1",
    "Cl.NCC(=O)NCC(=O)O",
    "NC(CO)(CO)CO",
    "NC(CS)C(=O)O",
    "NC(Cc1ccccc1)C(=O)O",
    "NC(N)=O",
    "NC(N)=S",
    "NCC(=O)O",
    "N[C@@H](CC(=O)O)C(=O)O",
    "N[C@@H](CCC(=O)O)C(=O)O"
  ]
}