{
  "alloy": "AZ91",
  "fold": 0,
  "setting": "exact",
  "model": "MLP",
  "r2": -0.508454119010153,
  "mae": 96.14597969055175,
  "pearson_r": -0.06683018787005986,
  "pearson_p": 0.812935402555819,
  "n_train": 60,
  "n_test": 15,
  "n_features": 2051,
  "elapsed_s": 15.4,
  "y_test": [
    -106.0,
    24.0,
    60.0,
    -91.0,
    -27.0,
    -355.0,
    -40.0,
    34.0,
    -118.0,
    67.0,
    -127.0,
    -72.0,
    -2.0,
    -27.0,
    9.0
  ],
  "y_pred": [
    -97.79725646972656,
    -115.10714721679688,
    -107.95836639404297,
    -154.9901885986328,
    -156.10276794433594,
    -79.23783111572266,
    -128.65863037109375,
    -119.42965698242188,
    -111.46664428710938,
    -130.84800720214844,
    -109.25841522216797,
    -34.9217643737793,
    -38.25190734863281,
    -147.1946563720703,
    9.330278396606445
  ],
  "test_smiles": [
    "C1CNCCN1",
    "C1N2CN3CN1CN(C2)C3",
    "CC(=O)O",
    "CC(C)(C)c1ccc(C(=O)O)cc1",
    "CC(C)(CO)[C@@H](O)C(=O)NCCCO",
    "CC1(C)NC(=O)NC1=O",
    "CC1(C)S[C@@H]2[C@H](NC(=O)Cc3ccccc3)C(=O)N2[C@H]1C(=O)[O-].[Na+]",
    "CCC(=O)O",
    "CCCCCCCCCCCCCCCCCC(=O)[O-].[Na+]",
    "CCCCCCCCCCCCc1ccc(S(=O)(=O)O)cc1",
    "CCCC[C@H](N)C(=O)O",
    "CNC1C(OC2C(OC3C(O)C(O)C(N=C(N)N)C(O)C3N=C(N)N)OC(C)C2(O)C=O)OC(CO)C(O)C1O",
    "COC(=O)NC1C(OC2C(CO)OC(OC3C(CO)OC(O)C(N)C3O)C(N)C2O)OC(CO)C(OC2OC(CO)C(OC3OC(CO)C(OC4OC(CO)C(OC5OC(CO)C(OC6OC(CO)C(OC7OC(CO)C(O)C(O)C7N)C(O)C6N)C(O)C5N)C(O)C4N)C(O)C3N)C(O)C2N)C1O",
    "Cc1cc(C)[nH]n1",
    "Cc1ccc(C(=O)O)c(O)c1"
  ]
}