{
  "alloy": "AZ91",
  "fold": 0,
  "setting": "close_filt",
  "model": "kNN_Tan",
  "r2": -1.14075456623438,
  "mae": 109.33047798803504,
  "pearson_r": -0.12912532868854826,
  "pearson_p": 0.646490685765912,
  "n_train": 817,
  "n_test": 15,
  "n_features": 2091,
  "elapsed_s": 0.0,
  "y_test": [
    -106.0,
    24.0,
    60.0,
    -91.0,
    -27.0,
    -355.0,
    -40.0,
    34.0,
    -118.0,
    67.0,
    -127.0,
    -72.0,
    -2.0,
    -27.0,
    9.0
  ],
  "y_pred": [
    -113.43526307919853,
    -129.50720456737656,
    -3.8907911573589637,
    -41.30400200235373,
    15.922824557066782,
    15.70200626636479,
    -114.37349078312945,
    34.35999903585725,
    57.200001264999635,
    -211.66399621515293,
    -224.0399915069671,
    15.90029473956205,
    -20.801317393708686,
    -186.86399242618546,
    68.59999882995166
  ],
  "test_smiles": [
    "C1CNCCN1",
    "C1N2CN3CN1CN(C2)C3",
    "CC(=O)O",
    "CC(C)(C)c1ccc(C(=O)O)cc1",
    "CC(C)(CO)[C@@H](O)C(=O)NCCCO",
    "CC1(C)NC(=O)NC1=O",
    "CC1(C)S[C@@H]2[C@H](NC(=O)Cc3ccccc3)C(=O)N2[C@H]1C(=O)[O-].[Na+]",
    "CCC(=O)O",
    "CCCCCCCCCCCCCCCCCC(=O)[O-].[Na+]",
    "CCCCCCCCCCCCc1ccc(S(=O)(=O)O)cc1",
    "CCCC[C@H](N)C(=O)O",
    "CNC1C(OC2C(OC3C(O)C(O)C(N=C(N)N)C(O)C3N=C(N)N)OC(C)C2(O)C=O)OC(CO)C(O)C1O",
    "COC(=O)NC1C(OC2C(CO)OC(OC3C(CO)OC(O)C(N)C3O)C(N)C2O)OC(CO)C(OC2OC(CO)C(OC3OC(CO)C(OC4OC(CO)C(OC5OC(CO)C(OC6OC(CO)C(OC7OC(CO)C(O)C(O)C7N)C(O)C6N)C(O)C5N)C(O)C4N)C(O)C3N)C(O)C2N)C1O",
    "Cc1cc(C)[nH]n1",
    "Cc1ccc(C(=O)O)c(O)c1"
  ]
}