{
  "alloy": "AZ91",
  "fold": 3,
  "setting": "close_filt",
  "model": "RF",
  "r2": 0.060114938135833906,
  "mae": 132.25736266666667,
  "pearson_r": 0.41121734890375433,
  "pearson_p": 0.12781542534533288,
  "n_train": 799,
  "n_test": 15,
  "n_features": 2091,
  "elapsed_s": 131.4,
  "y_test": [
    -599.0,
    -227.0,
    49.0,
    54.0,
    48.0,
    -125.0,
    15.0,
    68.0,
    -800.0,
    -261.0,
    74.0,
    40.0,
    33.0,
    26.0,
    45.0
  ],
  "y_pred": [
    -286.51543999999996,
    -284.27224,
    22.046860000000002,
    4.437660000000001,
    11.329470000000004,
    42.214906666666664,
    32.90638333333333,
    32.987803333333325,
    41.26441,
    29.798856666666666,
    -7.083209999999999,
    20.15301333333333,
    28.719669999999997,
    -4.7711500000000004,
    32.260799999999996
  ],
  "test_smiles": [
    "O=C(O)CN(CCN(CC(=O)O)CC(=O)O)CC(=O)O",
    "O=C(O)CN(CCO)CCO",
    "O=C(O)CO",
    "O=C(O)COCC(=O)O",
    "O=C(O)[C@H](O)[C@@H](O)[C@H](O[C@@H]1O[C@H](CO)[C@H](O)[C@H](O)[C@H]1O)[C@H](O)CO",
    "O=C(O)c1cc(S(=O)(=O)O)ccc1O",
    "O=C(O)c1cc([N+](=O)[O-])cc([N+](=O)[O-])c1O",
    "O=C(O)c1ccc(C(=O)O)nc1",
    "O=C(O)c1ccc(O)c(O)c1",
    "O=C(O)c1ccc(O)cc1",
    "O=C(O)c1ccc2ccccc2n1",
    "O=C(O)c1ccccc1",
    "O=C(O)c1ccccc1C(=O)O",
    "O=C(O)c1ccccc1O",
    "O=C(O)c1ccccn1"
  ]
}