{
  "alloy": "AZ91",
  "fold": 1,
  "setting": "close_filt",
  "model": "MLP",
  "r2": 0.11749619894933772,
  "mae": 108.51642430623373,
  "pearson_r": 0.48587696413166054,
  "pearson_p": 0.06632185962160925,
  "n_train": 791,
  "n_test": 15,
  "n_features": 2091,
  "elapsed_s": 165.6,
  "y_test": [
    56.0,
    52.0,
    25.0,
    -129.0,
    -168.0,
    -156.0,
    -300.0,
    -596.0,
    -206.0,
    -149.0,
    -19.0,
    57.0,
    -82.0,
    28.0,
    -84.0
  ],
  "y_pred": [
    -39.612342834472656,
    -42.440887451171875,
    -37.638526916503906,
    -71.24370574951172,
    -93.61674499511719,
    -77.72660827636719,
    -165.5540771484375,
    -92.85707092285156,
    -110.74352264404297,
    -38.99790954589844,
    -66.10151672363281,
    -111.6884536743164,
    -94.12825012207031,
    -62.9464225769043,
    -81.07039642333984
  ],
  "test_smiles": [
    "Cc1ccc(O)c(C(=O)O)c1",
    "Cc1cccc(C(=O)O)c1O",
    "Cc1cccc(C(=O)O)c1[N+](=O)[O-]",
    "Cc1cccc(O)c1O",
    "Cc1occc(=O)c1O",
    "Cl.Cl.NCCc1cnc[nH]1",
    "Cl.NCC(=O)NCC(=O)O",
    "NC(CO)(CO)CO",
    "NC(CS)C(=O)O",
    "NC(Cc1ccccc1)C(=O)O",
    "NC(N)=O",
    "NC(N)=S",
    "NCC(=O)O",
    "N[C@@H](CC(=O)O)C(=O)O",
    "N[C@@H](CCC(=O)O)C(=O)O"
  ]
}