{
  "alloy": "AZ91",
  "fold": 4,
  "setting": "close_filt",
  "model": "MLP",
  "r2": 0.12292800537422066,
  "mae": 130.21443519592285,
  "pearson_r": 0.4314818012613425,
  "pearson_p": 0.10829266962147695,
  "n_train": 782,
  "n_test": 15,
  "n_features": 2091,
  "elapsed_s": 190.9,
  "y_test": [
    24.0,
    47.0,
    71.0,
    38.0,
    19.0,
    18.0,
    -644.0,
    -90.0,
    -151.0,
    24.0,
    29.0,
    -265.0,
    47.0,
    -257.0,
    31.0
  ],
  "y_pred": [
    -11.379875183105469,
    -51.02052688598633,
    -117.47457885742188,
    -109.29017639160156,
    -65.32539367675781,
    -93.14764404296875,
    -115.11573028564453,
    -124.283447265625,
    -104.56654357910156,
    -71.1422348022461,
    -46.90705871582031,
    -114.07624816894531,
    -22.125444412231445,
    -73.31835174560547,
    -73.197021484375
  ],
  "test_smiles": [
    "O=C(O)c1cccnc1",
    "O=C(O)c1cccnc1C(=O)O",
    "O=C1NC(=O)C([N+](=O)[O-])C(=O)N1",
    "O=C1O[C@H]([C@@H](O)CO)C(O)=C1O",
    "O=CO",
    "O=Cc1ccccc1O",
    "O=S(=O)([O-])c1cc(O)c(O)c(S(=O)(=O)[O-])c1.[Na+].[Na+]",
    "O=c1cc(CO)occ1O",
    "O=c1cc[nH]c(=O)[nH]1",
    "OCC(O)CO",
    "OC[C@H]1OC(O)[C@H](O)[C@@H](O)[C@@H]1O",
    "ON=Cc1ccccc1O",
    "c1ccc(-c2ccccn2)nc1",
    "c1ccc2n[nH]nc2c1",
    "c1cn[nH]c1"
  ]
}