{
  "alloy": "AZ91",
  "fold": 4,
  "setting": "far_filt",
  "model": "MLP",
  "r2": -0.07447749847988394,
  "mae": 124.82430096069972,
  "pearson_r": 0.13982778123996437,
  "pearson_p": 0.619173180912571,
  "n_train": 4684,
  "n_test": 15,
  "n_features": 2096,
  "elapsed_s": 821.4,
  "y_test": [
    24.0,
    47.0,
    71.0,
    38.0,
    19.0,
    18.0,
    -644.0,
    -90.0,
    -151.0,
    24.0,
    29.0,
    -265.0,
    47.0,
    -257.0,
    31.0
  ],
  "y_pred": [
    26.466886520385742,
    31.183212280273438,
    -13.110124588012695,
    -76.4967269897461,
    -55.566673278808594,
    -12.864767074584961,
    -54.824851989746094,
    17.62967300415039,
    -36.78013610839844,
    -13.860889434814453,
    -6.5540571212768555,
    26.447370529174805,
    15.795160293579102,
    -0.6412772536277771,
    -55.591983795166016
  ],
  "test_smiles": [
    "O=C(O)c1cccnc1",
    "O=C(O)c1cccnc1C(=O)O",
    "O=C1NC(=O)C([N+](=O)[O-])C(=O)N1",
    "O=C1O[C@H]([C@@H](O)CO)C(O)=C1O",
    "O=CO",
    "O=Cc1ccccc1O",
    "O=S(=O)([O-])c1cc(O)c(O)c(S(=O)(=O)[O-])c1.[Na+].[Na+]",
    "O=c1cc(CO)occ1O",
    "O=c1cc[nH]c(=O)[nH]1",
    "OCC(O)CO",
    "OC[C@H]1OC(O)[C@H](O)[C@@H](O)[C@@H]1O",
    "ON=Cc1ccccc1O",
    "c1ccc(-c2ccccn2)nc1",
    "c1ccc2n[nH]nc2c1",
    "c1cn[nH]c1"
  ]
}