{
  "alloy": "AZ91",
  "fold": 0,
  "setting": "far_filt",
  "model": "GBR",
  "r2": -0.2490478708741064,
  "mae": 79.42897574703248,
  "pearson_r": -0.010055072665641443,
  "pearson_p": 0.9716291193565939,
  "n_train": 4746,
  "n_test": 15,
  "n_features": 2096,
  "elapsed_s": 1674.0,
  "y_test": [
    -106.0,
    24.0,
    60.0,
    -91.0,
    -27.0,
    -355.0,
    -40.0,
    34.0,
    -118.0,
    67.0,
    -127.0,
    -72.0,
    -2.0,
    -27.0,
    9.0
  ],
  "y_pred": [
    -20.71992892131773,
    -16.865612401057952,
    -15.786374490469811,
    -34.18943654784147,
    -15.658870782309853,
    -15.759404287270074,
    -19.82866601287676,
    -15.784136357653932,
    -15.4131370961942,
    -25.60173057275631,
    -60.09026492539351,
    -29.33438011636893,
    -36.20166464098615,
    -199.96588705940525,
    8.776680627269652
  ],
  "test_smiles": [
    "C1CNCCN1",
    "C1N2CN3CN1CN(C2)C3",
    "CC(=O)O",
    "CC(C)(C)c1ccc(C(=O)O)cc1",
    "CC(C)(CO)[C@@H](O)C(=O)NCCCO",
    "CC1(C)NC(=O)NC1=O",
    "CC1(C)S[C@@H]2[C@H](NC(=O)Cc3ccccc3)C(=O)N2[C@H]1C(=O)[O-].[Na+]",
    "CCC(=O)O",
    "CCCCCCCCCCCCCCCCCC(=O)[O-].[Na+]",
    "CCCCCCCCCCCCc1ccc(S(=O)(=O)O)cc1",
    "CCCC[C@H](N)C(=O)O",
    "CNC1C(OC2C(OC3C(O)C(O)C(N=C(N)N)C(O)C3N=C(N)N)OC(C)C2(O)C=O)OC(CO)C(O)C1O",
    "COC(=O)NC1C(OC2C(CO)OC(OC3C(CO)OC(O)C(N)C3O)C(N)C2O)OC(CO)C(OC2OC(CO)C(OC3OC(CO)C(OC4OC(CO)C(OC5OC(CO)C(OC6OC(CO)C(OC7OC(CO)C(O)C(O)C7N)C(O)C6N)C(O)C5N)C(O)C4N)C(O)C3N)C(O)C2N)C1O",
    "Cc1cc(C)[nH]n1",
    "Cc1ccc(C(=O)O)c(O)c1"
  ]
}