{
  "alloy": "AZ91",
  "fold": 3,
  "setting": "close_unfilt",
  "model": "GBR",
  "r2": 0.7922854122465146,
  "mae": 62.21081024806696,
  "pearson_r": 0.9470619244825642,
  "pearson_p": 8.758581304647636e-08,
  "n_train": 899,
  "n_test": 15,
  "n_features": 2091,
  "elapsed_s": 126.7,
  "y_test": [
    -599.0,
    -227.0,
    49.0,
    54.0,
    48.0,
    -125.0,
    15.0,
    68.0,
    -800.0,
    -261.0,
    74.0,
    40.0,
    33.0,
    26.0,
    45.0
  ],
  "y_pred": [
    -264.0624581877691,
    -237.85155906195484,
    14.249588425956949,
    28.52388372937519,
    12.397240090377334,
    -210.8093721248709,
    27.795088262083873,
    58.21571641892349,
    -516.3028696389752,
    -212.01350349263927,
    50.76755921583407,
    38.922132160555584,
    39.23838850636352,
    15.055701112856662,
    53.97839823899423
  ],
  "test_smiles": [
    "O=C(O)CN(CCN(CC(=O)O)CC(=O)O)CC(=O)O",
    "O=C(O)CN(CCO)CCO",
    "O=C(O)CO",
    "O=C(O)COCC(=O)O",
    "O=C(O)[C@H](O)[C@@H](O)[C@H](O[C@@H]1O[C@H](CO)[C@H](O)[C@H](O)[C@H]1O)[C@H](O)CO",
    "O=C(O)c1cc(S(=O)(=O)O)ccc1O",
    "O=C(O)c1cc([N+](=O)[O-])cc([N+](=O)[O-])c1O",
    "O=C(O)c1ccc(C(=O)O)nc1",
    "O=C(O)c1ccc(O)c(O)c1",
    "O=C(O)c1ccc(O)cc1",
    "O=C(O)c1ccc2ccccc2n1",
    "O=C(O)c1ccccc1",
    "O=C(O)c1ccccc1C(=O)O",
    "O=C(O)c1ccccc1O",
    "O=C(O)c1ccccn1"
  ]
}