{
  "alloy": "AZ91",
  "fold": 4,
  "setting": "exact",
  "model": "RF",
  "r2": -0.04928735705253495,
  "mae": 117.07068,
  "pearson_r": 0.19808942025520798,
  "pearson_p": 0.4791308733460206,
  "n_train": 60,
  "n_test": 15,
  "n_features": 2051,
  "elapsed_s": 11.1,
  "y_test": [
    24.0,
    47.0,
    71.0,
    38.0,
    19.0,
    18.0,
    -644.0,
    -90.0,
    -151.0,
    24.0,
    29.0,
    -265.0,
    47.0,
    -257.0,
    31.0
  ],
  "y_pred": [
    42.52919999999999,
    41.3216,
    -60.944199999999995,
    -133.09919999999997,
    27.561400000000003,
    -29.069200000000002,
    -46.11460000000001,
    -26.853800000000007,
    -38.60959999999999,
    5.573200000000001,
    7.8043999999999984,
    -35.150400000000005,
    13.7274,
    3.6015999999999995,
    -5.410400000000001
  ],
  "test_smiles": [
    "O=C(O)c1cccnc1",
    "O=C(O)c1cccnc1C(=O)O",
    "O=C1NC(=O)C([N+](=O)[O-])C(=O)N1",
    "O=C1O[C@H]([C@@H](O)CO)C(O)=C1O",
    "O=CO",
    "O=Cc1ccccc1O",
    "O=S(=O)([O-])c1cc(O)c(O)c(S(=O)(=O)[O-])c1.[Na+].[Na+]",
    "O=c1cc(CO)occ1O",
    "O=c1cc[nH]c(=O)[nH]1",
    "OCC(O)CO",
    "OC[C@H]1OC(O)[C@H](O)[C@@H](O)[C@@H]1O",
    "ON=Cc1ccccc1O",
    "c1ccc(-c2ccccn2)nc1",
    "c1ccc2n[nH]nc2c1",
    "c1cn[nH]c1"
  ]
}