{
  "alloy": "AZ91",
  "fold": 2,
  "setting": "far_filt",
  "model": "MLP",
  "r2": 0.10240827684051235,
  "mae": 122.30781881014506,
  "pearson_r": 0.5497987571673913,
  "pearson_p": 0.0337337297729217,
  "n_train": 4732,
  "n_test": 15,
  "n_features": 2096,
  "elapsed_s": 820.3,
  "y_test": [
    52.0,
    80.0,
    19.0,
    57.0,
    -710.0,
    71.0,
    -177.0,
    26.0,
    52.0,
    11.0,
    37.0,
    -78.0,
    28.0,
    -48.0,
    -476.0
  ],
  "y_pred": [
    -16.928571701049805,
    -4.114356517791748,
    -13.34280776977539,
    -9.107927322387695,
    -29.614587783813477,
    9.35427188873291,
    -3.0210111141204834,
    -23.619548797607422,
    -48.721229553222656,
    14.005973815917969,
    4.818742275238037,
    -20.548381805419922,
    -12.023804664611816,
    4.018061637878418,
    -143.9080047607422
  ],
  "test_smiles": [
    "Nc1ccc(C(=O)O)c(O)c1",
    "Nc1ccc(O)c(C(=O)O)c1",
    "Nc1ncn[nH]1",
    "O.O.O=C([O-])[C@H](O)CO.O=C([O-])[C@H](O)CO.[Ca+2]",
    "O.O=C(O)CN(CC(=O)O)[C@@H]1CCCC[C@H]1N(CC(=O)O)CC(=O)O",
    "O=C(CC(=O)C(F)(F)F)c1cccs1",
    "O=C(NO)c1ccccc1O",
    "O=C(O)/C=C\\C(=O)O",
    "O=C(O)C(O)C(O)C(=O)O",
    "O=C(O)C(O)c1ccccc1",
    "O=C(O)C1(O)C[C@@H](O)C(O)[C@H](O)C1",
    "O=C(O)CC(O)(C(=O)O)C(=O)O",
    "O=C(O)CCC(=O)O",
    "O=C(O)CCCCC(=O)O",
    "O=C(O)CN(CC(=O)O)CC(=O)O"
  ]
}