{
  "alloy": "AZ91",
  "fold": 1,
  "setting": "far_filt",
  "model": "MLP",
  "r2": -0.33729336328409687,
  "mae": 132.64255453745525,
  "pearson_r": 0.27996388062622896,
  "pearson_p": 0.3121953119882697,
  "n_train": 4696,
  "n_test": 15,
  "n_features": 2096,
  "elapsed_s": 781.4,
  "y_test": [
    56.0,
    52.0,
    25.0,
    -129.0,
    -168.0,
    -156.0,
    -300.0,
    -596.0,
    -206.0,
    -149.0,
    -19.0,
    57.0,
    -82.0,
    28.0,
    -84.0
  ],
  "y_pred": [
    2.0011913776397705,
    19.723281860351562,
    7.509262561798096,
    -2.09179425239563,
    -29.747634887695312,
    11.596452713012695,
    -9.78537654876709,
    -23.908353805541992,
    -15.697282791137695,
    13.780522346496582,
    -23.117212295532227,
    -36.33091354370117,
    -20.62847328186035,
    10.610340118408203,
    -22.48379135131836
  ],
  "test_smiles": [
    "Cc1ccc(O)c(C(=O)O)c1",
    "Cc1cccc(C(=O)O)c1O",
    "Cc1cccc(C(=O)O)c1[N+](=O)[O-]",
    "Cc1cccc(O)c1O",
    "Cc1occc(=O)c1O",
    "Cl.Cl.NCCc1cnc[nH]1",
    "Cl.NCC(=O)NCC(=O)O",
    "NC(CO)(CO)CO",
    "NC(CS)C(=O)O",
    "NC(Cc1ccccc1)C(=O)O",
    "NC(N)=O",
    "NC(N)=S",
    "NCC(=O)O",
    "N[C@@H](CC(=O)O)C(=O)O",
    "N[C@@H](CCC(=O)O)C(=O)O"
  ]
}