{
  "alloy": "AZ91",
  "fold": 4,
  "setting": "close_filt",
  "model": "RF",
  "r2": 0.004339951184812674,
  "mae": 109.5858638888889,
  "pearson_r": 0.5480781246822524,
  "pearson_p": 0.034409413577413006,
  "n_train": 782,
  "n_test": 15,
  "n_features": 2091,
  "elapsed_s": 125.7,
  "y_test": [
    24.0,
    47.0,
    71.0,
    38.0,
    19.0,
    18.0,
    -644.0,
    -90.0,
    -151.0,
    24.0,
    29.0,
    -265.0,
    47.0,
    -257.0,
    31.0
  ],
  "y_pred": [
    56.68252333333333,
    50.330104999999996,
    -13.1883,
    -2.5732199999999996,
    27.551780000000008,
    -35.21087333333333,
    -40.73886,
    -6.962079999999998,
    0.9413000000000001,
    10.65478,
    4.398339999999999,
    -51.633053333333336,
    1.4463300000000001,
    -5.582840000000001,
    -3.7261399999999996
  ],
  "test_smiles": [
    "O=C(O)c1cccnc1",
    "O=C(O)c1cccnc1C(=O)O",
    "O=C1NC(=O)C([N+](=O)[O-])C(=O)N1",
    "O=C1O[C@H]([C@@H](O)CO)C(O)=C1O",
    "O=CO",
    "O=Cc1ccccc1O",
    "O=S(=O)([O-])c1cc(O)c(O)c(S(=O)(=O)[O-])c1.[Na+].[Na+]",
    "O=c1cc(CO)occ1O",
    "O=c1cc[nH]c(=O)[nH]1",
    "OCC(O)CO",
    "OC[C@H]1OC(O)[C@H](O)[C@@H](O)[C@@H]1O",
    "ON=Cc1ccccc1O",
    "c1ccc(-c2ccccn2)nc1",
    "c1ccc2n[nH]nc2c1",
    "c1cn[nH]c1"
  ]
}