{
  "alloy": "AZ91",
  "fold": 2,
  "setting": "far_unfilt",
  "model": "GBR",
  "r2": 0.8522548737861653,
  "mae": 68.30924871627646,
  "pearson_r": 0.9627281649105015,
  "pearson_p": 9.298806730240528e-09,
  "n_train": 4854,
  "n_test": 15,
  "n_features": 2096,
  "elapsed_s": 1973.5,
  "y_test": [
    52.0,
    80.0,
    19.0,
    57.0,
    -710.0,
    71.0,
    -177.0,
    26.0,
    52.0,
    11.0,
    37.0,
    -78.0,
    28.0,
    -48.0,
    -476.0
  ],
  "y_pred": [
    -0.583063085934965,
    8.973997113261804,
    -45.013572453768845,
    9.894517747632428,
    -523.8930880958932,
    22.510852533800648,
    -104.98865458061692,
    -21.663820514762232,
    -132.28048505636744,
    -6.035869373288469,
    -8.67463865532335,
    -52.82712207871453,
    -19.574973445180312,
    -19.854511413375118,
    -388.24494827718394
  ],
  "test_smiles": [
    "Nc1ccc(C(=O)O)c(O)c1",
    "Nc1ccc(O)c(C(=O)O)c1",
    "Nc1ncn[nH]1",
    "O.O.O=C([O-])[C@H](O)CO.O=C([O-])[C@H](O)CO.[Ca+2]",
    "O.O=C(O)CN(CC(=O)O)[C@@H]1CCCC[C@H]1N(CC(=O)O)CC(=O)O",
    "O=C(CC(=O)C(F)(F)F)c1cccs1",
    "O=C(NO)c1ccccc1O",
    "O=C(O)/C=C\\C(=O)O",
    "O=C(O)C(O)C(O)C(=O)O",
    "O=C(O)C(O)c1ccccc1",
    "O=C(O)C1(O)C[C@@H](O)C(O)[C@H](O)C1",
    "O=C(O)CC(O)(C(=O)O)C(=O)O",
    "O=C(O)CCC(=O)O",
    "O=C(O)CCCCC(=O)O",
    "O=C(O)CN(CC(=O)O)CC(=O)O"
  ]
}