{
  "alloy": "AZ91",
  "fold": 1,
  "setting": "far_unfilt",
  "model": "RF",
  "r2": 0.21980737835955044,
  "mae": 104.73860656613758,
  "pearson_r": 0.7963350719626604,
  "pearson_p": 0.0003815125452512215,
  "n_train": 4854,
  "n_test": 15,
  "n_features": 2096,
  "elapsed_s": 1549.9,
  "y_test": [
    56.0,
    52.0,
    25.0,
    -129.0,
    -168.0,
    -156.0,
    -300.0,
    -596.0,
    -206.0,
    -149.0,
    -19.0,
    57.0,
    -82.0,
    28.0,
    -84.0
  ],
  "y_pred": [
    15.008865714285713,
    38.21948126984126,
    10.643920000000001,
    -15.319520952380953,
    -3.4988071428571423,
    -102.67073333333332,
    -61.92393333333332,
    -192.3762523809523,
    -21.246576666666666,
    -17.56177142857143,
    3.3279666666666663,
    4.06726261904762,
    -114.72821999999998,
    -21.10745333333334,
    -28.547416666666667
  ],
  "test_smiles": [
    "Cc1ccc(O)c(C(=O)O)c1",
    "Cc1cccc(C(=O)O)c1O",
    "Cc1cccc(C(=O)O)c1[N+](=O)[O-]",
    "Cc1cccc(O)c1O",
    "Cc1occc(=O)c1O",
    "Cl.Cl.NCCc1cnc[nH]1",
    "Cl.NCC(=O)NCC(=O)O",
    "NC(CO)(CO)CO",
    "NC(CS)C(=O)O",
    "NC(Cc1ccccc1)C(=O)O",
    "NC(N)=O",
    "NC(N)=S",
    "NCC(=O)O",
    "N[C@@H](CC(=O)O)C(=O)O",
    "N[C@@H](CCC(=O)O)C(=O)O"
  ]
}