{
  "alloy": "AZ91",
  "fold": 2,
  "setting": "exact",
  "model": "kNN_Tan",
  "r2": 0.36425554908434987,
  "mae": 113.25278599557655,
  "pearson_r": 0.6909068980626877,
  "pearson_p": 0.00434321727957648,
  "n_train": 60,
  "n_test": 15,
  "n_features": 2051,
  "elapsed_s": 0.0,
  "y_test": [
    52.0,
    80.0,
    19.0,
    57.0,
    -710.0,
    71.0,
    -177.0,
    26.0,
    52.0,
    11.0,
    37.0,
    -78.0,
    28.0,
    -48.0,
    -476.0
  ],
  "y_pred": [
    1.8622116152575665,
    -148.0521996466973,
    -71.88873860183661,
    -5.449583221306593,
    -186.120852249495,
    -1.5302479429150815,
    35.895413241545576,
    12.572167978668727,
    -30.716508938047706,
    -1.9541958488646356,
    22.05053151777595,
    -102.37703094053626,
    -5.14748630819908,
    -5.656818366390208,
    -241.95703302871362
  ],
  "test_smiles": [
    "Nc1ccc(C(=O)O)c(O)c1",
    "Nc1ccc(O)c(C(=O)O)c1",
    "Nc1ncn[nH]1",
    "O.O.O=C([O-])[C@H](O)CO.O=C([O-])[C@H](O)CO.[Ca+2]",
    "O.O=C(O)CN(CC(=O)O)[C@@H]1CCCC[C@H]1N(CC(=O)O)CC(=O)O",
    "O=C(CC(=O)C(F)(F)F)c1cccs1",
    "O=C(NO)c1ccccc1O",
    "O=C(O)/C=C\\C(=O)O",
    "O=C(O)C(O)C(O)C(=O)O",
    "O=C(O)C(O)c1ccccc1",
    "O=C(O)C1(O)C[C@@H](O)C(O)[C@H](O)C1",
    "O=C(O)CC(O)(C(=O)O)C(=O)O",
    "O=C(O)CCC(=O)O",
    "O=C(O)CCCCC(=O)O",
    "O=C(O)CN(CC(=O)O)CC(=O)O"
  ]
}