{
  "alloy": "AZ91",
  "fold": 1,
  "setting": "far_filt",
  "model": "RF",
  "r2": -0.4308645631424144,
  "mae": 134.70405692063494,
  "pearson_r": 0.052277933973193226,
  "pearson_p": 0.85320438663769,
  "n_train": 4696,
  "n_test": 15,
  "n_features": 2096,
  "elapsed_s": 1640.9,
  "y_test": [
    56.0,
    52.0,
    25.0,
    -129.0,
    -168.0,
    -156.0,
    -300.0,
    -596.0,
    -206.0,
    -149.0,
    -19.0,
    57.0,
    -82.0,
    28.0,
    -84.0
  ],
  "y_pred": [
    -7.7639999999999985,
    18.624373333333335,
    9.075346666666665,
    -13.367810476190476,
    -3.751493333333333,
    -103.28192333333332,
    12.886826666666666,
    7.76507380952381,
    -1.1649333333333332,
    4.386913333333332,
    19.928955238095238,
    9.59091476190476,
    21.159246666666668,
    -12.113539999999999,
    -13.586906666666666
  ],
  "test_smiles": [
    "Cc1ccc(O)c(C(=O)O)c1",
    "Cc1cccc(C(=O)O)c1O",
    "Cc1cccc(C(=O)O)c1[N+](=O)[O-]",
    "Cc1cccc(O)c1O",
    "Cc1occc(=O)c1O",
    "Cl.Cl.NCCc1cnc[nH]1",
    "Cl.NCC(=O)NCC(=O)O",
    "NC(CO)(CO)CO",
    "NC(CS)C(=O)O",
    "NC(Cc1ccccc1)C(=O)O",
    "NC(N)=O",
    "NC(N)=S",
    "NCC(=O)O",
    "N[C@@H](CC(=O)O)C(=O)O",
    "N[C@@H](CCC(=O)O)C(=O)O"
  ]
}