{
  "alloy": "AZ91",
  "fold": 3,
  "setting": "close_unfilt",
  "model": "RF",
  "r2": 0.5653730411782694,
  "mae": 91.14991911111112,
  "pearson_r": 0.9339169657783835,
  "pearson_p": 3.585838126710084e-07,
  "n_train": 899,
  "n_test": 15,
  "n_features": 2091,
  "elapsed_s": 149.6,
  "y_test": [
    -599.0,
    -227.0,
    49.0,
    54.0,
    48.0,
    -125.0,
    15.0,
    68.0,
    -800.0,
    -261.0,
    74.0,
    40.0,
    33.0,
    26.0,
    45.0
  ],
  "y_pred": [
    -237.56779999999998,
    -234.15699999999998,
    30.81914,
    19.146139999999995,
    25.71245333333333,
    -63.0536,
    6.1125,
    37.11193333333333,
    -296.59495000000004,
    -69.21665000000002,
    17.63534666666667,
    16.021563333333333,
    24.26643,
    -2.8829999999999996,
    36.532706666666655
  ],
  "test_smiles": [
    "O=C(O)CN(CCN(CC(=O)O)CC(=O)O)CC(=O)O",
    "O=C(O)CN(CCO)CCO",
    "O=C(O)CO",
    "O=C(O)COCC(=O)O",
    "O=C(O)[C@H](O)[C@@H](O)[C@H](O[C@@H]1O[C@H](CO)[C@H](O)[C@H](O)[C@H]1O)[C@H](O)CO",
    "O=C(O)c1cc(S(=O)(=O)O)ccc1O",
    "O=C(O)c1cc([N+](=O)[O-])cc([N+](=O)[O-])c1O",
    "O=C(O)c1ccc(C(=O)O)nc1",
    "O=C(O)c1ccc(O)c(O)c1",
    "O=C(O)c1ccc(O)cc1",
    "O=C(O)c1ccc2ccccc2n1",
    "O=C(O)c1ccccc1",
    "O=C(O)c1ccccc1C(=O)O",
    "O=C(O)c1ccccc1O",
    "O=C(O)c1ccccn1"
  ]
}