{
  "alloy": "AZ91",
  "fold": 3,
  "setting": "far_filt",
  "model": "GBR",
  "r2": 0.08787410711594879,
  "mae": 133.15246807727902,
  "pearson_r": 0.4534122586695184,
  "pearson_p": 0.0896125136142063,
  "n_train": 4713,
  "n_test": 15,
  "n_features": 2096,
  "elapsed_s": 2078.4,
  "y_test": [
    -599.0,
    -227.0,
    49.0,
    54.0,
    48.0,
    -125.0,
    15.0,
    68.0,
    -800.0,
    -261.0,
    74.0,
    40.0,
    33.0,
    26.0,
    45.0
  ],
  "y_pred": [
    -223.66865761460676,
    -227.76351655544414,
    -13.694741611711883,
    -13.866394544756952,
    -22.7284531417795,
    29.467127560253388,
    16.31306681246136,
    6.647096310163082,
    5.81427164631057,
    6.038931033838798,
    26.197850929658717,
    5.968850049135074,
    25.30995635873147,
    24.756556644470642,
    5.850513840605422
  ],
  "test_smiles": [
    "O=C(O)CN(CCN(CC(=O)O)CC(=O)O)CC(=O)O",
    "O=C(O)CN(CCO)CCO",
    "O=C(O)CO",
    "O=C(O)COCC(=O)O",
    "O=C(O)[C@H](O)[C@@H](O)[C@H](O[C@@H]1O[C@H](CO)[C@H](O)[C@H](O)[C@H]1O)[C@H](O)CO",
    "O=C(O)c1cc(S(=O)(=O)O)ccc1O",
    "O=C(O)c1cc([N+](=O)[O-])cc([N+](=O)[O-])c1O",
    "O=C(O)c1ccc(C(=O)O)nc1",
    "O=C(O)c1ccc(O)c(O)c1",
    "O=C(O)c1ccc(O)cc1",
    "O=C(O)c1ccc2ccccc2n1",
    "O=C(O)c1ccccc1",
    "O=C(O)c1ccccc1C(=O)O",
    "O=C(O)c1ccccc1O",
    "O=C(O)c1ccccn1"
  ]
}