{
  "alloy": "AZ91",
  "fold": 4,
  "setting": "close_unfilt",
  "model": "GBR",
  "r2": 0.5711176954233468,
  "mae": 71.30687310775865,
  "pearson_r": 0.8917070559422832,
  "pearson_p": 8.010378397245481e-06,
  "n_train": 899,
  "n_test": 15,
  "n_features": 2091,
  "elapsed_s": 123.7,
  "y_test": [
    24.0,
    47.0,
    71.0,
    38.0,
    19.0,
    18.0,
    -644.0,
    -90.0,
    -151.0,
    24.0,
    29.0,
    -265.0,
    47.0,
    -257.0,
    31.0
  ],
  "y_pred": [
    45.539039002795,
    42.6555241393166,
    12.996126413654745,
    -4.468249048344795,
    21.210731575456208,
    39.294617246781094,
    -260.4084422904797,
    -9.822978204318844,
    -142.01615391348088,
    -0.8118274814059202,
    -0.7249181284516328,
    -34.6539864728322,
    1.0994118764111733,
    -182.09542465378087,
    -10.301762097420115
  ],
  "test_smiles": [
    "O=C(O)c1cccnc1",
    "O=C(O)c1cccnc1C(=O)O",
    "O=C1NC(=O)C([N+](=O)[O-])C(=O)N1",
    "O=C1O[C@H]([C@@H](O)CO)C(O)=C1O",
    "O=CO",
    "O=Cc1ccccc1O",
    "O=S(=O)([O-])c1cc(O)c(O)c(S(=O)(=O)[O-])c1.[Na+].[Na+]",
    "O=c1cc(CO)occ1O",
    "O=c1cc[nH]c(=O)[nH]1",
    "OCC(O)CO",
    "OC[C@H]1OC(O)[C@H](O)[C@@H](O)[C@@H]1O",
    "ON=Cc1ccccc1O",
    "c1ccc(-c2ccccn2)nc1",
    "c1ccc2n[nH]nc2c1",
    "c1cn[nH]c1"
  ]
}