{
  "alloy": "AZ91",
  "fold": 2,
  "setting": "far_filt",
  "model": "ChemProp",
  "r2": 0.12376217716814608,
  "mae": 132.9150378863017,
  "pearson_r": 0.3758007907221981,
  "pearson_p": 0.16745268033906271,
  "n_train": 4732,
  "n_test": 15,
  "n_features": 48,
  "elapsed_s": 575.1,
  "y_test": [
    52.0,
    80.0,
    19.0,
    57.0,
    -710.0,
    71.0,
    -177.0,
    26.0,
    52.0,
    11.0,
    37.0,
    -78.0,
    28.0,
    -48.0,
    -476.0
  ],
  "y_pred": [
    -39.23880386352539,
    -39.452144622802734,
    -205.87010192871094,
    -5.349172592163086,
    -85.96098327636719,
    -94.70352172851562,
    -42.236331939697266,
    15.346651077270508,
    -22.378841400146484,
    -31.439374923706055,
    -4.672732353210449,
    -79.26868438720703,
    5.991134166717529,
    5.650444030761719,
    -150.76315307617188
  ],
  "test_smiles": [
    "Nc1ccc(C(=O)O)c(O)c1",
    "Nc1ccc(O)c(C(=O)O)c1",
    "Nc1ncn[nH]1",
    "O.O.O=C([O-])[C@H](O)CO.O=C([O-])[C@H](O)CO.[Ca+2]",
    "O.O=C(O)CN(CC(=O)O)[C@@H]1CCCC[C@H]1N(CC(=O)O)CC(=O)O",
    "O=C(CC(=O)C(F)(F)F)c1cccs1",
    "O=C(NO)c1ccccc1O",
    "O=C(O)/C=C\\C(=O)O",
    "O=C(O)C(O)C(O)C(=O)O",
    "O=C(O)C(O)c1ccccc1",
    "O=C(O)C1(O)C[C@@H](O)C(O)[C@H](O)C1",
    "O=C(O)CC(O)(C(=O)O)C(=O)O",
    "O=C(O)CCC(=O)O",
    "O=C(O)CCCCC(=O)O",
    "O=C(O)CN(CC(=O)O)CC(=O)O"
  ]
}