{
  "alloy": "AZ91",
  "fold": 4,
  "setting": "exact",
  "model": "MLP",
  "r2": 0.023043181215677833,
  "mae": 140.17759424845377,
  "pearson_r": 0.16059759325614978,
  "pearson_p": 0.5674819050553866,
  "n_train": 60,
  "n_test": 15,
  "n_features": 2051,
  "elapsed_s": 14.0,
  "y_test": [
    24.0,
    47.0,
    71.0,
    38.0,
    19.0,
    18.0,
    -644.0,
    -90.0,
    -151.0,
    24.0,
    29.0,
    -265.0,
    47.0,
    -257.0,
    31.0
  ],
  "y_pred": [
    -63.86920928955078,
    -36.937198638916016,
    -116.51655578613281,
    -100.83415222167969,
    -100.0434341430664,
    -77.70002746582031,
    -92.45965576171875,
    -107.29464721679688,
    -88.3521957397461,
    -87.23941040039062,
    -61.53511047363281,
    -72.79722595214844,
    -29.484146118164062,
    -68.7647933959961,
    -68.58389282226562
  ],
  "test_smiles": [
    "O=C(O)c1cccnc1",
    "O=C(O)c1cccnc1C(=O)O",
    "O=C1NC(=O)C([N+](=O)[O-])C(=O)N1",
    "O=C1O[C@H]([C@@H](O)CO)C(O)=C1O",
    "O=CO",
    "O=Cc1ccccc1O",
    "O=S(=O)([O-])c1cc(O)c(O)c(S(=O)(=O)[O-])c1.[Na+].[Na+]",
    "O=c1cc(CO)occ1O",
    "O=c1cc[nH]c(=O)[nH]1",
    "OCC(O)CO",
    "OC[C@H]1OC(O)[C@H](O)[C@@H](O)[C@@H]1O",
    "ON=Cc1ccccc1O",
    "c1ccc(-c2ccccn2)nc1",
    "c1ccc2n[nH]nc2c1",
    "c1cn[nH]c1"
  ]
}