{
  "alloy": "AZ91",
  "fold": 3,
  "setting": "far_unfilt",
  "model": "GBR",
  "r2": 0.5826658602136114,
  "mae": 96.85746512113695,
  "pearson_r": 0.9525740109903201,
  "pearson_p": 4.3437889697705865e-08,
  "n_train": 4854,
  "n_test": 15,
  "n_features": 2096,
  "elapsed_s": 1956.5,
  "y_test": [
    -599.0,
    -227.0,
    49.0,
    54.0,
    48.0,
    -125.0,
    15.0,
    68.0,
    -800.0,
    -261.0,
    74.0,
    40.0,
    33.0,
    26.0,
    45.0
  ],
  "y_pred": [
    -174.2165422060394,
    -173.08977381090168,
    -3.0312500892134904,
    -7.838729038721517,
    -9.147778764389441,
    -108.42799927315156,
    7.810386105836458,
    26.359183814351123,
    -361.5931043634563,
    -109.21059251827377,
    40.48636316085239,
    -4.88255737219468,
    12.552441937973883,
    9.768379901520177,
    12.523571355108489
  ],
  "test_smiles": [
    "O=C(O)CN(CCN(CC(=O)O)CC(=O)O)CC(=O)O",
    "O=C(O)CN(CCO)CCO",
    "O=C(O)CO",
    "O=C(O)COCC(=O)O",
    "O=C(O)[C@H](O)[C@@H](O)[C@H](O[C@@H]1O[C@H](CO)[C@H](O)[C@H](O)[C@H]1O)[C@H](O)CO",
    "O=C(O)c1cc(S(=O)(=O)O)ccc1O",
    "O=C(O)c1cc([N+](=O)[O-])cc([N+](=O)[O-])c1O",
    "O=C(O)c1ccc(C(=O)O)nc1",
    "O=C(O)c1ccc(O)c(O)c1",
    "O=C(O)c1ccc(O)cc1",
    "O=C(O)c1ccc2ccccc2n1",
    "O=C(O)c1ccccc1",
    "O=C(O)c1ccccc1C(=O)O",
    "O=C(O)c1ccccc1O",
    "O=C(O)c1ccccn1"
  ]
}