{
  "alloy": "AZ91",
  "fold": 3,
  "setting": "close_filt",
  "model": "GBR",
  "r2": 0.043916680596084,
  "mae": 138.22889598518077,
  "pearson_r": 0.40443432221977055,
  "pearson_p": 0.13485410972329676,
  "n_train": 799,
  "n_test": 15,
  "n_features": 2091,
  "elapsed_s": 107.4,
  "y_test": [
    -599.0,
    -227.0,
    49.0,
    54.0,
    48.0,
    -125.0,
    15.0,
    68.0,
    -800.0,
    -261.0,
    74.0,
    40.0,
    33.0,
    26.0,
    45.0
  ],
  "y_pred": [
    -449.32356341452777,
    -452.3782793435463,
    8.874715384138693,
    8.133653355599474,
    3.900082039993227,
    55.39886925480739,
    26.202193513633382,
    49.38126625272262,
    45.742892956341755,
    48.300790432743035,
    -94.17038211790286,
    47.35432479451979,
    47.730317883024064,
    17.105876545504188,
    48.87454647367879
  ],
  "test_smiles": [
    "O=C(O)CN(CCN(CC(=O)O)CC(=O)O)CC(=O)O",
    "O=C(O)CN(CCO)CCO",
    "O=C(O)CO",
    "O=C(O)COCC(=O)O",
    "O=C(O)[C@H](O)[C@@H](O)[C@H](O[C@@H]1O[C@H](CO)[C@H](O)[C@H](O)[C@H]1O)[C@H](O)CO",
    "O=C(O)c1cc(S(=O)(=O)O)ccc1O",
    "O=C(O)c1cc([N+](=O)[O-])cc([N+](=O)[O-])c1O",
    "O=C(O)c1ccc(C(=O)O)nc1",
    "O=C(O)c1ccc(O)c(O)c1",
    "O=C(O)c1ccc(O)cc1",
    "O=C(O)c1ccc2ccccc2n1",
    "O=C(O)c1ccccc1",
    "O=C(O)c1ccccc1C(=O)O",
    "O=C(O)c1ccccc1O",
    "O=C(O)c1ccccn1"
  ]
}