{
  "alloy": "AZ91",
  "fold": 2,
  "setting": "close_unfilt",
  "model": "ChemProp",
  "r2": 0.5278652891583256,
  "mae": 110.4342747370402,
  "pearson_r": 0.7726343730868492,
  "pearson_p": 0.0007336071873087783,
  "n_train": 899,
  "n_test": 15,
  "n_features": 43,
  "elapsed_s": 106.5,
  "y_test": [
    52.0,
    80.0,
    19.0,
    57.0,
    -710.0,
    71.0,
    -177.0,
    26.0,
    52.0,
    11.0,
    37.0,
    -78.0,
    28.0,
    -48.0,
    -476.0
  ],
  "y_pred": [
    -58.48067855834961,
    -61.08284378051758,
    -288.5703125,
    14.57956314086914,
    -351.7380065917969,
    -6.502927303314209,
    -100.20741271972656,
    34.44651794433594,
    -18.501811981201172,
    -73.26710510253906,
    -23.354021072387695,
    -103.97230529785156,
    5.358170032501221,
    -6.2591094970703125,
    -247.5221405029297
  ],
  "test_smiles": [
    "Nc1ccc(C(=O)O)c(O)c1",
    "Nc1ccc(O)c(C(=O)O)c1",
    "Nc1ncn[nH]1",
    "O.O.O=C([O-])[C@H](O)CO.O=C([O-])[C@H](O)CO.[Ca+2]",
    "O.O=C(O)CN(CC(=O)O)[C@@H]1CCCC[C@H]1N(CC(=O)O)CC(=O)O",
    "O=C(CC(=O)C(F)(F)F)c1cccs1",
    "O=C(NO)c1ccccc1O",
    "O=C(O)/C=C\\C(=O)O",
    "O=C(O)C(O)C(O)C(=O)O",
    "O=C(O)C(O)c1ccccc1",
    "O=C(O)C1(O)C[C@@H](O)C(O)[C@H](O)C1",
    "O=C(O)CC(O)(C(=O)O)C(=O)O",
    "O=C(O)CCC(=O)O",
    "O=C(O)CCCCC(=O)O",
    "O=C(O)CN(CC(=O)O)CC(=O)O"
  ]
}