{
  "alloy": "AZ91",
  "fold": 1,
  "setting": "close_unfilt",
  "model": "RF",
  "r2": 0.2650401821802184,
  "mae": 102.81329088888887,
  "pearson_r": 0.8061410322036393,
  "pearson_p": 0.0002839370354252459,
  "n_train": 899,
  "n_test": 15,
  "n_features": 2091,
  "elapsed_s": 150.5,
  "y_test": [
    56.0,
    52.0,
    25.0,
    -129.0,
    -168.0,
    -156.0,
    -300.0,
    -596.0,
    -206.0,
    -149.0,
    -19.0,
    57.0,
    -82.0,
    28.0,
    -84.0
  ],
  "y_pred": [
    20.567999999999998,
    40.87692666666667,
    9.847819999999999,
    -15.994116666666667,
    -2.9845199999999994,
    -101.34475333333332,
    -73.32439333333333,
    -208.27414000000005,
    -23.576379999999993,
    -19.84824666666667,
    1.5730800000000003,
    4.387626666666666,
    -126.85048000000002,
    -20.79586666666667,
    -28.993140000000004
  ],
  "test_smiles": [
    "Cc1ccc(O)c(C(=O)O)c1",
    "Cc1cccc(C(=O)O)c1O",
    "Cc1cccc(C(=O)O)c1[N+](=O)[O-]",
    "Cc1cccc(O)c1O",
    "Cc1occc(=O)c1O",
    "Cl.Cl.NCCc1cnc[nH]1",
    "Cl.NCC(=O)NCC(=O)O",
    "NC(CO)(CO)CO",
    "NC(CS)C(=O)O",
    "NC(Cc1ccccc1)C(=O)O",
    "NC(N)=O",
    "NC(N)=S",
    "NCC(=O)O",
    "N[C@@H](CC(=O)O)C(=O)O",
    "N[C@@H](CCC(=O)O)C(=O)O"
  ]
}