{
  "alloy": "AZ91",
  "fold": 3,
  "setting": "close_unfilt",
  "model": "ChemProp",
  "r2": 0.41384374457501893,
  "mae": 111.76863644172748,
  "pearson_r": 0.7362319531379568,
  "pearson_p": 0.001749862132342748,
  "n_train": 899,
  "n_test": 15,
  "n_features": 43,
  "elapsed_s": 104.9,
  "y_test": [
    -599.0,
    -227.0,
    49.0,
    54.0,
    48.0,
    -125.0,
    15.0,
    68.0,
    -800.0,
    -261.0,
    74.0,
    40.0,
    33.0,
    26.0,
    45.0
  ],
  "y_pred": [
    -359.04913330078125,
    -224.18661499023438,
    9.499497413635254,
    0.17275060713291168,
    12.194441795349121,
    -174.38433837890625,
    23.36001968383789,
    -5.2031097412109375,
    -127.3008804321289,
    -59.36616897583008,
    -1.2936760187149048,
    -19.45522117614746,
    -0.03855743259191513,
    -38.30073547363281,
    -22.263376235961914
  ],
  "test_smiles": [
    "O=C(O)CN(CCN(CC(=O)O)CC(=O)O)CC(=O)O",
    "O=C(O)CN(CCO)CCO",
    "O=C(O)CO",
    "O=C(O)COCC(=O)O",
    "O=C(O)[C@H](O)[C@@H](O)[C@H](O[C@@H]1O[C@H](CO)[C@H](O)[C@H](O)[C@H]1O)[C@H](O)CO",
    "O=C(O)c1cc(S(=O)(=O)O)ccc1O",
    "O=C(O)c1cc([N+](=O)[O-])cc([N+](=O)[O-])c1O",
    "O=C(O)c1ccc(C(=O)O)nc1",
    "O=C(O)c1ccc(O)c(O)c1",
    "O=C(O)c1ccc(O)cc1",
    "O=C(O)c1ccc2ccccc2n1",
    "O=C(O)c1ccccc1",
    "O=C(O)c1ccccc1C(=O)O",
    "O=C(O)c1ccccc1O",
    "O=C(O)c1ccccn1"
  ]
}