{
  "alloy": "AZ91",
  "fold": 3,
  "setting": "close_filt",
  "model": "ChemProp",
  "r2": 0.20401513496867374,
  "mae": 129.15898781716822,
  "pearson_r": 0.5380394676159074,
  "pearson_p": 0.0385556850243964,
  "n_train": 799,
  "n_test": 15,
  "n_features": 43,
  "elapsed_s": 103.6,
  "y_test": [
    -599.0,
    -227.0,
    49.0,
    54.0,
    48.0,
    -125.0,
    15.0,
    68.0,
    -800.0,
    -261.0,
    74.0,
    40.0,
    33.0,
    26.0,
    45.0
  ],
  "y_pred": [
    -319.7950439453125,
    -209.33108520507812,
    0.17096786201000214,
    -14.446452140808105,
    2.317409038543701,
    -55.66850662231445,
    10.955318450927734,
    -2.6813714504241943,
    -15.692912101745605,
    -18.626628875732422,
    -17.373586654663086,
    -21.193681716918945,
    0.625603973865509,
    -19.966768264770508,
    -30.90643310546875
  ],
  "test_smiles": [
    "O=C(O)CN(CCN(CC(=O)O)CC(=O)O)CC(=O)O",
    "O=C(O)CN(CCO)CCO",
    "O=C(O)CO",
    "O=C(O)COCC(=O)O",
    "O=C(O)[C@H](O)[C@@H](O)[C@H](O[C@@H]1O[C@H](CO)[C@H](O)[C@H](O)[C@H]1O)[C@H](O)CO",
    "O=C(O)c1cc(S(=O)(=O)O)ccc1O",
    "O=C(O)c1cc([N+](=O)[O-])cc([N+](=O)[O-])c1O",
    "O=C(O)c1ccc(C(=O)O)nc1",
    "O=C(O)c1ccc(O)c(O)c1",
    "O=C(O)c1ccc(O)cc1",
    "O=C(O)c1ccc2ccccc2n1",
    "O=C(O)c1ccccc1",
    "O=C(O)c1ccccc1C(=O)O",
    "O=C(O)c1ccccc1O",
    "O=C(O)c1ccccn1"
  ]
}