{
  "alloy": "AZ91",
  "fold": 1,
  "setting": "far_filt",
  "model": "GBR",
  "r2": -0.285295864379179,
  "mae": 128.80795673438425,
  "pearson_r": 0.06486015315214996,
  "pearson_p": 0.8183636876909173,
  "n_train": 4696,
  "n_test": 15,
  "n_features": 2096,
  "elapsed_s": 1517.7,
  "y_test": [
    56.0,
    52.0,
    25.0,
    -129.0,
    -168.0,
    -156.0,
    -300.0,
    -596.0,
    -206.0,
    -149.0,
    -19.0,
    57.0,
    -82.0,
    28.0,
    -84.0
  ],
  "y_pred": [
    -3.228726766396577,
    4.905655410242694,
    -25.057168935241158,
    -10.699373706277358,
    -22.45917211463773,
    -66.30475946781229,
    -7.824628077452363,
    -17.016800973886937,
    -25.181297565301872,
    -22.267912793747026,
    -12.072428543668302,
    -12.485375374345818,
    -7.370264403115009,
    -42.19658837491772,
    -61.74621537899609
  ],
  "test_smiles": [
    "Cc1ccc(O)c(C(=O)O)c1",
    "Cc1cccc(C(=O)O)c1O",
    "Cc1cccc(C(=O)O)c1[N+](=O)[O-]",
    "Cc1cccc(O)c1O",
    "Cc1occc(=O)c1O",
    "Cl.Cl.NCCc1cnc[nH]1",
    "Cl.NCC(=O)NCC(=O)O",
    "NC(CO)(CO)CO",
    "NC(CS)C(=O)O",
    "NC(Cc1ccccc1)C(=O)O",
    "NC(N)=O",
    "NC(N)=S",
    "NCC(=O)O",
    "N[C@@H](CC(=O)O)C(=O)O",
    "N[C@@H](CCC(=O)O)C(=O)O"
  ]
}