{
  "alloy": "AZ91",
  "fold": 4,
  "setting": "far_filt",
  "model": "kNN_Tan",
  "r2": -0.6158581831407364,
  "mae": 140.0378957383,
  "pearson_r": -0.15257065084085067,
  "pearson_p": 0.5872430710293646,
  "n_train": 4684,
  "n_test": 15,
  "n_features": 2096,
  "elapsed_s": 0.1,
  "y_test": [
    24.0,
    47.0,
    71.0,
    38.0,
    19.0,
    18.0,
    -644.0,
    -90.0,
    -151.0,
    24.0,
    29.0,
    -265.0,
    47.0,
    -257.0,
    31.0
  ],
  "y_pred": [
    9.598001893655216,
    46.67904093277888,
    -353.84129167905724,
    28.143998859291056,
    44.72,
    71.27129739543234,
    28.719998770784517,
    -178.35999666058896,
    25.87463373532756,
    16.76260645941322,
    -7.389606062380503,
    87.7751764704747,
    30.97119918774795,
    -55.67200151776608,
    10.556715848893605
  ],
  "test_smiles": [
    "O=C(O)c1cccnc1",
    "O=C(O)c1cccnc1C(=O)O",
    "O=C1NC(=O)C([N+](=O)[O-])C(=O)N1",
    "O=C1O[C@H]([C@@H](O)CO)C(O)=C1O",
    "O=CO",
    "O=Cc1ccccc1O",
    "O=S(=O)([O-])c1cc(O)c(O)c(S(=O)(=O)[O-])c1.[Na+].[Na+]",
    "O=c1cc(CO)occ1O",
    "O=c1cc[nH]c(=O)[nH]1",
    "OCC(O)CO",
    "OC[C@H]1OC(O)[C@H](O)[C@@H](O)[C@@H]1O",
    "ON=Cc1ccccc1O",
    "c1ccc(-c2ccccn2)nc1",
    "c1ccc2n[nH]nc2c1",
    "c1cn[nH]c1"
  ]
}