{
  "alloy": "AZ91",
  "fold": 2,
  "setting": "exact",
  "model": "GBR",
  "r2": 0.49764749865090996,
  "mae": 100.13156209434553,
  "pearson_r": 0.8334018363149687,
  "pearson_p": 0.00011370841214569283,
  "n_train": 60,
  "n_test": 15,
  "n_features": 2051,
  "elapsed_s": 9.7,
  "y_test": [
    52.0,
    80.0,
    19.0,
    57.0,
    -710.0,
    71.0,
    -177.0,
    26.0,
    52.0,
    11.0,
    37.0,
    -78.0,
    28.0,
    -48.0,
    -476.0
  ],
  "y_pred": [
    -30.045831410745066,
    -7.147800071162664,
    -65.42989560830715,
    9.643485956427556,
    -205.22744866815447,
    -24.569756685532617,
    -37.97631363052261,
    18.14084837833419,
    -54.390357706788606,
    -3.8049390551350957,
    32.41671937519438,
    9.817840539030058,
    18.488812949498517,
    -98.35699851709192,
    -295.69635922047866
  ],
  "test_smiles": [
    "Nc1ccc(C(=O)O)c(O)c1",
    "Nc1ccc(O)c(C(=O)O)c1",
    "Nc1ncn[nH]1",
    "O.O.O=C([O-])[C@H](O)CO.O=C([O-])[C@H](O)CO.[Ca+2]",
    "O.O=C(O)CN(CC(=O)O)[C@@H]1CCCC[C@H]1N(CC(=O)O)CC(=O)O",
    "O=C(CC(=O)C(F)(F)F)c1cccs1",
    "O=C(NO)c1ccccc1O",
    "O=C(O)/C=C\\C(=O)O",
    "O=C(O)C(O)C(O)C(=O)O",
    "O=C(O)C(O)c1ccccc1",
    "O=C(O)C1(O)C[C@@H](O)C(O)[C@H](O)C1",
    "O=C(O)CC(O)(C(=O)O)C(=O)O",
    "O=C(O)CCC(=O)O",
    "O=C(O)CCCCC(=O)O",
    "O=C(O)CN(CC(=O)O)CC(=O)O"
  ]
}