{
  "alloy": "AZ91",
  "fold": 4,
  "setting": "exact",
  "model": "kNN_Tan",
  "r2": 0.16276973521973603,
  "mae": 113.65477271261854,
  "pearson_r": 0.43436791947504955,
  "pearson_p": 0.10569169237544777,
  "n_train": 60,
  "n_test": 15,
  "n_features": 2051,
  "elapsed_s": 0.0,
  "y_test": [
    24.0,
    47.0,
    71.0,
    38.0,
    19.0,
    18.0,
    -644.0,
    -90.0,
    -151.0,
    24.0,
    29.0,
    -265.0,
    47.0,
    -257.0,
    31.0
  ],
  "y_pred": [
    -10.437444897195485,
    37.692960861471065,
    -99.68049577342886,
    -38.08392523231145,
    28.429944263997857,
    -42.11392819167983,
    -161.25205527541152,
    -204.87803111971937,
    -84.27386575879198,
    -88.59087848614625,
    13.070705834923501,
    -47.978288623520896,
    42.1873839808879,
    33.84725003010248,
    -8.214953029703373
  ],
  "test_smiles": [
    "O=C(O)c1cccnc1",
    "O=C(O)c1cccnc1C(=O)O",
    "O=C1NC(=O)C([N+](=O)[O-])C(=O)N1",
    "O=C1O[C@H]([C@@H](O)CO)C(O)=C1O",
    "O=CO",
    "O=Cc1ccccc1O",
    "O=S(=O)([O-])c1cc(O)c(O)c(S(=O)(=O)[O-])c1.[Na+].[Na+]",
    "O=c1cc(CO)occ1O",
    "O=c1cc[nH]c(=O)[nH]1",
    "OCC(O)CO",
    "OC[C@H]1OC(O)[C@H](O)[C@@H](O)[C@@H]1O",
    "ON=Cc1ccccc1O",
    "c1ccc(-c2ccccn2)nc1",
    "c1ccc2n[nH]nc2c1",
    "c1cn[nH]c1"
  ]
}