{
  "alloy": "AZ91",
  "fold": 2,
  "setting": "close_filt",
  "model": "RF",
  "r2": 0.427123615482084,
  "mae": 104.4016386666667,
  "pearson_r": 0.829712798697664,
  "pearson_p": 0.0001298761457383593,
  "n_train": 812,
  "n_test": 15,
  "n_features": 2091,
  "elapsed_s": 128.4,
  "y_test": [
    52.0,
    80.0,
    19.0,
    57.0,
    -710.0,
    71.0,
    -177.0,
    26.0,
    52.0,
    11.0,
    37.0,
    -78.0,
    28.0,
    -48.0,
    -476.0
  ],
  "y_pred": [
    -19.305339999999998,
    -9.977540000000001,
    -34.32706000000001,
    9.4985,
    -173.01327999999998,
    -11.461379999999998,
    -14.969260000000002,
    36.5359,
    -47.06416000000002,
    0.9167399999999999,
    23.031079999999996,
    14.621560000000004,
    32.665879999999994,
    23.02896,
    -255.53434
  ],
  "test_smiles": [
    "Nc1ccc(C(=O)O)c(O)c1",
    "Nc1ccc(O)c(C(=O)O)c1",
    "Nc1ncn[nH]1",
    "O.O.O=C([O-])[C@H](O)CO.O=C([O-])[C@H](O)CO.[Ca+2]",
    "O.O=C(O)CN(CC(=O)O)[C@@H]1CCCC[C@H]1N(CC(=O)O)CC(=O)O",
    "O=C(CC(=O)C(F)(F)F)c1cccs1",
    "O=C(NO)c1ccccc1O",
    "O=C(O)/C=C\\C(=O)O",
    "O=C(O)C(O)C(O)C(=O)O",
    "O=C(O)C(O)c1ccccc1",
    "O=C(O)C1(O)C[C@@H](O)C(O)[C@H](O)C1",
    "O=C(O)CC(O)(C(=O)O)C(=O)O",
    "O=C(O)CCC(=O)O",
    "O=C(O)CCCCC(=O)O",
    "O=C(O)CN(CC(=O)O)CC(=O)O"
  ]
}