{
  "alloy": "AZ91",
  "fold": 4,
  "setting": "exact",
  "model": "ChemProp",
  "r2": -0.004758133363345296,
  "mae": 144.50677235921225,
  "pearson_r": -0.1271533541767793,
  "pearson_p": 0.6515713766194294,
  "n_train": 60,
  "n_test": 15,
  "n_features": 3,
  "elapsed_s": 14.6,
  "y_test": [
    24.0,
    47.0,
    71.0,
    38.0,
    19.0,
    18.0,
    -644.0,
    -90.0,
    -151.0,
    24.0,
    29.0,
    -265.0,
    47.0,
    -257.0,
    31.0
  ],
  "y_pred": [
    -81.44469451904297,
    -81.6269302368164,
    -82.4905014038086,
    -82.74185180664062,
    -82.58361053466797,
    -81.44528198242188,
    -82.2264404296875,
    -81.86295318603516,
    -81.27070617675781,
    -83.49893951416016,
    -82.5304946899414,
    -81.60179138183594,
    -80.6666259765625,
    -80.4286117553711,
    -80.9631576538086
  ],
  "test_smiles": [
    "O=C(O)c1cccnc1",
    "O=C(O)c1cccnc1C(=O)O",
    "O=C1NC(=O)C([N+](=O)[O-])C(=O)N1",
    "O=C1O[C@H]([C@@H](O)CO)C(O)=C1O",
    "O=CO",
    "O=Cc1ccccc1O",
    "O=S(=O)([O-])c1cc(O)c(O)c(S(=O)(=O)[O-])c1.[Na+].[Na+]",
    "O=c1cc(CO)occ1O",
    "O=c1cc[nH]c(=O)[nH]1",
    "OCC(O)CO",
    "OC[C@H]1OC(O)[C@H](O)[C@@H](O)[C@@H]1O",
    "ON=Cc1ccccc1O",
    "c1ccc(-c2ccccn2)nc1",
    "c1ccc2n[nH]nc2c1",
    "c1cn[nH]c1"
  ]
}