{
  "alloy": "AZ91",
  "fold": 1,
  "setting": "close_unfilt",
  "model": "MLP",
  "r2": 0.8336578806963711,
  "mae": 47.629974428812666,
  "pearson_r": 0.9136145052212825,
  "pearson_p": 1.9462648116566782e-06,
  "n_train": 899,
  "n_test": 15,
  "n_features": 2091,
  "elapsed_s": 182.7,
  "y_test": [
    56.0,
    52.0,
    25.0,
    -129.0,
    -168.0,
    -156.0,
    -300.0,
    -596.0,
    -206.0,
    -149.0,
    -19.0,
    57.0,
    -82.0,
    28.0,
    -84.0
  ],
  "y_pred": [
    56.536163330078125,
    61.20658874511719,
    -29.612695693969727,
    -106.1172866821289,
    -84.78843688964844,
    -102.68230438232422,
    -236.23558044433594,
    -542.9802856445312,
    -203.37828063964844,
    -111.13165283203125,
    -15.506112098693848,
    19.964431762695312,
    -271.8497009277344,
    -73.73809814453125,
    -82.70925903320312
  ],
  "test_smiles": [
    "Cc1ccc(O)c(C(=O)O)c1",
    "Cc1cccc(C(=O)O)c1O",
    "Cc1cccc(C(=O)O)c1[N+](=O)[O-]",
    "Cc1cccc(O)c1O",
    "Cc1occc(=O)c1O",
    "Cl.Cl.NCCc1cnc[nH]1",
    "Cl.NCC(=O)NCC(=O)O",
    "NC(CO)(CO)CO",
    "NC(CS)C(=O)O",
    "NC(Cc1ccccc1)C(=O)O",
    "NC(N)=O",
    "NC(N)=S",
    "NCC(=O)O",
    "N[C@@H](CC(=O)O)C(=O)O",
    "N[C@@H](CCC(=O)O)C(=O)O"
  ]
}