{
  "alloy": "AZ91",
  "fold": 3,
  "setting": "exact",
  "model": "kNN_Tan",
  "r2": 0.07746666433188343,
  "mae": 143.83600480064436,
  "pearson_r": 0.3518389863818734,
  "pearson_p": 0.19842621833267376,
  "n_train": 60,
  "n_test": 15,
  "n_features": 2051,
  "elapsed_s": 0.0,
  "y_test": [
    -599.0,
    -227.0,
    49.0,
    54.0,
    48.0,
    -125.0,
    15.0,
    68.0,
    -800.0,
    -261.0,
    74.0,
    40.0,
    33.0,
    26.0,
    45.0
  ],
  "y_pred": [
    -293.92239427106136,
    -278.2569778886043,
    -100.44896872559744,
    -103.811536870044,
    34.37282880997569,
    -66.66875450860518,
    43.2528554084193,
    9.558621009435141,
    21.67447665327409,
    9.869119987125975,
    -43.25448066037172,
    -14.372988337168692,
    -4.261309239983787,
    0.33277250751611187,
    36.80727065433042
  ],
  "test_smiles": [
    "O=C(O)CN(CCN(CC(=O)O)CC(=O)O)CC(=O)O",
    "O=C(O)CN(CCO)CCO",
    "O=C(O)CO",
    "O=C(O)COCC(=O)O",
    "O=C(O)[C@H](O)[C@@H](O)[C@H](O[C@@H]1O[C@H](CO)[C@H](O)[C@H](O)[C@H]1O)[C@H](O)CO",
    "O=C(O)c1cc(S(=O)(=O)O)ccc1O",
    "O=C(O)c1cc([N+](=O)[O-])cc([N+](=O)[O-])c1O",
    "O=C(O)c1ccc(C(=O)O)nc1",
    "O=C(O)c1ccc(O)c(O)c1",
    "O=C(O)c1ccc(O)cc1",
    "O=C(O)c1ccc2ccccc2n1",
    "O=C(O)c1ccccc1",
    "O=C(O)c1ccccc1C(=O)O",
    "O=C(O)c1ccccc1O",
    "O=C(O)c1ccccn1"
  ]
}