{
  "alloy": "AZ91",
  "fold": 0,
  "setting": "far_filt",
  "model": "RF",
  "r2": -0.6199891515857174,
  "mae": 88.10789596931217,
  "pearson_r": 0.000696280873460333,
  "pearson_p": 0.9980350469444234,
  "n_train": 4746,
  "n_test": 15,
  "n_features": 2096,
  "elapsed_s": 1644.7,
  "y_test": [
    -106.0,
    24.0,
    60.0,
    -91.0,
    -27.0,
    -355.0,
    -40.0,
    34.0,
    -118.0,
    67.0,
    -127.0,
    -72.0,
    -2.0,
    -27.0,
    9.0
  ],
  "y_pred": [
    0.7117100000000002,
    17.866659999999996,
    33.06818952380953,
    2.6522699999999997,
    -2.1705766666666664,
    -9.386953333333333,
    -11.401860200000003,
    36.386376190476184,
    19.143594285714286,
    -75.38863047619049,
    -54.496770000000005,
    -41.40421555555556,
    -25.560520533333328,
    -273.7327566666666,
    42.837806666666665
  ],
  "test_smiles": [
    "C1CNCCN1",
    "C1N2CN3CN1CN(C2)C3",
    "CC(=O)O",
    "CC(C)(C)c1ccc(C(=O)O)cc1",
    "CC(C)(CO)[C@@H](O)C(=O)NCCCO",
    "CC1(C)NC(=O)NC1=O",
    "CC1(C)S[C@@H]2[C@H](NC(=O)Cc3ccccc3)C(=O)N2[C@H]1C(=O)[O-].[Na+]",
    "CCC(=O)O",
    "CCCCCCCCCCCCCCCCCC(=O)[O-].[Na+]",
    "CCCCCCCCCCCCc1ccc(S(=O)(=O)O)cc1",
    "CCCC[C@H](N)C(=O)O",
    "CNC1C(OC2C(OC3C(O)C(O)C(N=C(N)N)C(O)C3N=C(N)N)OC(C)C2(O)C=O)OC(CO)C(O)C1O",
    "COC(=O)NC1C(OC2C(CO)OC(OC3C(CO)OC(O)C(N)C3O)C(N)C2O)OC(CO)C(OC2OC(CO)C(OC3OC(CO)C(OC4OC(CO)C(OC5OC(CO)C(OC6OC(CO)C(OC7OC(CO)C(O)C(O)C7N)C(O)C6N)C(O)C5N)C(O)C4N)C(O)C3N)C(O)C2N)C1O",
    "Cc1cc(C)[nH]n1",
    "Cc1ccc(C(=O)O)c(O)c1"
  ]
}