{
  "alloy": "AZ91",
  "fold": 2,
  "setting": "close_unfilt",
  "model": "RF",
  "r2": 0.7261343793693629,
  "mae": 73.996364,
  "pearson_r": 0.9364134335173446,
  "pearson_p": 2.8088787311316284e-07,
  "n_train": 899,
  "n_test": 15,
  "n_features": 2091,
  "elapsed_s": 148.4,
  "y_test": [
    52.0,
    80.0,
    19.0,
    57.0,
    -710.0,
    71.0,
    -177.0,
    26.0,
    52.0,
    11.0,
    37.0,
    -78.0,
    28.0,
    -48.0,
    -476.0
  ],
  "y_pred": [
    14.774839999999998,
    24.726240000000004,
    -70.18166000000001,
    19.8537,
    -340.90418,
    -7.2837,
    -40.25882,
    30.01394,
    5.388719999999999,
    1.76604,
    26.703519999999994,
    -21.846679999999996,
    31.835,
    17.8841,
    -365.03020000000004
  ],
  "test_smiles": [
    "Nc1ccc(C(=O)O)c(O)c1",
    "Nc1ccc(O)c(C(=O)O)c1",
    "Nc1ncn[nH]1",
    "O.O.O=C([O-])[C@H](O)CO.O=C([O-])[C@H](O)CO.[Ca+2]",
    "O.O=C(O)CN(CC(=O)O)[C@@H]1CCCC[C@H]1N(CC(=O)O)CC(=O)O",
    "O=C(CC(=O)C(F)(F)F)c1cccs1",
    "O=C(NO)c1ccccc1O",
    "O=C(O)/C=C\\C(=O)O",
    "O=C(O)C(O)C(O)C(=O)O",
    "O=C(O)C(O)c1ccccc1",
    "O=C(O)C1(O)C[C@@H](O)C(O)[C@H](O)C1",
    "O=C(O)CC(O)(C(=O)O)C(=O)O",
    "O=C(O)CCC(=O)O",
    "O=C(O)CCCCC(=O)O",
    "O=C(O)CN(CC(=O)O)CC(=O)O"
  ]
}