{
  "alloy": "AZ91",
  "fold": 2,
  "setting": "close_unfilt",
  "model": "MLP",
  "r2": 0.9082755338089672,
  "mae": 40.371512222290036,
  "pearson_r": 0.9632621497024589,
  "pearson_p": 8.477200311966656e-09,
  "n_train": 899,
  "n_test": 15,
  "n_features": 2091,
  "elapsed_s": 210.7,
  "y_test": [
    52.0,
    80.0,
    19.0,
    57.0,
    -710.0,
    71.0,
    -177.0,
    26.0,
    52.0,
    11.0,
    37.0,
    -78.0,
    28.0,
    -48.0,
    -476.0
  ],
  "y_pred": [
    48.416690826416016,
    65.00720977783203,
    -189.96044921875,
    29.691843032836914,
    -812.7672729492188,
    39.83494186401367,
    -154.9335479736328,
    22.724632263183594,
    24.58092498779297,
    26.966821670532227,
    37.05268859863281,
    -114.22450256347656,
    29.980852127075195,
    28.838909149169922,
    -443.0290222167969
  ],
  "test_smiles": [
    "Nc1ccc(C(=O)O)c(O)c1",
    "Nc1ccc(O)c(C(=O)O)c1",
    "Nc1ncn[nH]1",
    "O.O.O=C([O-])[C@H](O)CO.O=C([O-])[C@H](O)CO.[Ca+2]",
    "O.O=C(O)CN(CC(=O)O)[C@@H]1CCCC[C@H]1N(CC(=O)O)CC(=O)O",
    "O=C(CC(=O)C(F)(F)F)c1cccs1",
    "O=C(NO)c1ccccc1O",
    "O=C(O)/C=C\\C(=O)O",
    "O=C(O)C(O)C(O)C(=O)O",
    "O=C(O)C(O)c1ccccc1",
    "O=C(O)C1(O)C[C@@H](O)C(O)[C@H](O)C1",
    "O=C(O)CC(O)(C(=O)O)C(=O)O",
    "O=C(O)CCC(=O)O",
    "O=C(O)CCCCC(=O)O",
    "O=C(O)CN(CC(=O)O)CC(=O)O"
  ]
}