{
  "alloy": "AZ91",
  "fold": 1,
  "setting": "far_unfilt",
  "model": "kNN_Tan",
  "r2": 0.5833700367007149,
  "mae": 80.82497315982776,
  "pearson_r": 0.8473347765287411,
  "pearson_p": 6.677859601326498e-05,
  "n_train": 4854,
  "n_test": 15,
  "n_features": 2096,
  "elapsed_s": 0.1,
  "y_test": [
    56.0,
    52.0,
    25.0,
    -129.0,
    -168.0,
    -156.0,
    -300.0,
    -596.0,
    -206.0,
    -149.0,
    -19.0,
    57.0,
    -82.0,
    28.0,
    -84.0
  ],
  "y_pred": [
    69.07999999999998,
    53.872,
    -95.264,
    -263.24,
    -167.20800000000003,
    -126.27020260258327,
    -265.136,
    -724.7999999999997,
    2.597600000000002,
    -138.144,
    -10.271999999999998,
    7.819199999999999,
    -246.7704,
    -159.47999999999996,
    -203.12
  ],
  "test_smiles": [
    "Cc1ccc(O)c(C(=O)O)c1",
    "Cc1cccc(C(=O)O)c1O",
    "Cc1cccc(C(=O)O)c1[N+](=O)[O-]",
    "Cc1cccc(O)c1O",
    "Cc1occc(=O)c1O",
    "Cl.Cl.NCCc1cnc[nH]1",
    "Cl.NCC(=O)NCC(=O)O",
    "NC(CO)(CO)CO",
    "NC(CS)C(=O)O",
    "NC(Cc1ccccc1)C(=O)O",
    "NC(N)=O",
    "NC(N)=S",
    "NCC(=O)O",
    "N[C@@H](CC(=O)O)C(=O)O",
    "N[C@@H](CCC(=O)O)C(=O)O"
  ]
}