{
  "alloy": "AZ91",
  "fold": 1,
  "setting": "exact",
  "model": "RF",
  "r2": -0.48052097174560937,
  "mae": 141.51197333333332,
  "pearson_r": -0.08978263221355456,
  "pearson_p": 0.7503309035924488,
  "n_train": 60,
  "n_test": 15,
  "n_features": 2051,
  "elapsed_s": 11.1,
  "y_test": [
    56.0,
    52.0,
    25.0,
    -129.0,
    -168.0,
    -156.0,
    -300.0,
    -596.0,
    -206.0,
    -149.0,
    -19.0,
    57.0,
    -82.0,
    28.0,
    -84.0
  ],
  "y_pred": [
    -59.243199999999995,
    -4.754,
    14.4704,
    -40.978199999999994,
    -27.543799999999997,
    -74.18859999999998,
    26.20040000000001,
    -2.627800000000001,
    26.418000000000003,
    29.97,
    18.2984,
    4.746,
    35.274,
    1.2070000000000005,
    -18.7166
  ],
  "test_smiles": [
    "Cc1ccc(O)c(C(=O)O)c1",
    "Cc1cccc(C(=O)O)c1O",
    "Cc1cccc(C(=O)O)c1[N+](=O)[O-]",
    "Cc1cccc(O)c1O",
    "Cc1occc(=O)c1O",
    "Cl.Cl.NCCc1cnc[nH]1",
    "Cl.NCC(=O)NCC(=O)O",
    "NC(CO)(CO)CO",
    "NC(CS)C(=O)O",
    "NC(Cc1ccccc1)C(=O)O",
    "NC(N)=O",
    "NC(N)=S",
    "NCC(=O)O",
    "N[C@@H](CC(=O)O)C(=O)O",
    "N[C@@H](CCC(=O)O)C(=O)O"
  ]
}