{
  "alloy": "AZ91",
  "fold": 2,
  "setting": "close_filt",
  "model": "kNN_Tan",
  "r2": 0.3347067167413347,
  "mae": 119.66010286226768,
  "pearson_r": 0.5866127051053529,
  "pearson_p": 0.02152618338890485,
  "n_train": 812,
  "n_test": 15,
  "n_features": 2091,
  "elapsed_s": 0.0,
  "y_test": [
    52.0,
    80.0,
    19.0,
    57.0,
    -710.0,
    71.0,
    -177.0,
    26.0,
    52.0,
    11.0,
    37.0,
    -78.0,
    28.0,
    -48.0,
    -476.0
  ],
  "y_pred": [
    -7.048000321671612,
    68.10400310827515,
    -401.95199193407075,
    9.639999827623377,
    -276.41599143264744,
    -121.2897537555612,
    -21.95200000000001,
    72.5359980976677,
    22.855999400577538,
    24.032000377411215,
    -2.11123379530712,
    45.99999921401347,
    16.911996517899144,
    13.612550805806107,
    -325.7999950804714
  ],
  "test_smiles": [
    "Nc1ccc(C(=O)O)c(O)c1",
    "Nc1ccc(O)c(C(=O)O)c1",
    "Nc1ncn[nH]1",
    "O.O.O=C([O-])[C@H](O)CO.O=C([O-])[C@H](O)CO.[Ca+2]",
    "O.O=C(O)CN(CC(=O)O)[C@@H]1CCCC[C@H]1N(CC(=O)O)CC(=O)O",
    "O=C(CC(=O)C(F)(F)F)c1cccs1",
    "O=C(NO)c1ccccc1O",
    "O=C(O)/C=C\\C(=O)O",
    "O=C(O)C(O)C(O)C(=O)O",
    "O=C(O)C(O)c1ccccc1",
    "O=C(O)C1(O)C[C@@H](O)C(O)[C@H](O)C1",
    "O=C(O)CC(O)(C(=O)O)C(=O)O",
    "O=C(O)CCC(=O)O",
    "O=C(O)CCCCC(=O)O",
    "O=C(O)CN(CC(=O)O)CC(=O)O"
  ]
}