{
  "alloy": "AZ91",
  "fold": 4,
  "setting": "close_filt",
  "model": "kNN_Tan",
  "r2": -0.7878685031496475,
  "mae": 154.23453809994055,
  "pearson_r": 0.07553536690644846,
  "pearson_p": 0.7890464302183581,
  "n_train": 782,
  "n_test": 15,
  "n_features": 2091,
  "elapsed_s": 0.0,
  "y_test": [
    24.0,
    47.0,
    71.0,
    38.0,
    19.0,
    18.0,
    -644.0,
    -90.0,
    -151.0,
    24.0,
    29.0,
    -265.0,
    47.0,
    -257.0,
    31.0
  ],
  "y_pred": [
    26.542011439497937,
    47.506390390693994,
    -613.0399753543792,
    35.51999856033321,
    45.952,
    -21.26400033733221,
    -220.28799999999995,
    -158.6479970296542,
    40.272000794798544,
    26.938283460989005,
    -9.731400387151588,
    -20.040000353400483,
    37.80000057077415,
    -48.144001312532865,
    -338.4160131016526
  ],
  "test_smiles": [
    "O=C(O)c1cccnc1",
    "O=C(O)c1cccnc1C(=O)O",
    "O=C1NC(=O)C([N+](=O)[O-])C(=O)N1",
    "O=C1O[C@H]([C@@H](O)CO)C(O)=C1O",
    "O=CO",
    "O=Cc1ccccc1O",
    "O=S(=O)([O-])c1cc(O)c(O)c(S(=O)(=O)[O-])c1.[Na+].[Na+]",
    "O=c1cc(CO)occ1O",
    "O=c1cc[nH]c(=O)[nH]1",
    "OCC(O)CO",
    "OC[C@H]1OC(O)[C@H](O)[C@@H](O)[C@@H]1O",
    "ON=Cc1ccccc1O",
    "c1ccc(-c2ccccn2)nc1",
    "c1ccc2n[nH]nc2c1",
    "c1cn[nH]c1"
  ]
}