{
  "alloy": "AZ91",
  "fold": 4,
  "setting": "far_unfilt",
  "model": "ChemProp",
  "r2": 0.6464906162877794,
  "mae": 84.86219689448674,
  "pearson_r": 0.814541694259119,
  "pearson_p": 0.00021755103532661933,
  "n_train": 4854,
  "n_test": 15,
  "n_features": 48,
  "elapsed_s": 643.7,
  "y_test": [
    24.0,
    47.0,
    71.0,
    38.0,
    19.0,
    18.0,
    -644.0,
    -90.0,
    -151.0,
    24.0,
    29.0,
    -265.0,
    47.0,
    -257.0,
    31.0
  ],
  "y_pred": [
    -20.695024490356445,
    -8.402012825012207,
    -116.6494369506836,
    -41.533260345458984,
    16.664461135864258,
    -16.58049201965332,
    -527.1400756835938,
    -60.1892204284668,
    -110.76520538330078,
    -5.737095832824707,
    -0.5570665001869202,
    -30.069307327270508,
    -23.90605926513672,
    -34.13663101196289,
    -62.837406158447266
  ],
  "test_smiles": [
    "O=C(O)c1cccnc1",
    "O=C(O)c1cccnc1C(=O)O",
    "O=C1NC(=O)C([N+](=O)[O-])C(=O)N1",
    "O=C1O[C@H]([C@@H](O)CO)C(O)=C1O",
    "O=CO",
    "O=Cc1ccccc1O",
    "O=S(=O)([O-])c1cc(O)c(O)c(S(=O)(=O)[O-])c1.[Na+].[Na+]",
    "O=c1cc(CO)occ1O",
    "O=c1cc[nH]c(=O)[nH]1",
    "OCC(O)CO",
    "OC[C@H]1OC(O)[C@H](O)[C@@H](O)[C@@H]1O",
    "ON=Cc1ccccc1O",
    "c1ccc(-c2ccccn2)nc1",
    "c1ccc2n[nH]nc2c1",
    "c1cn[nH]c1"
  ]
}