{
  "alloy": "AZ91",
  "fold": 0,
  "setting": "close_unfilt",
  "model": "MLP",
  "r2": 0.10680628597144315,
  "mae": 70.75144386291504,
  "pearson_r": 0.7975125274713503,
  "pearson_p": 0.0003685239708116703,
  "n_train": 899,
  "n_test": 15,
  "n_features": 2091,
  "elapsed_s": 179.7,
  "y_test": [
    -106.0,
    24.0,
    60.0,
    -91.0,
    -27.0,
    -355.0,
    -40.0,
    34.0,
    -118.0,
    67.0,
    -127.0,
    -72.0,
    -2.0,
    -27.0,
    9.0
  ],
  "y_pred": [
    -101.92190551757812,
    -29.62105941772461,
    26.8529109954834,
    25.14719009399414,
    -128.0099639892578,
    -495.7323303222656,
    -274.2899475097656,
    16.720043182373047,
    -35.3720588684082,
    54.38991165161133,
    -143.6603546142578,
    -226.25714111328125,
    -56.739479064941406,
    -14.550483703613281,
    36.62150573730469
  ],
  "test_smiles": [
    "C1CNCCN1",
    "C1N2CN3CN1CN(C2)C3",
    "CC(=O)O",
    "CC(C)(C)c1ccc(C(=O)O)cc1",
    "CC(C)(CO)[C@@H](O)C(=O)NCCCO",
    "CC1(C)NC(=O)NC1=O",
    "CC1(C)S[C@@H]2[C@H](NC(=O)Cc3ccccc3)C(=O)N2[C@H]1C(=O)[O-].[Na+]",
    "CCC(=O)O",
    "CCCCCCCCCCCCCCCCCC(=O)[O-].[Na+]",
    "CCCCCCCCCCCCc1ccc(S(=O)(=O)O)cc1",
    "CCCC[C@H](N)C(=O)O",
    "CNC1C(OC2C(OC3C(O)C(O)C(N=C(N)N)C(O)C3N=C(N)N)OC(C)C2(O)C=O)OC(CO)C(O)C1O",
    "COC(=O)NC1C(OC2C(CO)OC(OC3C(CO)OC(O)C(N)C3O)C(N)C2O)OC(CO)C(OC2OC(CO)C(OC3OC(CO)C(OC4OC(CO)C(OC5OC(CO)C(OC6OC(CO)C(OC7OC(CO)C(O)C(O)C7N)C(O)C6N)C(O)C5N)C(O)C4N)C(O)C3N)C(O)C2N)C1O",
    "Cc1cc(C)[nH]n1",
    "Cc1ccc(C(=O)O)c(O)c1"
  ]
}