{
  "alloy": "AZ91",
  "fold": 1,
  "setting": "close_unfilt",
  "model": "kNN_Tan",
  "r2": 0.6465632836892998,
  "mae": 70.39014423353044,
  "pearson_r": 0.8972916135912838,
  "pearson_p": 5.757349201806824e-06,
  "n_train": 899,
  "n_test": 15,
  "n_features": 2091,
  "elapsed_s": 0.1,
  "y_test": [
    56.0,
    52.0,
    25.0,
    -129.0,
    -168.0,
    -156.0,
    -300.0,
    -596.0,
    -206.0,
    -149.0,
    -19.0,
    57.0,
    -82.0,
    28.0,
    -84.0
  ],
  "y_pred": [
    69.07999999999998,
    58.304,
    -81.576,
    -255.42399999999998,
    -161.808,
    -126.32383640998887,
    -262.37600000000003,
    -724.7999999999997,
    -203.08,
    -140.23999999999998,
    -9.992,
    6.040000087054118,
    -307.96799999999996,
    -148.27200000000002,
    -211.28799999999995
  ],
  "test_smiles": [
    "Cc1ccc(O)c(C(=O)O)c1",
    "Cc1cccc(C(=O)O)c1O",
    "Cc1cccc(C(=O)O)c1[N+](=O)[O-]",
    "Cc1cccc(O)c1O",
    "Cc1occc(=O)c1O",
    "Cl.Cl.NCCc1cnc[nH]1",
    "Cl.NCC(=O)NCC(=O)O",
    "NC(CO)(CO)CO",
    "NC(CS)C(=O)O",
    "NC(Cc1ccccc1)C(=O)O",
    "NC(N)=O",
    "NC(N)=S",
    "NCC(=O)O",
    "N[C@@H](CC(=O)O)C(=O)O",
    "N[C@@H](CCC(=O)O)C(=O)O"
  ]
}