{
  "alloy": "AZ91",
  "fold": 4,
  "setting": "close_filt",
  "model": "ChemProp",
  "r2": 0.043983199882065116,
  "mae": 124.15532191594441,
  "pearson_r": 0.25213271789589414,
  "pearson_p": 0.364639205691364,
  "n_train": 782,
  "n_test": 15,
  "n_features": 43,
  "elapsed_s": 99.3,
  "y_test": [
    24.0,
    47.0,
    71.0,
    38.0,
    19.0,
    18.0,
    -644.0,
    -90.0,
    -151.0,
    24.0,
    29.0,
    -265.0,
    47.0,
    -257.0,
    31.0
  ],
  "y_pred": [
    -25.088430404663086,
    -1.5196537971496582,
    -205.64552307128906,
    -50.679508209228516,
    27.932727813720703,
    -36.0792236328125,
    -123.3028335571289,
    -105.06564331054688,
    -23.63031578063965,
    -42.04523849487305,
    2.726262092590332,
    -92.94088745117188,
    9.167634963989258,
    12.418614387512207,
    -70.62319946289062
  ],
  "test_smiles": [
    "O=C(O)c1cccnc1",
    "O=C(O)c1cccnc1C(=O)O",
    "O=C1NC(=O)C([N+](=O)[O-])C(=O)N1",
    "O=C1O[C@H]([C@@H](O)CO)C(O)=C1O",
    "O=CO",
    "O=Cc1ccccc1O",
    "O=S(=O)([O-])c1cc(O)c(O)c(S(=O)(=O)[O-])c1.[Na+].[Na+]",
    "O=c1cc(CO)occ1O",
    "O=c1cc[nH]c(=O)[nH]1",
    "OCC(O)CO",
    "OC[C@H]1OC(O)[C@H](O)[C@@H](O)[C@@H]1O",
    "ON=Cc1ccccc1O",
    "c1ccc(-c2ccccn2)nc1",
    "c1ccc2n[nH]nc2c1",
    "c1cn[nH]c1"
  ]
}