{
  "alloy": "AZ91",
  "fold": 3,
  "setting": "exact",
  "model": "ChemProp",
  "r2": -0.012780563741811024,
  "mae": 188.68873087565103,
  "pearson_r": 0.18150322212896955,
  "pearson_p": 0.5173820525288455,
  "n_train": 60,
  "n_test": 15,
  "n_features": 3,
  "elapsed_s": 20.7,
  "y_test": [
    -599.0,
    -227.0,
    49.0,
    54.0,
    48.0,
    -125.0,
    15.0,
    68.0,
    -800.0,
    -261.0,
    74.0,
    40.0,
    33.0,
    26.0,
    45.0
  ],
  "y_pred": [
    -74.88811492919922,
    -75.1373291015625,
    -74.63922882080078,
    -74.68390655517578,
    -74.24796295166016,
    -73.83948516845703,
    -73.55181121826172,
    -73.4383773803711,
    -73.3467025756836,
    -73.28900909423828,
    -73.05419158935547,
    -73.2309341430664,
    -73.34851837158203,
    -73.29377746582031,
    -73.3428955078125
  ],
  "test_smiles": [
    "O=C(O)CN(CCN(CC(=O)O)CC(=O)O)CC(=O)O",
    "O=C(O)CN(CCO)CCO",
    "O=C(O)CO",
    "O=C(O)COCC(=O)O",
    "O=C(O)[C@H](O)[C@@H](O)[C@H](O[C@@H]1O[C@H](CO)[C@H](O)[C@H](O)[C@H]1O)[C@H](O)CO",
    "O=C(O)c1cc(S(=O)(=O)O)ccc1O",
    "O=C(O)c1cc([N+](=O)[O-])cc([N+](=O)[O-])c1O",
    "O=C(O)c1ccc(C(=O)O)nc1",
    "O=C(O)c1ccc(O)c(O)c1",
    "O=C(O)c1ccc(O)cc1",
    "O=C(O)c1ccc2ccccc2n1",
    "O=C(O)c1ccccc1",
    "O=C(O)c1ccccc1C(=O)O",
    "O=C(O)c1ccccc1O",
    "O=C(O)c1ccccn1"
  ]
}