{
  "alloy": "AZ91",
  "fold": 2,
  "setting": "far_unfilt",
  "model": "MLP",
  "r2": 0.9606783606995754,
  "mae": 30.408761342366535,
  "pearson_r": 0.9835206403007921,
  "pearson_p": 4.856444880299654e-11,
  "n_train": 4854,
  "n_test": 15,
  "n_features": 2096,
  "elapsed_s": 844.8,
  "y_test": [
    52.0,
    80.0,
    19.0,
    57.0,
    -710.0,
    71.0,
    -177.0,
    26.0,
    52.0,
    11.0,
    37.0,
    -78.0,
    28.0,
    -48.0,
    -476.0
  ],
  "y_pred": [
    34.9248161315918,
    54.71367645263672,
    -93.38154602050781,
    30.25473403930664,
    -702.488037109375,
    30.829544067382812,
    -166.8544921875,
    19.617420196533203,
    8.798929214477539,
    16.059633255004883,
    31.08612060546875,
    -149.4407501220703,
    29.536405563354492,
    22.793367385864258,
    -488.48748779296875
  ],
  "test_smiles": [
    "Nc1ccc(C(=O)O)c(O)c1",
    "Nc1ccc(O)c(C(=O)O)c1",
    "Nc1ncn[nH]1",
    "O.O.O=C([O-])[C@H](O)CO.O=C([O-])[C@H](O)CO.[Ca+2]",
    "O.O=C(O)CN(CC(=O)O)[C@@H]1CCCC[C@H]1N(CC(=O)O)CC(=O)O",
    "O=C(CC(=O)C(F)(F)F)c1cccs1",
    "O=C(NO)c1ccccc1O",
    "O=C(O)/C=C\\C(=O)O",
    "O=C(O)C(O)C(O)C(=O)O",
    "O=C(O)C(O)c1ccccc1",
    "O=C(O)C1(O)C[C@@H](O)C(O)[C@H](O)C1",
    "O=C(O)CC(O)(C(=O)O)C(=O)O",
    "O=C(O)CCC(=O)O",
    "O=C(O)CCCCC(=O)O",
    "O=C(O)CN(CC(=O)O)CC(=O)O"
  ]
}