{
  "alloy": "AZ91",
  "fold": 2,
  "setting": "exact",
  "model": "MLP",
  "r2": 0.13704280603015695,
  "mae": 159.06763509114583,
  "pearson_r": 0.7068922447682309,
  "pearson_p": 0.003211131050024727,
  "n_train": 60,
  "n_test": 15,
  "n_features": 2051,
  "elapsed_s": 12.0,
  "y_test": [
    52.0,
    80.0,
    19.0,
    57.0,
    -710.0,
    71.0,
    -177.0,
    26.0,
    52.0,
    11.0,
    37.0,
    -78.0,
    28.0,
    -48.0,
    -476.0
  ],
  "y_pred": [
    -88.47399139404297,
    -100.87399291992188,
    -98.90027618408203,
    -79.97498321533203,
    -138.3322296142578,
    -101.5027084350586,
    -59.67236328125,
    -81.15826416015625,
    -93.4809341430664,
    -74.55522155761719,
    -91.91567993164062,
    -94.10726928710938,
    -87.90058898925781,
    -91.85070037841797,
    -170.6754913330078
  ],
  "test_smiles": [
    "Nc1ccc(C(=O)O)c(O)c1",
    "Nc1ccc(O)c(C(=O)O)c1",
    "Nc1ncn[nH]1",
    "O.O.O=C([O-])[C@H](O)CO.O=C([O-])[C@H](O)CO.[Ca+2]",
    "O.O=C(O)CN(CC(=O)O)[C@@H]1CCCC[C@H]1N(CC(=O)O)CC(=O)O",
    "O=C(CC(=O)C(F)(F)F)c1cccs1",
    "O=C(NO)c1ccccc1O",
    "O=C(O)/C=C\\C(=O)O",
    "O=C(O)C(O)C(O)C(=O)O",
    "O=C(O)C(O)c1ccccc1",
    "O=C(O)C1(O)C[C@@H](O)C(O)[C@H](O)C1",
    "O=C(O)CC(O)(C(=O)O)C(=O)O",
    "O=C(O)CCC(=O)O",
    "O=C(O)CCCCC(=O)O",
    "O=C(O)CN(CC(=O)O)CC(=O)O"
  ]
}