{
  "alloy": "AZ91",
  "fold": 3,
  "setting": "close_unfilt",
  "model": "MLP",
  "r2": 0.7709752100183322,
  "mae": 63.649633725484215,
  "pearson_r": 0.9060054684317722,
  "pearson_p": 3.3062507757546452e-06,
  "n_train": 899,
  "n_test": 15,
  "n_features": 2091,
  "elapsed_s": 209.0,
  "y_test": [
    -599.0,
    -227.0,
    49.0,
    54.0,
    48.0,
    -125.0,
    15.0,
    68.0,
    -800.0,
    -261.0,
    74.0,
    40.0,
    33.0,
    26.0,
    45.0
  ],
  "y_pred": [
    -185.44815063476562,
    -107.48208618164062,
    47.87806701660156,
    65.72801971435547,
    19.198623657226562,
    -194.03814697265625,
    8.706910133361816,
    69.93247985839844,
    -623.0211791992188,
    -327.296630859375,
    45.53129577636719,
    46.45586395263672,
    20.395790100097656,
    24.037395477294922,
    35.007137298583984
  ],
  "test_smiles": [
    "O=C(O)CN(CCN(CC(=O)O)CC(=O)O)CC(=O)O",
    "O=C(O)CN(CCO)CCO",
    "O=C(O)CO",
    "O=C(O)COCC(=O)O",
    "O=C(O)[C@H](O)[C@@H](O)[C@H](O[C@@H]1O[C@H](CO)[C@H](O)[C@H](O)[C@H]1O)[C@H](O)CO",
    "O=C(O)c1cc(S(=O)(=O)O)ccc1O",
    "O=C(O)c1cc([N+](=O)[O-])cc([N+](=O)[O-])c1O",
    "O=C(O)c1ccc(C(=O)O)nc1",
    "O=C(O)c1ccc(O)c(O)c1",
    "O=C(O)c1ccc(O)cc1",
    "O=C(O)c1ccc2ccccc2n1",
    "O=C(O)c1ccccc1",
    "O=C(O)c1ccccc1C(=O)O",
    "O=C(O)c1ccccc1O",
    "O=C(O)c1ccccn1"
  ]
}