{
  "alloy": "AZ91",
  "fold": 2,
  "setting": "far_unfilt",
  "model": "RF",
  "r2": 0.6883069831825779,
  "mae": 76.97231777777779,
  "pearson_r": 0.9277655330728507,
  "pearson_p": 6.29938612644138e-07,
  "n_train": 4854,
  "n_test": 15,
  "n_features": 2096,
  "elapsed_s": 1500.7,
  "y_test": [
    52.0,
    80.0,
    19.0,
    57.0,
    -710.0,
    71.0,
    -177.0,
    26.0,
    52.0,
    11.0,
    37.0,
    -78.0,
    28.0,
    -48.0,
    -476.0
  ],
  "y_pred": [
    11.733860000000002,
    21.095299999999998,
    -68.78393999999999,
    18.527639999999998,
    -309.07806,
    -11.442779999999997,
    -43.08768,
    30.47630666666667,
    6.637506666666668,
    5.093633333333335,
    26.009219999999996,
    -22.16238,
    30.89684,
    15.4439,
    -353.03372
  ],
  "test_smiles": [
    "Nc1ccc(C(=O)O)c(O)c1",
    "Nc1ccc(O)c(C(=O)O)c1",
    "Nc1ncn[nH]1",
    "O.O.O=C([O-])[C@H](O)CO.O=C([O-])[C@H](O)CO.[Ca+2]",
    "O.O=C(O)CN(CC(=O)O)[C@@H]1CCCC[C@H]1N(CC(=O)O)CC(=O)O",
    "O=C(CC(=O)C(F)(F)F)c1cccs1",
    "O=C(NO)c1ccccc1O",
    "O=C(O)/C=C\\C(=O)O",
    "O=C(O)C(O)C(O)C(=O)O",
    "O=C(O)C(O)c1ccccc1",
    "O=C(O)C1(O)C[C@@H](O)C(O)[C@H](O)C1",
    "O=C(O)CC(O)(C(=O)O)C(=O)O",
    "O=C(O)CCC(=O)O",
    "O=C(O)CCCCC(=O)O",
    "O=C(O)CN(CC(=O)O)CC(=O)O"
  ]
}