{
  "alloy": "AZ91",
  "fold": 4,
  "setting": "close_unfilt",
  "model": "ChemProp",
  "r2": 0.7432491048426016,
  "mae": 76.97689185937246,
  "pearson_r": 0.8976808269427755,
  "pearson_p": 5.622438538983619e-06,
  "n_train": 899,
  "n_test": 15,
  "n_features": 43,
  "elapsed_s": 103.4,
  "y_test": [
    24.0,
    47.0,
    71.0,
    38.0,
    19.0,
    18.0,
    -644.0,
    -90.0,
    -151.0,
    24.0,
    29.0,
    -265.0,
    47.0,
    -257.0,
    31.0
  ],
  "y_pred": [
    -38.50015640258789,
    -1.5248621702194214,
    -13.936878204345703,
    -56.374595642089844,
    52.37322998046875,
    -53.7312126159668,
    -481.31756591796875,
    -122.85375213623047,
    -153.4286651611328,
    1.9351582527160645,
    12.775443077087402,
    -117.70130157470703,
    -18.549654006958008,
    -63.70770263671875,
    -85.81754302978516
  ],
  "test_smiles": [
    "O=C(O)c1cccnc1",
    "O=C(O)c1cccnc1C(=O)O",
    "O=C1NC(=O)C([N+](=O)[O-])C(=O)N1",
    "O=C1O[C@H]([C@@H](O)CO)C(O)=C1O",
    "O=CO",
    "O=Cc1ccccc1O",
    "O=S(=O)([O-])c1cc(O)c(O)c(S(=O)(=O)[O-])c1.[Na+].[Na+]",
    "O=c1cc(CO)occ1O",
    "O=c1cc[nH]c(=O)[nH]1",
    "OCC(O)CO",
    "OC[C@H]1OC(O)[C@H](O)[C@@H](O)[C@@H]1O",
    "ON=Cc1ccccc1O",
    "c1ccc(-c2ccccn2)nc1",
    "c1ccc2n[nH]nc2c1",
    "c1cn[nH]c1"
  ]
}