{
  "alloy": "AZ91",
  "fold": 0,
  "setting": "close_unfilt",
  "model": "ChemProp",
  "r2": 0.47554696922633133,
  "mae": 60.20364233652751,
  "pearson_r": 0.8197926618046901,
  "pearson_p": 0.0001829523650522013,
  "n_train": 899,
  "n_test": 15,
  "n_features": 43,
  "elapsed_s": 98.8,
  "y_test": [
    -106.0,
    24.0,
    60.0,
    -91.0,
    -27.0,
    -355.0,
    -40.0,
    34.0,
    -118.0,
    67.0,
    -127.0,
    -72.0,
    -2.0,
    -27.0,
    9.0
  ],
  "y_pred": [
    -140.26821899414062,
    17.143917083740234,
    26.398210525512695,
    -22.36111068725586,
    -96.61128234863281,
    -484.59613037109375,
    -153.44769287109375,
    11.947644233703613,
    28.203603744506836,
    -11.32669448852539,
    -42.87565994262695,
    -88.1395263671875,
    -51.83857727050781,
    -43.04492950439453,
    -25.304521560668945
  ],
  "test_smiles": [
    "C1CNCCN1",
    "C1N2CN3CN1CN(C2)C3",
    "CC(=O)O",
    "CC(C)(C)c1ccc(C(=O)O)cc1",
    "CC(C)(CO)[C@@H](O)C(=O)NCCCO",
    "CC1(C)NC(=O)NC1=O",
    "CC1(C)S[C@@H]2[C@H](NC(=O)Cc3ccccc3)C(=O)N2[C@H]1C(=O)[O-].[Na+]",
    "CCC(=O)O",
    "CCCCCCCCCCCCCCCCCC(=O)[O-].[Na+]",
    "CCCCCCCCCCCCc1ccc(S(=O)(=O)O)cc1",
    "CCCC[C@H](N)C(=O)O",
    "CNC1C(OC2C(OC3C(O)C(O)C(N=C(N)N)C(O)C3N=C(N)N)OC(C)C2(O)C=O)OC(CO)C(O)C1O",
    "COC(=O)NC1C(OC2C(CO)OC(OC3C(CO)OC(O)C(N)C3O)C(N)C2O)OC(CO)C(OC2OC(CO)C(OC3OC(CO)C(OC4OC(CO)C(OC5OC(CO)C(OC6OC(CO)C(OC7OC(CO)C(O)C(O)C7N)C(O)C6N)C(O)C5N)C(O)C4N)C(O)C3N)C(O)C2N)C1O",
    "Cc1cc(C)[nH]n1",
    "Cc1ccc(C(=O)O)c(O)c1"
  ]
}