{
  "alloy": "AZ91",
  "fold": 4,
  "setting": "far_filt",
  "model": "RF",
  "r2": 0.010098804716557996,
  "mae": 109.70552723809524,
  "pearson_r": 0.5515316131959559,
  "pearson_p": 0.03306335499626448,
  "n_train": 4684,
  "n_test": 15,
  "n_features": 2096,
  "elapsed_s": 1588.1,
  "y_test": [
    24.0,
    47.0,
    71.0,
    38.0,
    19.0,
    18.0,
    -644.0,
    -90.0,
    -151.0,
    24.0,
    29.0,
    -265.0,
    47.0,
    -257.0,
    31.0
  ],
  "y_pred": [
    56.677699999999994,
    50.49160333333332,
    -13.657440000000003,
    -5.58412,
    26.61784000000001,
    -35.90527,
    -43.12943333333334,
    -9.093480000000001,
    0.05692857142857148,
    9.625493333333333,
    3.0257133333333326,
    -50.95834999999999,
    -0.5942999999999999,
    -6.476309999999999,
    -3.306486666666666
  ],
  "test_smiles": [
    "O=C(O)c1cccnc1",
    "O=C(O)c1cccnc1C(=O)O",
    "O=C1NC(=O)C([N+](=O)[O-])C(=O)N1",
    "O=C1O[C@H]([C@@H](O)CO)C(O)=C1O",
    "O=CO",
    "O=Cc1ccccc1O",
    "O=S(=O)([O-])c1cc(O)c(O)c(S(=O)(=O)[O-])c1.[Na+].[Na+]",
    "O=c1cc(CO)occ1O",
    "O=c1cc[nH]c(=O)[nH]1",
    "OCC(O)CO",
    "OC[C@H]1OC(O)[C@H](O)[C@@H](O)[C@@H]1O",
    "ON=Cc1ccccc1O",
    "c1ccc(-c2ccccn2)nc1",
    "c1ccc2n[nH]nc2c1",
    "c1cn[nH]c1"
  ]
}