{
  "alloy": "AZ91",
  "fold": 2,
  "setting": "close_filt",
  "model": "GBR",
  "r2": 0.41677397767448543,
  "mae": 113.72275022046192,
  "pearson_r": 0.7904372522104071,
  "pearson_p": 0.0004523249314634591,
  "n_train": 812,
  "n_test": 15,
  "n_features": 2091,
  "elapsed_s": 97.4,
  "y_test": [
    52.0,
    80.0,
    19.0,
    57.0,
    -710.0,
    71.0,
    -177.0,
    26.0,
    52.0,
    11.0,
    37.0,
    -78.0,
    28.0,
    -48.0,
    -476.0
  ],
  "y_pred": [
    -13.934735897344915,
    11.15996127400421,
    -67.71650019187612,
    -53.52546995336417,
    -185.41930581695698,
    -26.339295021148647,
    -13.231016811393902,
    14.247011039342079,
    -87.7947067155923,
    -1.267695335045855,
    -13.82122198623766,
    3.551660857063333,
    6.192739497103396,
    5.591658500231632,
    -259.4516567121752
  ],
  "test_smiles": [
    "Nc1ccc(C(=O)O)c(O)c1",
    "Nc1ccc(O)c(C(=O)O)c1",
    "Nc1ncn[nH]1",
    "O.O.O=C([O-])[C@H](O)CO.O=C([O-])[C@H](O)CO.[Ca+2]",
    "O.O=C(O)CN(CC(=O)O)[C@@H]1CCCC[C@H]1N(CC(=O)O)CC(=O)O",
    "O=C(CC(=O)C(F)(F)F)c1cccs1",
    "O=C(NO)c1ccccc1O",
    "O=C(O)/C=C\\C(=O)O",
    "O=C(O)C(O)C(O)C(=O)O",
    "O=C(O)C(O)c1ccccc1",
    "O=C(O)C1(O)C[C@@H](O)C(O)[C@H](O)C1",
    "O=C(O)CC(O)(C(=O)O)C(=O)O",
    "O=C(O)CCC(=O)O",
    "O=C(O)CCCCC(=O)O",
    "O=C(O)CN(CC(=O)O)CC(=O)O"
  ]
}