{
  "alloy": "AZ91",
  "fold": 4,
  "setting": "close_unfilt",
  "model": "kNN_Tan",
  "r2": 0.8109585798848361,
  "mae": 57.5323968836491,
  "pearson_r": 0.9324925087428696,
  "pearson_p": 4.1046781468431745e-07,
  "n_train": 899,
  "n_test": 15,
  "n_features": 2091,
  "elapsed_s": 0.0,
  "y_test": [
    24.0,
    47.0,
    71.0,
    38.0,
    19.0,
    18.0,
    -644.0,
    -90.0,
    -151.0,
    24.0,
    29.0,
    -265.0,
    47.0,
    -257.0,
    31.0
  ],
  "y_pred": [
    27.528,
    59.75200000000002,
    22.199999999999996,
    -30.408000000000005,
    23.0,
    31.129953254736346,
    -808.6,
    -61.415999999999976,
    -324.37600000000003,
    9.376,
    -12.44,
    -116.288,
    25.2,
    -169.128,
    -0.36
  ],
  "test_smiles": [
    "O=C(O)c1cccnc1",
    "O=C(O)c1cccnc1C(=O)O",
    "O=C1NC(=O)C([N+](=O)[O-])C(=O)N1",
    "O=C1O[C@H]([C@@H](O)CO)C(O)=C1O",
    "O=CO",
    "O=Cc1ccccc1O",
    "O=S(=O)([O-])c1cc(O)c(O)c(S(=O)(=O)[O-])c1.[Na+].[Na+]",
    "O=c1cc(CO)occ1O",
    "O=c1cc[nH]c(=O)[nH]1",
    "OCC(O)CO",
    "OC[C@H]1OC(O)[C@H](O)[C@@H](O)[C@@H]1O",
    "ON=Cc1ccccc1O",
    "c1ccc(-c2ccccn2)nc1",
    "c1ccc2n[nH]nc2c1",
    "c1cn[nH]c1"
  ]
}