{
  "alloy": "AZ91",
  "fold": 1,
  "setting": "exact",
  "model": "GBR",
  "r2": -0.30753698245730066,
  "mae": 135.29126639299804,
  "pearson_r": 0.1803426988875786,
  "pearson_p": 0.5201093122662369,
  "n_train": 60,
  "n_test": 15,
  "n_features": 2051,
  "elapsed_s": 9.5,
  "y_test": [
    56.0,
    52.0,
    25.0,
    -129.0,
    -168.0,
    -156.0,
    -300.0,
    -596.0,
    -206.0,
    -149.0,
    -19.0,
    57.0,
    -82.0,
    28.0,
    -84.0
  ],
  "y_pred": [
    -23.141214590426465,
    9.91584572118613,
    37.14449237633183,
    -55.90203029614301,
    -16.909348616011734,
    -73.76615193056402,
    18.097060808617275,
    -63.884830039042036,
    28.170339388198173,
    36.97767588183513,
    17.82529389967613,
    16.034435926281745,
    25.587766929180283,
    -91.43687240999115,
    -98.40092213994303
  ],
  "test_smiles": [
    "Cc1ccc(O)c(C(=O)O)c1",
    "Cc1cccc(C(=O)O)c1O",
    "Cc1cccc(C(=O)O)c1[N+](=O)[O-]",
    "Cc1cccc(O)c1O",
    "Cc1occc(=O)c1O",
    "Cl.Cl.NCCc1cnc[nH]1",
    "Cl.NCC(=O)NCC(=O)O",
    "NC(CO)(CO)CO",
    "NC(CS)C(=O)O",
    "NC(Cc1ccccc1)C(=O)O",
    "NC(N)=O",
    "NC(N)=S",
    "NCC(=O)O",
    "N[C@@H](CC(=O)O)C(=O)O",
    "N[C@@H](CCC(=O)O)C(=O)O"
  ]
}