{
  "alloy": "WE43",
  "fold": 3,
  "setting": "exact",
  "model": "ChemProp",
  "r2": -0.013308110751497626,
  "mae": 118.59943211873373,
  "pearson_r": -0.22178871996956778,
  "pearson_p": 0.4269432320410423,
  "n_train": 60,
  "n_test": 15,
  "n_features": 3,
  "elapsed_s": 19.8,
  "y_test": [
    -80.0,
    24.0,
    39.0,
    21.0,
    -296.0,
    -82.0,
    50.0,
    50.0,
    59.0,
    -131.0,
    66.0,
    83.0,
    -344.0,
    -281.0,
    62.0
  ],
  "y_pred": [
    -37.02931594848633,
    -37.12451934814453,
    -37.097774505615234,
    -37.34330368041992,
    -37.19095993041992,
    -37.7070426940918,
    -37.16261291503906,
    -37.16606140136719,
    -37.63616943359375,
    -35.79200744628906,
    -35.424625396728516,
    -35.30668258666992,
    -35.11244201660156,
    -35.08667755126953,
    -34.64817810058594
  ],
  "test_smiles": [
    "O=C(O)CC(O)(C(=O)O)C(=O)O",
    "O=C(O)CC(O)C(=O)O",
    "O=C(O)CCC(=O)O",
    "O=C(O)CCCCC(=O)O",
    "O=C(O)CN(CC(=O)O)CC(=O)O",
    "O=C(O)CN(CCO)CCO",
    "O=C(O)CO",
    "O=C(O)COCC(=O)O",
    "O=C(O)[C@H](O)[C@@H](O)[C@H](O[C@@H]1O[C@H](CO)[C@H](O)[C@H](O)[C@H]1O)[C@H](O)CO",
    "O=C(O)c1cc(S(=O)(=O)O)ccc1O",
    "O=C(O)c1cc([N+](=O)[O-])cc([N+](=O)[O-])c1O",
    "O=C(O)c1ccc(C(=O)O)nc1",
    "O=C(O)c1ccc(O)c(O)c1",
    "O=C(O)c1ccc(O)cc1",
    "O=C(O)c1ccc2ccccc2n1"
  ]
}