{
  "alloy": "WE43",
  "fold": 1,
  "setting": "exact",
  "model": "GBR",
  "r2": -0.22058061242457905,
  "mae": 98.60243561014019,
  "pearson_r": 0.23306841994631033,
  "pearson_p": 0.4031751660146965,
  "n_train": 60,
  "n_test": 15,
  "n_features": 2051,
  "elapsed_s": 9.7,
  "y_test": [
    36.0,
    76.0,
    52.0,
    50.0,
    -7.0,
    -20.0,
    -61.0,
    -197.0,
    -255.0,
    -258.0,
    -142.0,
    23.0,
    43.0,
    -268.0,
    -134.0
  ],
  "y_pred": [
    16.543375151403662,
    -17.86950148275478,
    0.3143241238946715,
    58.7594245891437,
    4.183964288705954,
    0.29728092931661587,
    -6.423514119040199,
    8.998573213872147,
    -23.636462107652555,
    -19.95919241156416,
    -8.841508553156206,
    0.07144294946101222,
    -5.202673789293325,
    18.127345505317017,
    -187.38758976987165
  ],
  "test_smiles": [
    "Cc1ccc(C(=O)O)c(O)c1",
    "Cc1ccc(O)c(C(=O)O)c1",
    "Cc1cccc(C(=O)O)c1O",
    "Cc1cccc(C(=O)O)c1[N+](=O)[O-]",
    "Cc1cccc(O)c1O",
    "Cc1occc(=O)c1O",
    "Cl.Cl.NCCc1cnc[nH]1",
    "Cl.NCC(=O)NCC(=O)O",
    "NC(CO)(CO)CO",
    "NC(CS)C(=O)O",
    "NC(Cc1ccccc1)C(=O)O",
    "NC(N)=O",
    "NC(N)=S",
    "NCC(=O)O",
    "N[C@@H](CC(=O)O)C(=O)O"
  ]
}