{
  "alloy": "WE43",
  "fold": 4,
  "setting": "exact",
  "model": "MLP",
  "r2": -0.2946331682588659,
  "mae": 82.77939414978027,
  "pearson_r": 0.1008573726887367,
  "pearson_p": 0.7206089678170992,
  "n_train": 60,
  "n_test": 15,
  "n_features": 2051,
  "elapsed_s": 12.9,
  "y_test": [
    24.0,
    -20.0,
    14.0,
    41.0,
    18.0,
    51.0,
    71.0,
    -56.0,
    34.0,
    95.0,
    -295.0,
    21.0,
    14.0,
    41.0,
    -79.0
  ],
  "y_pred": [
    -87.57913970947266,
    -45.124000549316406,
    -36.998390197753906,
    -12.122615814208984,
    -53.91017150878906,
    -34.434513092041016,
    -65.44393157958984,
    -63.97820281982422,
    -57.699214935302734,
    -51.88688659667969,
    -50.093936920166016,
    -57.110626220703125,
    -24.021684646606445,
    -46.30339050292969,
    -66.82791900634766
  ],
  "test_smiles": [
    "O=C(O)c1ccccc1",
    "O=C(O)c1ccccc1C(=O)O",
    "O=C(O)c1ccccc1O",
    "O=C(O)c1ccccn1",
    "O=C(O)c1cccnc1",
    "O=C(O)c1cccnc1C(=O)O",
    "O=C1NC(=O)C([N+](=O)[O-])C(=O)N1",
    "O=C1O[C@H]([C@@H](O)CO)C(O)=C1O",
    "O=CO",
    "O=Cc1ccccc1O",
    "O=S(=O)([O-])c1cc(O)c(O)c(S(=O)(=O)[O-])c1.[Na+].[Na+]",
    "OCC(O)CO",
    "OC[C@H]1OC(O)[C@H](O)[C@@H](O)[C@@H]1O",
    "ON=Cc1ccccc1O",
    "S=c1[nH][nH]c(=S)s1"
  ]
}