{
  "alloy": "WE43",
  "fold": 0,
  "setting": "far_unfilt",
  "model": "ChemProp",
  "r2": 0.4372670192680548,
  "mae": 42.609353590011594,
  "pearson_r": 0.7237365562912225,
  "pearson_p": 0.002286654198020188,
  "n_train": 4854,
  "n_test": 15,
  "n_features": 48,
  "elapsed_s": 632.5,
  "y_test": [
    23.0,
    -119.0,
    -18.0,
    -18.0,
    10.0,
    -159.0,
    -221.0,
    -162.0,
    19.0,
    -13.0,
    49.0,
    -113.0,
    -69.0,
    -23.0,
    8.0
  ],
  "y_pred": [
    21.01894760131836,
    -79.63417053222656,
    -20.24513816833496,
    2.432976007461548,
    -22.58791160583496,
    11.10374641418457,
    -173.81471252441406,
    -120.77688598632812,
    17.437763214111328,
    30.194726943969727,
    16.44908905029297,
    -34.24370574951172,
    -24.92798614501953,
    -13.873154640197754,
    -66.7522201538086
  ],
  "test_smiles": [
    "C/C(=C/C(=O)O)C(=O)O",
    "C1CNCCN1",
    "C1N2CN3CN1CN(C2)C3",
    "CC(C)(C)c1ccc(C(=O)O)cc1",
    "CC(C)(CO)[C@@H](O)C(=O)NCCCO",
    "CC(O)C(=O)O",
    "CC1(C)NC(=O)NC1=O",
    "CC1(C)S[C@@H]2[C@H](NC(=O)Cc3ccccc3)C(=O)N2[C@H]1C(=O)[O-].[Na+]",
    "CCC(=O)O",
    "CCCCCCCCCCCCCCCCCC(=O)[O-].[Na+]",
    "CCCCCCCCCCCCc1ccc(S(=O)(=O)O)cc1",
    "CCCC[C@H](N)C(=O)O",
    "CNC1C(OC2C(OC3C(O)C(O)C(N=C(N)N)C(O)C3N=C(N)N)OC(C)C2(O)C=O)OC(CO)C(O)C1O",
    "COC(=O)NC1C(OC2C(CO)OC(OC3C(CO)OC(O)C(N)C3O)C(N)C2O)OC(CO)C(OC2OC(CO)C(OC3OC(CO)C(OC4OC(CO)C(OC5OC(CO)C(OC6OC(CO)C(OC7OC(CO)C(O)C(O)C7N)C(O)C6N)C(O)C5N)C(O)C4N)C(O)C3N)C(O)C2N)C1O",
    "Cc1cc(C)[nH]n1"
  ]
}