{
  "alloy": "WE43",
  "fold": 3,
  "setting": "exact",
  "model": "MLP",
  "r2": -0.034916799878443205,
  "mae": 119.53576914469402,
  "pearson_r": 0.011934770322786899,
  "pearson_p": 0.9663280117062671,
  "n_train": 60,
  "n_test": 15,
  "n_features": 2051,
  "elapsed_s": 13.5,
  "y_test": [
    -80.0,
    24.0,
    39.0,
    21.0,
    -296.0,
    -82.0,
    50.0,
    50.0,
    59.0,
    -131.0,
    66.0,
    83.0,
    -344.0,
    -281.0,
    62.0
  ],
  "y_pred": [
    -60.22101593017578,
    -82.60089874267578,
    -73.59880065917969,
    -71.0403823852539,
    -91.83525085449219,
    -80.9926986694336,
    -65.37590026855469,
    -49.00184631347656,
    -29.426319122314453,
    -18.725444793701172,
    -15.217643737792969,
    -13.03927993774414,
    -19.749841690063477,
    -20.319408416748047,
    -17.579126358032227
  ],
  "test_smiles": [
    "O=C(O)CC(O)(C(=O)O)C(=O)O",
    "O=C(O)CC(O)C(=O)O",
    "O=C(O)CCC(=O)O",
    "O=C(O)CCCCC(=O)O",
    "O=C(O)CN(CC(=O)O)CC(=O)O",
    "O=C(O)CN(CCO)CCO",
    "O=C(O)CO",
    "O=C(O)COCC(=O)O",
    "O=C(O)[C@H](O)[C@@H](O)[C@H](O[C@@H]1O[C@H](CO)[C@H](O)[C@H](O)[C@H]1O)[C@H](O)CO",
    "O=C(O)c1cc(S(=O)(=O)O)ccc1O",
    "O=C(O)c1cc([N+](=O)[O-])cc([N+](=O)[O-])c1O",
    "O=C(O)c1ccc(C(=O)O)nc1",
    "O=C(O)c1ccc(O)c(O)c1",
    "O=C(O)c1ccc(O)cc1",
    "O=C(O)c1ccc2ccccc2n1"
  ]
}