{
  "alloy": "WE43",
  "fold": 3,
  "setting": "close_unfilt",
  "model": "RF",
  "r2": 0.6613882139808973,
  "mae": 64.27173866666666,
  "pearson_r": 0.8456367191952164,
  "pearson_p": 7.14482545348209e-05,
  "n_train": 899,
  "n_test": 15,
  "n_features": 2091,
  "elapsed_s": 143.6,
  "y_test": [
    -80.0,
    24.0,
    39.0,
    21.0,
    -296.0,
    -82.0,
    50.0,
    50.0,
    59.0,
    -131.0,
    66.0,
    83.0,
    -344.0,
    -281.0,
    62.0
  ],
  "y_pred": [
    -16.680786666666663,
    -3.026086666666667,
    10.304133333333334,
    3.7929933333333334,
    -205.48622000000003,
    -121.29046,
    15.099713333333336,
    14.909553333333335,
    -4.081716666666667,
    -11.34336,
    0.3985733333333332,
    33.072466666666664,
    -284.06280000000004,
    -47.60526666666666,
    25.566316666666662
  ],
  "test_smiles": [
    "O=C(O)CC(O)(C(=O)O)C(=O)O",
    "O=C(O)CC(O)C(=O)O",
    "O=C(O)CCC(=O)O",
    "O=C(O)CCCCC(=O)O",
    "O=C(O)CN(CC(=O)O)CC(=O)O",
    "O=C(O)CN(CCO)CCO",
    "O=C(O)CO",
    "O=C(O)COCC(=O)O",
    "O=C(O)[C@H](O)[C@@H](O)[C@H](O[C@@H]1O[C@H](CO)[C@H](O)[C@H](O)[C@H]1O)[C@H](O)CO",
    "O=C(O)c1cc(S(=O)(=O)O)ccc1O",
    "O=C(O)c1cc([N+](=O)[O-])cc([N+](=O)[O-])c1O",
    "O=C(O)c1ccc(C(=O)O)nc1",
    "O=C(O)c1ccc(O)c(O)c1",
    "O=C(O)c1ccc(O)cc1",
    "O=C(O)c1ccc2ccccc2n1"
  ]
}