{
  "alloy": "WE43",
  "fold": 4,
  "setting": "close_filt",
  "model": "ChemProp",
  "r2": -0.5878313894584459,
  "mae": 79.11830644607544,
  "pearson_r": -0.059741733681948996,
  "pearson_p": 0.8325023941275778,
  "n_train": 810,
  "n_test": 15,
  "n_features": 43,
  "elapsed_s": 100.3,
  "y_test": [
    24.0,
    -20.0,
    14.0,
    41.0,
    18.0,
    51.0,
    71.0,
    -56.0,
    34.0,
    95.0,
    -295.0,
    21.0,
    14.0,
    41.0,
    -79.0
  ],
  "y_pred": [
    -27.288251876831055,
    2.1674790382385254,
    -31.290159225463867,
    -22.544343948364258,
    -27.753896713256836,
    8.466160774230957,
    -207.71241760253906,
    -27.5081729888916,
    26.7556095123291,
    -41.87562561035156,
    -55.300437927246094,
    -19.323972702026367,
    7.622428894042969,
    -96.09855651855469,
    -37.627296447753906
  ],
  "test_smiles": [
    "O=C(O)c1ccccc1",
    "O=C(O)c1ccccc1C(=O)O",
    "O=C(O)c1ccccc1O",
    "O=C(O)c1ccccn1",
    "O=C(O)c1cccnc1",
    "O=C(O)c1cccnc1C(=O)O",
    "O=C1NC(=O)C([N+](=O)[O-])C(=O)N1",
    "O=C1O[C@H]([C@@H](O)CO)C(O)=C1O",
    "O=CO",
    "O=Cc1ccccc1O",
    "O=S(=O)([O-])c1cc(O)c(O)c(S(=O)(=O)[O-])c1.[Na+].[Na+]",
    "OCC(O)CO",
    "OC[C@H]1OC(O)[C@H](O)[C@@H](O)[C@@H]1O",
    "ON=Cc1ccccc1O",
    "S=c1[nH][nH]c(=S)s1"
  ]
}