{
  "alloy": "WE43",
  "fold": 4,
  "setting": "close_unfilt",
  "model": "GBR",
  "r2": 0.7623291324365884,
  "mae": 35.80077155385086,
  "pearson_r": 0.8853588522812574,
  "pearson_p": 1.1418039326046552e-05,
  "n_train": 899,
  "n_test": 15,
  "n_features": 2091,
  "elapsed_s": 99.8,
  "y_test": [
    24.0,
    -20.0,
    14.0,
    41.0,
    18.0,
    51.0,
    71.0,
    -56.0,
    34.0,
    95.0,
    -295.0,
    21.0,
    14.0,
    41.0,
    -79.0
  ],
  "y_pred": [
    43.768981667140785,
    43.77765670660334,
    30.644787097408663,
    58.5963058180594,
    50.72814491139511,
    48.646563961447356,
    16.499211115937058,
    9.498381978741328,
    27.5571903769942,
    54.93316960404631,
    -244.11786062493135,
    6.1398374921183665,
    6.282962123540584,
    -22.374906823110774,
    1.799203604318667
  ],
  "test_smiles": [
    "O=C(O)c1ccccc1",
    "O=C(O)c1ccccc1C(=O)O",
    "O=C(O)c1ccccc1O",
    "O=C(O)c1ccccn1",
    "O=C(O)c1cccnc1",
    "O=C(O)c1cccnc1C(=O)O",
    "O=C1NC(=O)C([N+](=O)[O-])C(=O)N1",
    "O=C1O[C@H]([C@@H](O)CO)C(O)=C1O",
    "O=CO",
    "O=Cc1ccccc1O",
    "O=S(=O)([O-])c1cc(O)c(O)c(S(=O)(=O)[O-])c1.[Na+].[Na+]",
    "OCC(O)CO",
    "OC[C@H]1OC(O)[C@H](O)[C@@H](O)[C@@H]1O",
    "ON=Cc1ccccc1O",
    "S=c1[nH][nH]c(=S)s1"
  ]
}