{
  "alloy": "WE43",
  "fold": 4,
  "setting": "exact",
  "model": "GBR",
  "r2": 0.024052565204611187,
  "mae": 58.15280332484627,
  "pearson_r": 0.31392228854857146,
  "pearson_p": 0.25451926869133557,
  "n_train": 60,
  "n_test": 15,
  "n_features": 2051,
  "elapsed_s": 9.6,
  "y_test": [
    24.0,
    -20.0,
    14.0,
    41.0,
    18.0,
    51.0,
    71.0,
    -56.0,
    34.0,
    95.0,
    -295.0,
    21.0,
    14.0,
    41.0,
    -79.0
  ],
  "y_pred": [
    -37.1844482729804,
    18.83297348482669,
    -16.053734075990448,
    50.37226186396425,
    32.16486955523492,
    59.508288351300486,
    -88.81916714076695,
    -73.06908916433368,
    8.053950686708193,
    -51.41656736530978,
    -64.84834311851125,
    0.7748428355367629,
    8.534508592479245,
    -52.811113231120316,
    -67.72881739989836
  ],
  "test_smiles": [
    "O=C(O)c1ccccc1",
    "O=C(O)c1ccccc1C(=O)O",
    "O=C(O)c1ccccc1O",
    "O=C(O)c1ccccn1",
    "O=C(O)c1cccnc1",
    "O=C(O)c1cccnc1C(=O)O",
    "O=C1NC(=O)C([N+](=O)[O-])C(=O)N1",
    "O=C1O[C@H]([C@@H](O)CO)C(O)=C1O",
    "O=CO",
    "O=Cc1ccccc1O",
    "O=S(=O)([O-])c1cc(O)c(O)c(S(=O)(=O)[O-])c1.[Na+].[Na+]",
    "OCC(O)CO",
    "OC[C@H]1OC(O)[C@H](O)[C@@H](O)[C@@H]1O",
    "ON=Cc1ccccc1O",
    "S=c1[nH][nH]c(=S)s1"
  ]
}