{
  "alloy": "WE43",
  "fold": 1,
  "setting": "far_unfilt",
  "model": "MLP",
  "r2": 0.41742423966033637,
  "mae": 69.14221734305222,
  "pearson_r": 0.6966465558951763,
  "pearson_p": 0.003905225463776821,
  "n_train": 4854,
  "n_test": 15,
  "n_features": 2096,
  "elapsed_s": 810.7,
  "y_test": [
    36.0,
    76.0,
    52.0,
    50.0,
    -7.0,
    -20.0,
    -61.0,
    -197.0,
    -255.0,
    -258.0,
    -142.0,
    23.0,
    43.0,
    -268.0,
    -134.0
  ],
  "y_pred": [
    38.176544189453125,
    52.31956481933594,
    63.64576721191406,
    -0.7085550427436829,
    -49.00425720214844,
    -73.42666625976562,
    -81.89071655273438,
    -146.2716064453125,
    -431.1517333984375,
    -52.71892166137695,
    -52.986671447753906,
    0.2278689593076706,
    7.535559177398682,
    -93.13340759277344,
    -55.6773796081543
  ],
  "test_smiles": [
    "Cc1ccc(C(=O)O)c(O)c1",
    "Cc1ccc(O)c(C(=O)O)c1",
    "Cc1cccc(C(=O)O)c1O",
    "Cc1cccc(C(=O)O)c1[N+](=O)[O-]",
    "Cc1cccc(O)c1O",
    "Cc1occc(=O)c1O",
    "Cl.Cl.NCCc1cnc[nH]1",
    "Cl.NCC(=O)NCC(=O)O",
    "NC(CO)(CO)CO",
    "NC(CS)C(=O)O",
    "NC(Cc1ccccc1)C(=O)O",
    "NC(N)=O",
    "NC(N)=S",
    "NCC(=O)O",
    "N[C@@H](CC(=O)O)C(=O)O"
  ]
}