{
  "alloy": "WE43",
  "fold": 2,
  "setting": "close_filt",
  "model": "RF",
  "r2": 0.20009419760400826,
  "mae": 70.818732,
  "pearson_r": 0.4491610874506236,
  "pearson_p": 0.0930411822293819,
  "n_train": 814,
  "n_test": 15,
  "n_features": 2091,
  "elapsed_s": 125.0,
  "y_test": [
    -228.0,
    50.0,
    33.0,
    52.0,
    -87.0,
    28.0,
    -296.0,
    52.0,
    -69.0,
    87.0,
    8.0,
    33.0,
    -10.0,
    -19.0,
    15.0
  ],
  "y_pred": [
    -103.15504666666666,
    -47.406510000000004,
    -38.299409999999995,
    -113.61938,
    -23.870540000000002,
    20.150460000000002,
    -72.24141999999999,
    -0.9973200000000003,
    28.691559999999996,
    27.117900000000006,
    27.605900000000005,
    26.604680000000002,
    -15.23182,
    14.24788,
    -18.321246666666667
  ],
  "test_smiles": [
    "N[C@@H](CCC(=O)O)C(=O)O",
    "Nc1ccc(C(=O)O)c(O)c1",
    "Nc1ccc(O)c(C(=O)O)c1",
    "Nc1nc2ncc(CNc3ccc(C(=O)NC(CCC(=O)O)C(=O)O)cc3)nc2c(=O)[nH]1",
    "Nc1ncn[nH]1",
    "O.O.O=C([O-])[C@H](O)CO.O=C([O-])[C@H](O)CO.[Ca+2]",
    "O.O=C(O)CN(CC(=O)O)[C@@H]1CCCC[C@H]1N(CC(=O)O)CC(=O)O",
    "O=C(CC(=O)C(F)(F)F)c1cccs1",
    "O=C(NO)c1ccccc1O",
    "O=C(O)/C=C/C(=O)O",
    "O=C(O)/C=C\\C(=O)O",
    "O=C(O)C(=O)O",
    "O=C(O)C(O)C(O)C(=O)O",
    "O=C(O)C(O)c1ccccc1",
    "O=C(O)C1(O)C[C@@H](O)C(O)[C@H](O)C1"
  ]
}