{
  "alloy": "WE43",
  "fold": 3,
  "setting": "exact",
  "model": "kNN_Tan",
  "r2": -0.3625224005439043,
  "mae": 137.9716473899665,
  "pearson_r": -0.11679179989590499,
  "pearson_p": 0.6784973265900974,
  "n_train": 60,
  "n_test": 15,
  "n_features": 2051,
  "elapsed_s": 0.0,
  "y_test": [
    -80.0,
    24.0,
    39.0,
    21.0,
    -296.0,
    -82.0,
    50.0,
    50.0,
    59.0,
    -131.0,
    66.0,
    83.0,
    -344.0,
    -281.0,
    62.0
  ],
  "y_pred": [
    -121.88683434007088,
    -140.83378659718466,
    -117.84361810441938,
    -95.9853057249152,
    -113.58690057718269,
    -142.9820449272306,
    -75.40603042734851,
    -115.02905239104167,
    -45.25475051605327,
    42.52825070338761,
    50.038844620994794,
    23.18748716268039,
    26.22279838206392,
    4.310555848211494,
    15.895084751572067
  ],
  "test_smiles": [
    "O=C(O)CC(O)(C(=O)O)C(=O)O",
    "O=C(O)CC(O)C(=O)O",
    "O=C(O)CCC(=O)O",
    "O=C(O)CCCCC(=O)O",
    "O=C(O)CN(CC(=O)O)CC(=O)O",
    "O=C(O)CN(CCO)CCO",
    "O=C(O)CO",
    "O=C(O)COCC(=O)O",
    "O=C(O)[C@H](O)[C@@H](O)[C@H](O[C@@H]1O[C@H](CO)[C@H](O)[C@H](O)[C@H]1O)[C@H](O)CO",
    "O=C(O)c1cc(S(=O)(=O)O)ccc1O",
    "O=C(O)c1cc([N+](=O)[O-])cc([N+](=O)[O-])c1O",
    "O=C(O)c1ccc(C(=O)O)nc1",
    "O=C(O)c1ccc(O)c(O)c1",
    "O=C(O)c1ccc(O)cc1",
    "O=C(O)c1ccc2ccccc2n1"
  ]
}