{
  "alloy": "WE43",
  "fold": 3,
  "setting": "close_unfilt",
  "model": "MLP",
  "r2": 0.8745319475087159,
  "mae": 25.97531572977702,
  "pearson_r": 0.9633491506328087,
  "pearson_p": 8.349314158684833e-09,
  "n_train": 899,
  "n_test": 15,
  "n_features": 2091,
  "elapsed_s": 344.2,
  "y_test": [
    -80.0,
    24.0,
    39.0,
    21.0,
    -296.0,
    -82.0,
    50.0,
    50.0,
    59.0,
    -131.0,
    66.0,
    83.0,
    -344.0,
    -281.0,
    62.0
  ],
  "y_pred": [
    -54.92631530761719,
    33.15632247924805,
    29.51926040649414,
    24.504507064819336,
    -271.9716491699219,
    -78.31981658935547,
    43.55585479736328,
    58.818607330322266,
    29.815439224243164,
    -146.29449462890625,
    18.292036056518555,
    69.03560638427734,
    -525.1651000976562,
    -284.26043701171875,
    53.13375473022461
  ],
  "test_smiles": [
    "O=C(O)CC(O)(C(=O)O)C(=O)O",
    "O=C(O)CC(O)C(=O)O",
    "O=C(O)CCC(=O)O",
    "O=C(O)CCCCC(=O)O",
    "O=C(O)CN(CC(=O)O)CC(=O)O",
    "O=C(O)CN(CCO)CCO",
    "O=C(O)CO",
    "O=C(O)COCC(=O)O",
    "O=C(O)[C@H](O)[C@@H](O)[C@H](O[C@@H]1O[C@H](CO)[C@H](O)[C@H](O)[C@H]1O)[C@H](O)CO",
    "O=C(O)c1cc(S(=O)(=O)O)ccc1O",
    "O=C(O)c1cc([N+](=O)[O-])cc([N+](=O)[O-])c1O",
    "O=C(O)c1ccc(C(=O)O)nc1",
    "O=C(O)c1ccc(O)c(O)c1",
    "O=C(O)c1ccc(O)cc1",
    "O=C(O)c1ccc2ccccc2n1"
  ]
}