{
  "alloy": "WE43",
  "fold": 4,
  "setting": "exact",
  "model": "kNN_Tan",
  "r2": -0.5921074465675247,
  "mae": 80.41198166564502,
  "pearson_r": 0.019351804234722925,
  "pearson_p": 0.945425289969417,
  "n_train": 60,
  "n_test": 15,
  "n_features": 2051,
  "elapsed_s": 0.0,
  "y_test": [
    24.0,
    -20.0,
    14.0,
    41.0,
    18.0,
    51.0,
    71.0,
    -56.0,
    34.0,
    95.0,
    -295.0,
    21.0,
    14.0,
    41.0,
    -79.0
  ],
  "y_pred": [
    -127.22966081886803,
    13.913225265739051,
    22.150765918428203,
    -10.972354967981637,
    -96.62541959013292,
    56.515673843062324,
    -80.01937662178358,
    -17.48135344069345,
    35.199583710745394,
    -138.70831850343305,
    -65.34983215663338,
    -30.449746173425034,
    7.857249345034091,
    -86.43461022565596,
    -80.64942428778095
  ],
  "test_smiles": [
    "O=C(O)c1ccccc1",
    "O=C(O)c1ccccc1C(=O)O",
    "O=C(O)c1ccccc1O",
    "O=C(O)c1ccccn1",
    "O=C(O)c1cccnc1",
    "O=C(O)c1cccnc1C(=O)O",
    "O=C1NC(=O)C([N+](=O)[O-])C(=O)N1",
    "O=C1O[C@H]([C@@H](O)CO)C(O)=C1O",
    "O=CO",
    "O=Cc1ccccc1O",
    "O=S(=O)([O-])c1cc(O)c(O)c(S(=O)(=O)[O-])c1.[Na+].[Na+]",
    "OCC(O)CO",
    "OC[C@H]1OC(O)[C@H](O)[C@@H](O)[C@@H]1O",
    "ON=Cc1ccccc1O",
    "S=c1[nH][nH]c(=S)s1"
  ]
}