{
  "alloy": "WE43",
  "fold": 1,
  "setting": "exact",
  "model": "ChemProp",
  "r2": -0.09508746011254665,
  "mae": 106.52397969563802,
  "pearson_r": 0.8561501837541744,
  "pearson_p": 4.639044797300761e-05,
  "n_train": 60,
  "n_test": 15,
  "n_features": 3,
  "elapsed_s": 14.8,
  "y_test": [
    36.0,
    76.0,
    52.0,
    50.0,
    -7.0,
    -20.0,
    -61.0,
    -197.0,
    -255.0,
    -258.0,
    -142.0,
    23.0,
    43.0,
    -268.0,
    -134.0
  ],
  "y_pred": [
    -32.29839324951172,
    -32.30016326904297,
    -32.293922424316406,
    -32.3060417175293,
    -32.273658752441406,
    -32.29233932495117,
    -32.450294494628906,
    -32.69361114501953,
    -32.99915313720703,
    -32.798377990722656,
    -32.39125061035156,
    -32.43415451049805,
    -32.46478271484375,
    -32.68740463256836,
    -32.783668518066406
  ],
  "test_smiles": [
    "Cc1ccc(C(=O)O)c(O)c1",
    "Cc1ccc(O)c(C(=O)O)c1",
    "Cc1cccc(C(=O)O)c1O",
    "Cc1cccc(C(=O)O)c1[N+](=O)[O-]",
    "Cc1cccc(O)c1O",
    "Cc1occc(=O)c1O",
    "Cl.Cl.NCCc1cnc[nH]1",
    "Cl.NCC(=O)NCC(=O)O",
    "NC(CO)(CO)CO",
    "NC(CS)C(=O)O",
    "NC(Cc1ccccc1)C(=O)O",
    "NC(N)=O",
    "NC(N)=S",
    "NCC(=O)O",
    "N[C@@H](CC(=O)O)C(=O)O"
  ]
}