{
  "alloy": "WE43",
  "fold": 1,
  "setting": "exact",
  "model": "RF",
  "r2": -0.3299539794833741,
  "mae": 98.01758666666666,
  "pearson_r": 0.1341324079931165,
  "pearson_p": 0.6336555646600256,
  "n_train": 60,
  "n_test": 15,
  "n_features": 2051,
  "elapsed_s": 11.3,
  "y_test": [
    36.0,
    76.0,
    52.0,
    50.0,
    -7.0,
    -20.0,
    -61.0,
    -197.0,
    -255.0,
    -258.0,
    -142.0,
    23.0,
    43.0,
    -268.0,
    -134.0
  ],
  "y_pred": [
    19.237799999999996,
    -12.606399999999999,
    15.1346,
    27.488000000000003,
    13.0302,
    3.3552,
    -17.3176,
    21.647799999999997,
    -7.185200000000001,
    -2.7074000000000003,
    5.969399999999999,
    16.1628,
    -3.9052000000000002,
    26.091199999999994,
    -134.89180000000002
  ],
  "test_smiles": [
    "Cc1ccc(C(=O)O)c(O)c1",
    "Cc1ccc(O)c(C(=O)O)c1",
    "Cc1cccc(C(=O)O)c1O",
    "Cc1cccc(C(=O)O)c1[N+](=O)[O-]",
    "Cc1cccc(O)c1O",
    "Cc1occc(=O)c1O",
    "Cl.Cl.NCCc1cnc[nH]1",
    "Cl.NCC(=O)NCC(=O)O",
    "NC(CO)(CO)CO",
    "NC(CS)C(=O)O",
    "NC(Cc1ccccc1)C(=O)O",
    "NC(N)=O",
    "NC(N)=S",
    "NCC(=O)O",
    "N[C@@H](CC(=O)O)C(=O)O"
  ]
}