{
  "alloy": "WE43",
  "fold": 1,
  "setting": "close_filt",
  "model": "kNN_Tan",
  "r2": -0.33246187414097506,
  "mae": 102.86989928673084,
  "pearson_r": 0.08210387628297572,
  "pearson_p": 0.7711345529970525,
  "n_train": 793,
  "n_test": 15,
  "n_features": 2091,
  "elapsed_s": 0.0,
  "y_test": [
    36.0,
    76.0,
    52.0,
    50.0,
    -7.0,
    -20.0,
    -61.0,
    -197.0,
    -255.0,
    -258.0,
    -142.0,
    23.0,
    43.0,
    -268.0,
    -134.0
  ],
  "y_pred": [
    59.000002692767495,
    1.3760000290570948,
    8.703999771728514,
    27.66770459752719,
    -18.872000332803097,
    -55.2959989647002,
    -39.3128657687223,
    10.551001309242574,
    29.478611379987232,
    -22.838344711789347,
    -8.842957686651978,
    7.868800020600596,
    -9.786937293247252,
    9.474609364975308,
    -28.79999945068356
  ],
  "test_smiles": [
    "Cc1ccc(C(=O)O)c(O)c1",
    "Cc1ccc(O)c(C(=O)O)c1",
    "Cc1cccc(C(=O)O)c1O",
    "Cc1cccc(C(=O)O)c1[N+](=O)[O-]",
    "Cc1cccc(O)c1O",
    "Cc1occc(=O)c1O",
    "Cl.Cl.NCCc1cnc[nH]1",
    "Cl.NCC(=O)NCC(=O)O",
    "NC(CO)(CO)CO",
    "NC(CS)C(=O)O",
    "NC(Cc1ccccc1)C(=O)O",
    "NC(N)=O",
    "NC(N)=S",
    "NCC(=O)O",
    "N[C@@H](CC(=O)O)C(=O)O"
  ]
}