{
  "alloy": "WE43",
  "fold": 1,
  "setting": "close_unfilt",
  "model": "RF",
  "r2": 0.5331708937115067,
  "mae": 64.88391111111112,
  "pearson_r": 0.8279621551167328,
  "pearson_p": 0.00013818446614628874,
  "n_train": 899,
  "n_test": 15,
  "n_features": 2091,
  "elapsed_s": 146.2,
  "y_test": [
    36.0,
    76.0,
    52.0,
    50.0,
    -7.0,
    -20.0,
    -61.0,
    -197.0,
    -255.0,
    -258.0,
    -142.0,
    23.0,
    43.0,
    -268.0,
    -134.0
  ],
  "y_pred": [
    30.346779999999995,
    25.534780000000005,
    36.72652666666666,
    19.89276,
    17.45590333333333,
    8.988419999999998,
    -83.21549999999998,
    -82.89369,
    -203.95082000000002,
    -50.3975,
    -42.65248,
    -21.770259999999997,
    -34.05156,
    -135.80766999999997,
    -64.01996999999999
  ],
  "test_smiles": [
    "Cc1ccc(C(=O)O)c(O)c1",
    "Cc1ccc(O)c(C(=O)O)c1",
    "Cc1cccc(C(=O)O)c1O",
    "Cc1cccc(C(=O)O)c1[N+](=O)[O-]",
    "Cc1cccc(O)c1O",
    "Cc1occc(=O)c1O",
    "Cl.Cl.NCCc1cnc[nH]1",
    "Cl.NCC(=O)NCC(=O)O",
    "NC(CO)(CO)CO",
    "NC(CS)C(=O)O",
    "NC(Cc1ccccc1)C(=O)O",
    "NC(N)=O",
    "NC(N)=S",
    "NCC(=O)O",
    "N[C@@H](CC(=O)O)C(=O)O"
  ]
}