{
  "alloy": "WE43",
  "fold": 4,
  "setting": "close_unfilt",
  "model": "RF",
  "r2": 0.5378602618224112,
  "mae": 45.17250707936508,
  "pearson_r": 0.795400907293421,
  "pearson_p": 0.0003920811779289442,
  "n_train": 899,
  "n_test": 15,
  "n_features": 2091,
  "elapsed_s": 145.6,
  "y_test": [
    24.0,
    -20.0,
    14.0,
    41.0,
    18.0,
    51.0,
    71.0,
    -56.0,
    34.0,
    95.0,
    -295.0,
    21.0,
    14.0,
    41.0,
    -79.0
  ],
  "y_pred": [
    15.937950000000006,
    39.9918,
    35.7694,
    49.225199999999994,
    36.73499999999999,
    50.84366000000001,
    0.21411333333333332,
    14.622219999999997,
    14.311679999999999,
    -0.15763999999999995,
    -140.37536000000003,
    0.9703023809523809,
    1.129152380952381,
    -15.944195238095238,
    -19.075630952380955
  ],
  "test_smiles": [
    "O=C(O)c1ccccc1",
    "O=C(O)c1ccccc1C(=O)O",
    "O=C(O)c1ccccc1O",
    "O=C(O)c1ccccn1",
    "O=C(O)c1cccnc1",
    "O=C(O)c1cccnc1C(=O)O",
    "O=C1NC(=O)C([N+](=O)[O-])C(=O)N1",
    "O=C1O[C@H]([C@@H](O)CO)C(O)=C1O",
    "O=CO",
    "O=Cc1ccccc1O",
    "O=S(=O)([O-])c1cc(O)c(O)c(S(=O)(=O)[O-])c1.[Na+].[Na+]",
    "OCC(O)CO",
    "OC[C@H]1OC(O)[C@H](O)[C@@H](O)[C@@H]1O",
    "ON=Cc1ccccc1O",
    "S=c1[nH][nH]c(=S)s1"
  ]
}