{
  "alloy": "WE43",
  "fold": 4,
  "setting": "far_filt",
  "model": "ChemProp",
  "r2": -0.545197842453123,
  "mae": 70.15491540431977,
  "pearson_r": -0.19128190178348675,
  "pearson_p": 0.4946638860392388,
  "n_train": 4710,
  "n_test": 15,
  "n_features": 48,
  "elapsed_s": 638.0,
  "y_test": [
    24.0,
    -20.0,
    14.0,
    41.0,
    18.0,
    51.0,
    71.0,
    -56.0,
    34.0,
    95.0,
    -295.0,
    21.0,
    14.0,
    41.0,
    -79.0
  ],
  "y_pred": [
    -5.032345771789551,
    -1.8058327436447144,
    -14.754343032836914,
    -14.247068405151367,
    -13.683514595031738,
    -4.030725002288818,
    -186.47840881347656,
    -21.65192222595215,
    10.060145378112793,
    -14.125679969787598,
    5.788978099822998,
    -6.425432205200195,
    7.677236080169678,
    -26.515703201293945,
    -71.5633316040039
  ],
  "test_smiles": [
    "O=C(O)c1ccccc1",
    "O=C(O)c1ccccc1C(=O)O",
    "O=C(O)c1ccccc1O",
    "O=C(O)c1ccccn1",
    "O=C(O)c1cccnc1",
    "O=C(O)c1cccnc1C(=O)O",
    "O=C1NC(=O)C([N+](=O)[O-])C(=O)N1",
    "O=C1O[C@H]([C@@H](O)CO)C(O)=C1O",
    "O=CO",
    "O=Cc1ccccc1O",
    "O=S(=O)([O-])c1cc(O)c(O)c(S(=O)(=O)[O-])c1.[Na+].[Na+]",
    "OCC(O)CO",
    "OC[C@H]1OC(O)[C@H](O)[C@@H](O)[C@@H]1O",
    "ON=Cc1ccccc1O",
    "S=c1[nH][nH]c(=S)s1"
  ]
}