{
  "alloy": "WE43",
  "fold": 3,
  "setting": "close_filt",
  "model": "MLP",
  "r2": -0.049116037371556676,
  "mae": 122.44967603683472,
  "pearson_r": 0.005724160071481896,
  "pearson_p": 0.9838469781132198,
  "n_train": 795,
  "n_test": 15,
  "n_features": 2091,
  "elapsed_s": 158.3,
  "y_test": [
    -80.0,
    24.0,
    39.0,
    21.0,
    -296.0,
    -82.0,
    50.0,
    50.0,
    59.0,
    -131.0,
    66.0,
    83.0,
    -344.0,
    -281.0,
    62.0
  ],
  "y_pred": [
    -63.082881927490234,
    -67.6889877319336,
    -42.711116790771484,
    -56.803836822509766,
    -99.9845199584961,
    -17.619182586669922,
    -98.53916931152344,
    -56.7359504699707,
    -71.73107147216797,
    -31.639179229736328,
    -31.98150062561035,
    -6.079794406890869,
    -25.841432571411133,
    -12.512982368469238,
    12.846108436584473
  ],
  "test_smiles": [
    "O=C(O)CC(O)(C(=O)O)C(=O)O",
    "O=C(O)CC(O)C(=O)O",
    "O=C(O)CCC(=O)O",
    "O=C(O)CCCCC(=O)O",
    "O=C(O)CN(CC(=O)O)CC(=O)O",
    "O=C(O)CN(CCO)CCO",
    "O=C(O)CO",
    "O=C(O)COCC(=O)O",
    "O=C(O)[C@H](O)[C@@H](O)[C@H](O[C@@H]1O[C@H](CO)[C@H](O)[C@H](O)[C@H]1O)[C@H](O)CO",
    "O=C(O)c1cc(S(=O)(=O)O)ccc1O",
    "O=C(O)c1cc([N+](=O)[O-])cc([N+](=O)[O-])c1O",
    "O=C(O)c1ccc(C(=O)O)nc1",
    "O=C(O)c1ccc(O)c(O)c1",
    "O=C(O)c1ccc(O)cc1",
    "O=C(O)c1ccc2ccccc2n1"
  ]
}