{
  "alloy": "WE43",
  "fold": 2,
  "setting": "far_filt",
  "model": "MLP",
  "r2": 0.13574810729909847,
  "mae": 64.75581048329671,
  "pearson_r": 0.5995533054567104,
  "pearson_p": 0.018158622678186076,
  "n_train": 4753,
  "n_test": 15,
  "n_features": 2096,
  "elapsed_s": 638.1,
  "y_test": [
    -228.0,
    50.0,
    33.0,
    52.0,
    -87.0,
    28.0,
    -296.0,
    52.0,
    -69.0,
    87.0,
    8.0,
    33.0,
    -10.0,
    -19.0,
    15.0
  ],
  "y_pred": [
    -19.25390625,
    2.9050817489624023,
    11.191105842590332,
    44.95051574707031,
    14.75840950012207,
    1.4811196327209473,
    -40.127288818359375,
    18.547456741333008,
    -7.2127509117126465,
    -9.187277793884277,
    -3.2586655616760254,
    -13.456395149230957,
    -16.349506378173828,
    17.267169952392578,
    4.271041393280029
  ],
  "test_smiles": [
    "N[C@@H](CCC(=O)O)C(=O)O",
    "Nc1ccc(C(=O)O)c(O)c1",
    "Nc1ccc(O)c(C(=O)O)c1",
    "Nc1nc2ncc(CNc3ccc(C(=O)NC(CCC(=O)O)C(=O)O)cc3)nc2c(=O)[nH]1",
    "Nc1ncn[nH]1",
    "O.O.O=C([O-])[C@H](O)CO.O=C([O-])[C@H](O)CO.[Ca+2]",
    "O.O=C(O)CN(CC(=O)O)[C@@H]1CCCC[C@H]1N(CC(=O)O)CC(=O)O",
    "O=C(CC(=O)C(F)(F)F)c1cccs1",
    "O=C(NO)c1ccccc1O",
    "O=C(O)/C=C/C(=O)O",
    "O=C(O)/C=C\\C(=O)O",
    "O=C(O)C(=O)O",
    "O=C(O)C(O)C(O)C(=O)O",
    "O=C(O)C(O)c1ccccc1",
    "O=C(O)C1(O)C[C@@H](O)C(O)[C@H](O)C1"
  ]
}