{
  "alloy": "WE43",
  "fold": 2,
  "setting": "far_filt",
  "model": "ChemProp",
  "r2": 0.3981131551236552,
  "mae": 57.28371325135231,
  "pearson_r": 0.7371848041676996,
  "pearson_p": 0.0017135126194452064,
  "n_train": 4753,
  "n_test": 15,
  "n_features": 48,
  "elapsed_s": 588.6,
  "y_test": [
    -228.0,
    50.0,
    33.0,
    52.0,
    -87.0,
    28.0,
    -296.0,
    52.0,
    -69.0,
    87.0,
    8.0,
    33.0,
    -10.0,
    -19.0,
    15.0
  ],
  "y_pred": [
    -56.678932189941406,
    -8.203051567077637,
    -8.26176929473877,
    -13.495627403259277,
    -94.78101348876953,
    0.19230785965919495,
    -103.40496063232422,
    -61.35529708862305,
    -17.514665603637695,
    15.604856491088867,
    17.598724365234375,
    13.531230926513672,
    -24.48521614074707,
    -25.402482986450195,
    6.400529861450195
  ],
  "test_smiles": [
    "N[C@@H](CCC(=O)O)C(=O)O",
    "Nc1ccc(C(=O)O)c(O)c1",
    "Nc1ccc(O)c(C(=O)O)c1",
    "Nc1nc2ncc(CNc3ccc(C(=O)NC(CCC(=O)O)C(=O)O)cc3)nc2c(=O)[nH]1",
    "Nc1ncn[nH]1",
    "O.O.O=C([O-])[C@H](O)CO.O=C([O-])[C@H](O)CO.[Ca+2]",
    "O.O=C(O)CN(CC(=O)O)[C@@H]1CCCC[C@H]1N(CC(=O)O)CC(=O)O",
    "O=C(CC(=O)C(F)(F)F)c1cccs1",
    "O=C(NO)c1ccccc1O",
    "O=C(O)/C=C/C(=O)O",
    "O=C(O)/C=C\\C(=O)O",
    "O=C(O)C(=O)O",
    "O=C(O)C(O)C(O)C(=O)O",
    "O=C(O)C(O)c1ccccc1",
    "O=C(O)C1(O)C[C@@H](O)C(O)[C@H](O)C1"
  ]
}