{
  "alloy": "WE43",
  "fold": 4,
  "setting": "close_filt",
  "model": "GBR",
  "r2": 0.11815315930835346,
  "mae": 56.47778732720177,
  "pearson_r": 0.3488336341355308,
  "pearson_p": 0.2025536698791752,
  "n_train": 810,
  "n_test": 15,
  "n_features": 2091,
  "elapsed_s": 82.4,
  "y_test": [
    24.0,
    -20.0,
    14.0,
    41.0,
    18.0,
    51.0,
    71.0,
    -56.0,
    34.0,
    95.0,
    -295.0,
    21.0,
    14.0,
    41.0,
    -79.0
  ],
  "y_pred": [
    29.48843173098278,
    37.77644984152661,
    14.043329973533845,
    58.89051301022677,
    46.61743196394609,
    41.0700124505931,
    -46.811149625530405,
    1.583442318476984,
    0.5222548477766327,
    -22.101929215992765,
    -46.222224909426885,
    -8.9458509354341,
    -1.6508425536250484,
    -20.777990178938044,
    -33.70605923239032
  ],
  "test_smiles": [
    "O=C(O)c1ccccc1",
    "O=C(O)c1ccccc1C(=O)O",
    "O=C(O)c1ccccc1O",
    "O=C(O)c1ccccn1",
    "O=C(O)c1cccnc1",
    "O=C(O)c1cccnc1C(=O)O",
    "O=C1NC(=O)C([N+](=O)[O-])C(=O)N1",
    "O=C1O[C@H]([C@@H](O)CO)C(O)=C1O",
    "O=CO",
    "O=Cc1ccccc1O",
    "O=S(=O)([O-])c1cc(O)c(O)c(S(=O)(=O)[O-])c1.[Na+].[Na+]",
    "OCC(O)CO",
    "OC[C@H]1OC(O)[C@H](O)[C@@H](O)[C@@H]1O",
    "ON=Cc1ccccc1O",
    "S=c1[nH][nH]c(=S)s1"
  ]
}