{
  "alloy": "WE43",
  "fold": 2,
  "setting": "close_filt",
  "model": "kNN_Tan",
  "r2": -0.73294064623205,
  "mae": 87.22525812022822,
  "pearson_r": 0.7271689456893691,
  "pearson_p": 0.0021275908504719276,
  "n_train": 814,
  "n_test": 15,
  "n_features": 2091,
  "elapsed_s": 0.0,
  "y_test": [
    -228.0,
    50.0,
    33.0,
    52.0,
    -87.0,
    28.0,
    -296.0,
    52.0,
    -69.0,
    87.0,
    8.0,
    33.0,
    -10.0,
    -19.0,
    15.0
  ],
  "y_pred": [
    -50.44155257467366,
    -2.4720001128223927,
    69.36000316559917,
    56.35494734675258,
    -418.37599160449207,
    9.1039998372078,
    -616.591972867624,
    -100.42775050447544,
    -22.215999999999998,
    10.19999982571603,
    10.519999820248296,
    6.169475512454064,
    -2.2879999399948114,
    17.584000276148416,
    -2.11123379530712
  ],
  "test_smiles": [
    "N[C@@H](CCC(=O)O)C(=O)O",
    "Nc1ccc(C(=O)O)c(O)c1",
    "Nc1ccc(O)c(C(=O)O)c1",
    "Nc1nc2ncc(CNc3ccc(C(=O)NC(CCC(=O)O)C(=O)O)cc3)nc2c(=O)[nH]1",
    "Nc1ncn[nH]1",
    "O.O.O=C([O-])[C@H](O)CO.O=C([O-])[C@H](O)CO.[Ca+2]",
    "O.O=C(O)CN(CC(=O)O)[C@@H]1CCCC[C@H]1N(CC(=O)O)CC(=O)O",
    "O=C(CC(=O)C(F)(F)F)c1cccs1",
    "O=C(NO)c1ccccc1O",
    "O=C(O)/C=C/C(=O)O",
    "O=C(O)/C=C\\C(=O)O",
    "O=C(O)C(=O)O",
    "O=C(O)C(O)C(O)C(=O)O",
    "O=C(O)C(O)c1ccccc1",
    "O=C(O)C1(O)C[C@@H](O)C(O)[C@H](O)C1"
  ]
}