{
  "alloy": "WE43",
  "fold": 3,
  "setting": "far_filt",
  "model": "kNN_Tan",
  "r2": -0.18886638661265498,
  "mae": 113.46452280796053,
  "pearson_r": 0.15962213354775184,
  "pearson_p": 0.5698683207058178,
  "n_train": 4720,
  "n_test": 15,
  "n_features": 2096,
  "elapsed_s": 0.1,
  "y_test": [
    -80.0,
    24.0,
    39.0,
    21.0,
    -296.0,
    -82.0,
    50.0,
    50.0,
    59.0,
    -131.0,
    66.0,
    83.0,
    -344.0,
    -281.0,
    62.0
  ],
  "y_pred": [
    31.63199950141272,
    -48.16244632974721,
    55.72399898143456,
    72.8079990741986,
    -123.87199812955232,
    -59.52241181855175,
    -60.205746785200084,
    -61.91663981818014,
    4.84368283273097,
    48.00000228092608,
    24.39125584696553,
    36.687998975339674,
    47.93235357023591,
    21.992000493974203,
    78.91200288723874
  ],
  "test_smiles": [
    "O=C(O)CC(O)(C(=O)O)C(=O)O",
    "O=C(O)CC(O)C(=O)O",
    "O=C(O)CCC(=O)O",
    "O=C(O)CCCCC(=O)O",
    "O=C(O)CN(CC(=O)O)CC(=O)O",
    "O=C(O)CN(CCO)CCO",
    "O=C(O)CO",
    "O=C(O)COCC(=O)O",
    "O=C(O)[C@H](O)[C@@H](O)[C@H](O[C@@H]1O[C@H](CO)[C@H](O)[C@H](O)[C@H]1O)[C@H](O)CO",
    "O=C(O)c1cc(S(=O)(=O)O)ccc1O",
    "O=C(O)c1cc([N+](=O)[O-])cc([N+](=O)[O-])c1O",
    "O=C(O)c1ccc(C(=O)O)nc1",
    "O=C(O)c1ccc(O)c(O)c1",
    "O=C(O)c1ccc(O)cc1",
    "O=C(O)c1ccc2ccccc2n1"
  ]
}