{
  "alloy": "WE43",
  "fold": 4,
  "setting": "exact",
  "model": "RF",
  "r2": 0.0839854313442413,
  "mae": 51.13760000000001,
  "pearson_r": 0.29916428613784285,
  "pearson_p": 0.2787228631374204,
  "n_train": 60,
  "n_test": 15,
  "n_features": 2051,
  "elapsed_s": 10.8,
  "y_test": [
    24.0,
    -20.0,
    14.0,
    41.0,
    18.0,
    51.0,
    71.0,
    -56.0,
    34.0,
    95.0,
    -295.0,
    21.0,
    14.0,
    41.0,
    -79.0
  ],
  "y_pred": [
    -5.2463999999999995,
    39.5068,
    19.793800000000005,
    42.635600000000004,
    23.7408,
    52.41600000000001,
    -58.824000000000005,
    -42.56180000000001,
    9.5594,
    -6.5086,
    -25.8502,
    -17.5488,
    1.0634000000000001,
    -10.014,
    -56.136
  ],
  "test_smiles": [
    "O=C(O)c1ccccc1",
    "O=C(O)c1ccccc1C(=O)O",
    "O=C(O)c1ccccc1O",
    "O=C(O)c1ccccn1",
    "O=C(O)c1cccnc1",
    "O=C(O)c1cccnc1C(=O)O",
    "O=C1NC(=O)C([N+](=O)[O-])C(=O)N1",
    "O=C1O[C@H]([C@@H](O)CO)C(O)=C1O",
    "O=CO",
    "O=Cc1ccccc1O",
    "O=S(=O)([O-])c1cc(O)c(O)c(S(=O)(=O)[O-])c1.[Na+].[Na+]",
    "OCC(O)CO",
    "OC[C@H]1OC(O)[C@H](O)[C@@H](O)[C@@H]1O",
    "ON=Cc1ccccc1O",
    "S=c1[nH][nH]c(=S)s1"
  ]
}