{
  "alloy": "WE43",
  "fold": 0,
  "setting": "exact",
  "model": "MLP",
  "r2": -0.1917391428344879,
  "mae": 71.4375973870357,
  "pearson_r": -0.06795223710791799,
  "pearson_p": 0.809847191536405,
  "n_train": 60,
  "n_test": 15,
  "n_features": 2051,
  "elapsed_s": 16.4,
  "y_test": [
    23.0,
    -119.0,
    -18.0,
    -18.0,
    10.0,
    -159.0,
    -221.0,
    -162.0,
    19.0,
    -13.0,
    49.0,
    -113.0,
    -69.0,
    -23.0,
    8.0
  ],
  "y_pred": [
    -23.939462661743164,
    -42.55013656616211,
    -48.139808654785156,
    -68.98492431640625,
    -74.69528198242188,
    -46.410972595214844,
    -28.006258010864258,
    -66.1060562133789,
    -59.237125396728516,
    -36.46303176879883,
    -87.82945251464844,
    -124.45710754394531,
    -0.15575622022151947,
    -18.891019821166992,
    -49.937965393066406
  ],
  "test_smiles": [
    "C/C(=C/C(=O)O)C(=O)O",
    "C1CNCCN1",
    "C1N2CN3CN1CN(C2)C3",
    "CC(C)(C)c1ccc(C(=O)O)cc1",
    "CC(C)(CO)[C@@H](O)C(=O)NCCCO",
    "CC(O)C(=O)O",
    "CC1(C)NC(=O)NC1=O",
    "CC1(C)S[C@@H]2[C@H](NC(=O)Cc3ccccc3)C(=O)N2[C@H]1C(=O)[O-].[Na+]",
    "CCC(=O)O",
    "CCCCCCCCCCCCCCCCCC(=O)[O-].[Na+]",
    "CCCCCCCCCCCCc1ccc(S(=O)(=O)O)cc1",
    "CCCC[C@H](N)C(=O)O",
    "CNC1C(OC2C(OC3C(O)C(O)C(N=C(N)N)C(O)C3N=C(N)N)OC(C)C2(O)C=O)OC(CO)C(O)C1O",
    "COC(=O)NC1C(OC2C(CO)OC(OC3C(CO)OC(O)C(N)C3O)C(N)C2O)OC(CO)C(OC2OC(CO)C(OC3OC(CO)C(OC4OC(CO)C(OC5OC(CO)C(OC6OC(CO)C(OC7OC(CO)C(O)C(O)C7N)C(O)C6N)C(O)C5N)C(O)C4N)C(O)C3N)C(O)C2N)C1O",
    "Cc1cc(C)[nH]n1"
  ]
}