{
  "alloy": "WE43",
  "fold": 0,
  "setting": "close_filt",
  "model": "MLP",
  "r2": -0.13812462646330936,
  "mae": 73.33999773661296,
  "pearson_r": -0.03634409749498626,
  "pearson_p": 0.8976822722283897,
  "n_train": 814,
  "n_test": 15,
  "n_features": 2091,
  "elapsed_s": 184.9,
  "y_test": [
    23.0,
    -119.0,
    -18.0,
    -18.0,
    10.0,
    -159.0,
    -221.0,
    -162.0,
    19.0,
    -13.0,
    49.0,
    -113.0,
    -69.0,
    -23.0,
    8.0
  ],
  "y_pred": [
    -27.00417709350586,
    -75.2502212524414,
    -67.70294952392578,
    -71.91019439697266,
    -81.85694122314453,
    -31.017778396606445,
    -56.0943489074707,
    -99.09971618652344,
    -74.48052978515625,
    -45.53395462036133,
    -60.957279205322266,
    -85.27729797363281,
    -61.93809509277344,
    -92.62014770507812,
    -106.71125030517578
  ],
  "test_smiles": [
    "C/C(=C/C(=O)O)C(=O)O",
    "C1CNCCN1",
    "C1N2CN3CN1CN(C2)C3",
    "CC(C)(C)c1ccc(C(=O)O)cc1",
    "CC(C)(CO)[C@@H](O)C(=O)NCCCO",
    "CC(O)C(=O)O",
    "CC1(C)NC(=O)NC1=O",
    "CC1(C)S[C@@H]2[C@H](NC(=O)Cc3ccccc3)C(=O)N2[C@H]1C(=O)[O-].[Na+]",
    "CCC(=O)O",
    "CCCCCCCCCCCCCCCCCC(=O)[O-].[Na+]",
    "CCCCCCCCCCCCc1ccc(S(=O)(=O)O)cc1",
    "CCCC[C@H](N)C(=O)O",
    "CNC1C(OC2C(OC3C(O)C(O)C(N=C(N)N)C(O)C3N=C(N)N)OC(C)C2(O)C=O)OC(CO)C(O)C1O",
    "COC(=O)NC1C(OC2C(CO)OC(OC3C(CO)OC(O)C(N)C3O)C(N)C2O)OC(CO)C(OC2OC(CO)C(OC3OC(CO)C(OC4OC(CO)C(OC5OC(CO)C(OC6OC(CO)C(OC7OC(CO)C(O)C(O)C7N)C(O)C6N)C(O)C5N)C(O)C4N)C(O)C3N)C(O)C2N)C1O",
    "Cc1cc(C)[nH]n1"
  ]
}