{
  "alloy": "WE43",
  "fold": 1,
  "setting": "far_filt",
  "model": "MLP",
  "r2": -0.33888929803920975,
  "mae": 107.53381179173788,
  "pearson_r": 0.2348451622460264,
  "pearson_p": 0.399496122458174,
  "n_train": 4699,
  "n_test": 15,
  "n_features": 2096,
  "elapsed_s": 665.7,
  "y_test": [
    36.0,
    76.0,
    52.0,
    50.0,
    -7.0,
    -20.0,
    -61.0,
    -197.0,
    -255.0,
    -258.0,
    -142.0,
    23.0,
    43.0,
    -268.0,
    -134.0
  ],
  "y_pred": [
    21.76683807373047,
    11.16181755065918,
    15.947347640991211,
    23.949148178100586,
    11.548615455627441,
    -28.345762252807617,
    23.13738250732422,
    12.09006118774414,
    -11.13014030456543,
    -9.705238342285156,
    17.422771453857422,
    -13.336413383483887,
    -10.893157005310059,
    -1.7606806755065918,
    9.654224395751953
  ],
  "test_smiles": [
    "Cc1ccc(C(=O)O)c(O)c1",
    "Cc1ccc(O)c(C(=O)O)c1",
    "Cc1cccc(C(=O)O)c1O",
    "Cc1cccc(C(=O)O)c1[N+](=O)[O-]",
    "Cc1cccc(O)c1O",
    "Cc1occc(=O)c1O",
    "Cl.Cl.NCCc1cnc[nH]1",
    "Cl.NCC(=O)NCC(=O)O",
    "NC(CO)(CO)CO",
    "NC(CS)C(=O)O",
    "NC(Cc1ccccc1)C(=O)O",
    "NC(N)=O",
    "NC(N)=S",
    "NCC(=O)O",
    "N[C@@H](CC(=O)O)C(=O)O"
  ]
}