{
  "alloy": "WE43",
  "fold": 1,
  "setting": "exact",
  "model": "MLP",
  "r2": 0.032556085936451096,
  "mae": 100.14093313217163,
  "pearson_r": 0.40806937422875056,
  "pearson_p": 0.13105010755349883,
  "n_train": 60,
  "n_test": 15,
  "n_features": 2051,
  "elapsed_s": 18.5,
  "y_test": [
    36.0,
    76.0,
    52.0,
    50.0,
    -7.0,
    -20.0,
    -61.0,
    -197.0,
    -255.0,
    -258.0,
    -142.0,
    23.0,
    43.0,
    -268.0,
    -134.0
  ],
  "y_pred": [
    -7.661165714263916,
    -54.65668869018555,
    -23.2381534576416,
    -8.178722381591797,
    -27.287019729614258,
    -48.068599700927734,
    -42.541107177734375,
    -46.55997085571289,
    -44.80463409423828,
    -58.170372009277344,
    -38.300132751464844,
    -47.980560302734375,
    -56.6893310546875,
    -44.823570251464844,
    -64.44645690917969
  ],
  "test_smiles": [
    "Cc1ccc(C(=O)O)c(O)c1",
    "Cc1ccc(O)c(C(=O)O)c1",
    "Cc1cccc(C(=O)O)c1O",
    "Cc1cccc(C(=O)O)c1[N+](=O)[O-]",
    "Cc1cccc(O)c1O",
    "Cc1occc(=O)c1O",
    "Cl.Cl.NCCc1cnc[nH]1",
    "Cl.NCC(=O)NCC(=O)O",
    "NC(CO)(CO)CO",
    "NC(CS)C(=O)O",
    "NC(Cc1ccccc1)C(=O)O",
    "NC(N)=O",
    "NC(N)=S",
    "NCC(=O)O",
    "N[C@@H](CC(=O)O)C(=O)O"
  ]
}