{
  "alloy": "WE43",
  "fold": 3,
  "setting": "close_filt",
  "model": "RF",
  "r2": -0.16167469586490246,
  "mae": 112.903118,
  "pearson_r": -0.020740312743905448,
  "pearson_p": 0.9415154748988955,
  "n_train": 795,
  "n_test": 15,
  "n_features": 2091,
  "elapsed_s": 120.9,
  "y_test": [
    -80.0,
    24.0,
    39.0,
    21.0,
    -296.0,
    -82.0,
    50.0,
    50.0,
    59.0,
    -131.0,
    66.0,
    83.0,
    -344.0,
    -281.0,
    62.0
  ],
  "y_pred": [
    -24.489100000000004,
    -41.17106,
    -25.3158,
    -27.3486,
    -88.75404,
    -95.42743999999999,
    -24.282279999999997,
    -25.950519999999997,
    -26.664036666666664,
    39.934233333333324,
    13.25743,
    28.89738666666667,
    36.73766666666667,
    27.12121666666667,
    25.008126666666666
  ],
  "test_smiles": [
    "O=C(O)CC(O)(C(=O)O)C(=O)O",
    "O=C(O)CC(O)C(=O)O",
    "O=C(O)CCC(=O)O",
    "O=C(O)CCCCC(=O)O",
    "O=C(O)CN(CC(=O)O)CC(=O)O",
    "O=C(O)CN(CCO)CCO",
    "O=C(O)CO",
    "O=C(O)COCC(=O)O",
    "O=C(O)[C@H](O)[C@@H](O)[C@H](O[C@@H]1O[C@H](CO)[C@H](O)[C@H](O)[C@H]1O)[C@H](O)CO",
    "O=C(O)c1cc(S(=O)(=O)O)ccc1O",
    "O=C(O)c1cc([N+](=O)[O-])cc([N+](=O)[O-])c1O",
    "O=C(O)c1ccc(C(=O)O)nc1",
    "O=C(O)c1ccc(O)c(O)c1",
    "O=C(O)c1ccc(O)cc1",
    "O=C(O)c1ccc2ccccc2n1"
  ]
}