{
  "alloy": "WE43",
  "fold": 4,
  "setting": "far_filt",
  "model": "RF",
  "r2": 0.05087941978919519,
  "mae": 56.19793206349206,
  "pearson_r": 0.2715434113708764,
  "pearson_p": 0.3275765991259488,
  "n_train": 4710,
  "n_test": 15,
  "n_features": 2096,
  "elapsed_s": 1429.3,
  "y_test": [
    24.0,
    -20.0,
    14.0,
    41.0,
    18.0,
    51.0,
    71.0,
    -56.0,
    34.0,
    95.0,
    -295.0,
    21.0,
    14.0,
    41.0,
    -79.0
  ],
  "y_pred": [
    -7.42599380952381,
    43.55292047619047,
    31.783307142857147,
    52.131776666666674,
    50.98004952380952,
    54.27907619047621,
    -33.522526666666664,
    0.4227000000000001,
    15.828793333333333,
    -3.9008399999999996,
    -17.29994,
    0.9393333333333334,
    8.93274,
    -4.679819999999999,
    -22.70922285714286
  ],
  "test_smiles": [
    "O=C(O)c1ccccc1",
    "O=C(O)c1ccccc1C(=O)O",
    "O=C(O)c1ccccc1O",
    "O=C(O)c1ccccn1",
    "O=C(O)c1cccnc1",
    "O=C(O)c1cccnc1C(=O)O",
    "O=C1NC(=O)C([N+](=O)[O-])C(=O)N1",
    "O=C1O[C@H]([C@@H](O)CO)C(O)=C1O",
    "O=CO",
    "O=Cc1ccccc1O",
    "O=S(=O)([O-])c1cc(O)c(O)c(S(=O)(=O)[O-])c1.[Na+].[Na+]",
    "OCC(O)CO",
    "OC[C@H]1OC(O)[C@H](O)[C@@H](O)[C@@H]1O",
    "ON=Cc1ccccc1O",
    "S=c1[nH][nH]c(=S)s1"
  ]
}