{
  "alloy": "WE43",
  "fold": 3,
  "setting": "far_unfilt",
  "model": "kNN_Tan",
  "r2": -0.5034501017571593,
  "mae": 94.60106666666667,
  "pearson_r": 0.9395879329885698,
  "pearson_p": 2.029227529203333e-07,
  "n_train": 4854,
  "n_test": 15,
  "n_features": 2096,
  "elapsed_s": 0.1,
  "y_test": [
    -80.0,
    24.0,
    39.0,
    21.0,
    -296.0,
    -82.0,
    50.0,
    50.0,
    59.0,
    -131.0,
    66.0,
    83.0,
    -344.0,
    -281.0,
    62.0
  ],
  "y_pred": [
    7.808000000000001,
    27.375999999999998,
    38.792,
    5.744000000000001,
    -647.6399999999999,
    -250.80800000000008,
    46.152,
    48.336000000000006,
    20.60000000000001,
    -228.1999999999999,
    17.376,
    79.73600000000003,
    -869.9040000000001,
    -353.472,
    62.544000000000025
  ],
  "test_smiles": [
    "O=C(O)CC(O)(C(=O)O)C(=O)O",
    "O=C(O)CC(O)C(=O)O",
    "O=C(O)CCC(=O)O",
    "O=C(O)CCCCC(=O)O",
    "O=C(O)CN(CC(=O)O)CC(=O)O",
    "O=C(O)CN(CCO)CCO",
    "O=C(O)CO",
    "O=C(O)COCC(=O)O",
    "O=C(O)[C@H](O)[C@@H](O)[C@H](O[C@@H]1O[C@H](CO)[C@H](O)[C@H](O)[C@H]1O)[C@H](O)CO",
    "O=C(O)c1cc(S(=O)(=O)O)ccc1O",
    "O=C(O)c1cc([N+](=O)[O-])cc([N+](=O)[O-])c1O",
    "O=C(O)c1ccc(C(=O)O)nc1",
    "O=C(O)c1ccc(O)c(O)c1",
    "O=C(O)c1ccc(O)cc1",
    "O=C(O)c1ccc2ccccc2n1"
  ]
}