{
  "alloy": "WE43",
  "fold": 2,
  "setting": "close_filt",
  "model": "ChemProp",
  "r2": 0.2333941893868583,
  "mae": 64.72518469492594,
  "pearson_r": 0.48603815895303937,
  "pearson_p": 0.06621847670155069,
  "n_train": 814,
  "n_test": 15,
  "n_features": 43,
  "elapsed_s": 99.2,
  "y_test": [
    -228.0,
    50.0,
    33.0,
    52.0,
    -87.0,
    28.0,
    -296.0,
    52.0,
    -69.0,
    87.0,
    8.0,
    33.0,
    -10.0,
    -19.0,
    15.0
  ],
  "y_pred": [
    -31.296470642089844,
    -14.067684173583984,
    -15.466028213500977,
    -20.281049728393555,
    -163.7025909423828,
    4.143251419067383,
    -60.33378219604492,
    -16.238155364990234,
    -25.871675491333008,
    23.684200286865234,
    25.019336700439453,
    38.08143997192383,
    -9.774666786193848,
    -39.74932861328125,
    -20.376203536987305
  ],
  "test_smiles": [
    "N[C@@H](CCC(=O)O)C(=O)O",
    "Nc1ccc(C(=O)O)c(O)c1",
    "Nc1ccc(O)c(C(=O)O)c1",
    "Nc1nc2ncc(CNc3ccc(C(=O)NC(CCC(=O)O)C(=O)O)cc3)nc2c(=O)[nH]1",
    "Nc1ncn[nH]1",
    "O.O.O=C([O-])[C@H](O)CO.O=C([O-])[C@H](O)CO.[Ca+2]",
    "O.O=C(O)CN(CC(=O)O)[C@@H]1CCCC[C@H]1N(CC(=O)O)CC(=O)O",
    "O=C(CC(=O)C(F)(F)F)c1cccs1",
    "O=C(NO)c1ccccc1O",
    "O=C(O)/C=C/C(=O)O",
    "O=C(O)/C=C\\C(=O)O",
    "O=C(O)C(=O)O",
    "O=C(O)C(O)C(O)C(=O)O",
    "O=C(O)C(O)c1ccccc1",
    "O=C(O)C1(O)C[C@@H](O)C(O)[C@H](O)C1"
  ]
}