{
  "alloy": "WE43",
  "fold": 3,
  "setting": "close_unfilt",
  "model": "ChemProp",
  "r2": 0.27765936969621874,
  "mae": 82.85496695836385,
  "pearson_r": 0.8229223595079095,
  "pearson_p": 0.0001645757252712006,
  "n_train": 899,
  "n_test": 15,
  "n_features": 43,
  "elapsed_s": 102.0,
  "y_test": [
    -80.0,
    24.0,
    39.0,
    21.0,
    -296.0,
    -82.0,
    50.0,
    50.0,
    59.0,
    -131.0,
    66.0,
    83.0,
    -344.0,
    -281.0,
    62.0
  ],
  "y_pred": [
    -19.257097244262695,
    9.372200965881348,
    18.90082359313965,
    10.556482315063477,
    -90.05885314941406,
    -49.150272369384766,
    24.076358795166016,
    16.308879852294922,
    23.205894470214844,
    -69.9552230834961,
    17.839445114135742,
    -4.722634792327881,
    -50.882999420166016,
    -26.714107513427734,
    3.619492530822754
  ],
  "test_smiles": [
    "O=C(O)CC(O)(C(=O)O)C(=O)O",
    "O=C(O)CC(O)C(=O)O",
    "O=C(O)CCC(=O)O",
    "O=C(O)CCCCC(=O)O",
    "O=C(O)CN(CC(=O)O)CC(=O)O",
    "O=C(O)CN(CCO)CCO",
    "O=C(O)CO",
    "O=C(O)COCC(=O)O",
    "O=C(O)[C@H](O)[C@@H](O)[C@H](O[C@@H]1O[C@H](CO)[C@H](O)[C@H](O)[C@H]1O)[C@H](O)CO",
    "O=C(O)c1cc(S(=O)(=O)O)ccc1O",
    "O=C(O)c1cc([N+](=O)[O-])cc([N+](=O)[O-])c1O",
    "O=C(O)c1ccc(C(=O)O)nc1",
    "O=C(O)c1ccc(O)c(O)c1",
    "O=C(O)c1ccc(O)cc1",
    "O=C(O)c1ccc2ccccc2n1"
  ]
}