{
  "alloy": "WE43",
  "fold": 1,
  "setting": "far_unfilt",
  "model": "GBR",
  "r2": 0.5804923827574037,
  "mae": 56.26171933724077,
  "pearson_r": 0.8040587746602444,
  "pearson_p": 0.00030272431513337375,
  "n_train": 4854,
  "n_test": 15,
  "n_features": 2096,
  "elapsed_s": 1840.6,
  "y_test": [
    36.0,
    76.0,
    52.0,
    50.0,
    -7.0,
    -20.0,
    -61.0,
    -197.0,
    -255.0,
    -258.0,
    -142.0,
    23.0,
    43.0,
    -268.0,
    -134.0
  ],
  "y_pred": [
    33.02210305234184,
    42.9644333308043,
    43.60494233843544,
    19.48670705465343,
    -15.546696891808597,
    -23.29647597541379,
    -23.81612416143448,
    -109.05992900315054,
    -305.62159522438344,
    -43.575490800700415,
    -29.317294070552737,
    0.6935763893510046,
    2.5286394151924,
    -150.52305860058527,
    -59.946679815792294
  ],
  "test_smiles": [
    "Cc1ccc(C(=O)O)c(O)c1",
    "Cc1ccc(O)c(C(=O)O)c1",
    "Cc1cccc(C(=O)O)c1O",
    "Cc1cccc(C(=O)O)c1[N+](=O)[O-]",
    "Cc1cccc(O)c1O",
    "Cc1occc(=O)c1O",
    "Cl.Cl.NCCc1cnc[nH]1",
    "Cl.NCC(=O)NCC(=O)O",
    "NC(CO)(CO)CO",
    "NC(CS)C(=O)O",
    "NC(Cc1ccccc1)C(=O)O",
    "NC(N)=O",
    "NC(N)=S",
    "NCC(=O)O",
    "N[C@@H](CC(=O)O)C(=O)O"
  ]
}