{
  "alloy": "WE43",
  "fold": 1,
  "setting": "close_filt",
  "model": "GBR",
  "r2": -0.2058290784759158,
  "mae": 96.32798299098481,
  "pearson_r": 0.21719533471172678,
  "pearson_p": 0.43682326217074935,
  "n_train": 793,
  "n_test": 15,
  "n_features": 2091,
  "elapsed_s": 92.2,
  "y_test": [
    36.0,
    76.0,
    52.0,
    50.0,
    -7.0,
    -20.0,
    -61.0,
    -197.0,
    -255.0,
    -258.0,
    -142.0,
    23.0,
    43.0,
    -268.0,
    -134.0
  ],
  "y_pred": [
    13.430548325787226,
    22.650470077969604,
    29.62301730906669,
    14.987448000285708,
    -0.018706841933659762,
    -28.244029372099195,
    -95.32543215699496,
    2.4670178075508638,
    1.6499556726919793,
    -28.899551715809856,
    -27.801218404157012,
    13.218059404838169,
    -34.15175480988458,
    8.984945300955172,
    -35.27437017555677
  ],
  "test_smiles": [
    "Cc1ccc(C(=O)O)c(O)c1",
    "Cc1ccc(O)c(C(=O)O)c1",
    "Cc1cccc(C(=O)O)c1O",
    "Cc1cccc(C(=O)O)c1[N+](=O)[O-]",
    "Cc1cccc(O)c1O",
    "Cc1occc(=O)c1O",
    "Cl.Cl.NCCc1cnc[nH]1",
    "Cl.NCC(=O)NCC(=O)O",
    "NC(CO)(CO)CO",
    "NC(CS)C(=O)O",
    "NC(Cc1ccccc1)C(=O)O",
    "NC(N)=O",
    "NC(N)=S",
    "NCC(=O)O",
    "N[C@@H](CC(=O)O)C(=O)O"
  ]
}