{
  "alloy": "WE43",
  "fold": 1,
  "setting": "close_unfilt",
  "model": "kNN_Tan",
  "r2": -0.39365866400298954,
  "mae": 84.09232647180896,
  "pearson_r": 0.774730217946703,
  "pearson_p": 0.0006945479941750394,
  "n_train": 899,
  "n_test": 15,
  "n_features": 2091,
  "elapsed_s": 0.0,
  "y_test": [
    36.0,
    76.0,
    52.0,
    50.0,
    -7.0,
    -20.0,
    -61.0,
    -197.0,
    -255.0,
    -258.0,
    -142.0,
    23.0,
    43.0,
    -268.0,
    -134.0
  ],
  "y_pred": [
    -10.599999999999998,
    68.032,
    59.33599999999999,
    -73.336,
    -202.7040000000001,
    -167.472,
    -126.25758288319365,
    -274.97600000000006,
    -724.7999999999997,
    -226.664,
    -132.184,
    -8.887999999999998,
    6.112685806059266,
    -277.54400000000004,
    -134.464
  ],
  "test_smiles": [
    "Cc1ccc(C(=O)O)c(O)c1",
    "Cc1ccc(O)c(C(=O)O)c1",
    "Cc1cccc(C(=O)O)c1O",
    "Cc1cccc(C(=O)O)c1[N+](=O)[O-]",
    "Cc1cccc(O)c1O",
    "Cc1occc(=O)c1O",
    "Cl.Cl.NCCc1cnc[nH]1",
    "Cl.NCC(=O)NCC(=O)O",
    "NC(CO)(CO)CO",
    "NC(CS)C(=O)O",
    "NC(Cc1ccccc1)C(=O)O",
    "NC(N)=O",
    "NC(N)=S",
    "NCC(=O)O",
    "N[C@@H](CC(=O)O)C(=O)O"
  ]
}