{
  "alloy": "WE43",
  "fold": 0,
  "setting": "close_unfilt",
  "model": "kNN_Tan",
  "r2": -2.230499651851482,
  "mae": 98.17876036199254,
  "pearson_r": 0.7808335034126379,
  "pearson_p": 0.0005903185331581016,
  "n_train": 899,
  "n_test": 15,
  "n_features": 2091,
  "elapsed_s": 0.0,
  "y_test": [
    23.0,
    -119.0,
    -18.0,
    -18.0,
    10.0,
    -159.0,
    -221.0,
    -162.0,
    19.0,
    -13.0,
    49.0,
    -113.0,
    -69.0,
    -23.0,
    8.0
  ],
  "y_pred": [
    -3.119999999999999,
    -226.07200000000003,
    -33.78905185380022,
    -3.9120000000000004,
    -129.59999999999994,
    25.463999999999995,
    -591.5360000000001,
    -325.39999999999986,
    16.011263549637267,
    -31.767999999999986,
    54.73599999999998,
    -302.8460728406379,
    -254.67354428508767,
    -44.79999999999998,
    -18.800000000000008
  ],
  "test_smiles": [
    "C/C(=C/C(=O)O)C(=O)O",
    "C1CNCCN1",
    "C1N2CN3CN1CN(C2)C3",
    "CC(C)(C)c1ccc(C(=O)O)cc1",
    "CC(C)(CO)[C@@H](O)C(=O)NCCCO",
    "CC(O)C(=O)O",
    "CC1(C)NC(=O)NC1=O",
    "CC1(C)S[C@@H]2[C@H](NC(=O)Cc3ccccc3)C(=O)N2[C@H]1C(=O)[O-].[Na+]",
    "CCC(=O)O",
    "CCCCCCCCCCCCCCCCCC(=O)[O-].[Na+]",
    "CCCCCCCCCCCCc1ccc(S(=O)(=O)O)cc1",
    "CCCC[C@H](N)C(=O)O",
    "CNC1C(OC2C(OC3C(O)C(O)C(N=C(N)N)C(O)C3N=C(N)N)OC(C)C2(O)C=O)OC(CO)C(O)C1O",
    "COC(=O)NC1C(OC2C(CO)OC(OC3C(CO)OC(O)C(N)C3O)C(N)C2O)OC(CO)C(OC2OC(CO)C(OC3OC(CO)C(OC4OC(CO)C(OC5OC(CO)C(OC6OC(CO)C(OC7OC(CO)C(O)C(O)C7N)C(O)C6N)C(O)C5N)C(O)C4N)C(O)C3N)C(O)C2N)C1O",
    "Cc1cc(C)[nH]n1"
  ]
}