{
  "alloy": "WE43",
  "fold": 3,
  "setting": "close_filt",
  "model": "kNN_Tan",
  "r2": -0.5095223301370957,
  "mae": 128.09162653917292,
  "pearson_r": 0.10805113316794888,
  "pearson_p": 0.7014967984741485,
  "n_train": 795,
  "n_test": 15,
  "n_features": 2091,
  "elapsed_s": 0.0,
  "y_test": [
    -80.0,
    24.0,
    39.0,
    21.0,
    -296.0,
    -82.0,
    50.0,
    50.0,
    59.0,
    -131.0,
    66.0,
    83.0,
    -344.0,
    -281.0,
    62.0
  ],
  "y_pred": [
    -119.30434063549563,
    -69.44258556696937,
    -200.57042679556977,
    13.612550805806107,
    -319.2879951788015,
    -108.45497132611385,
    -193.74399456353683,
    -184.91199702416412,
    1.0984181420601684,
    63.52,
    45.73247822321187,
    36.99999896662579,
    0.12552906368542494,
    52.29600117464873,
    79.1600028963126
  ],
  "test_smiles": [
    "O=C(O)CC(O)(C(=O)O)C(=O)O",
    "O=C(O)CC(O)C(=O)O",
    "O=C(O)CCC(=O)O",
    "O=C(O)CCCCC(=O)O",
    "O=C(O)CN(CC(=O)O)CC(=O)O",
    "O=C(O)CN(CCO)CCO",
    "O=C(O)CO",
    "O=C(O)COCC(=O)O",
    "O=C(O)[C@H](O)[C@@H](O)[C@H](O[C@@H]1O[C@H](CO)[C@H](O)[C@H](O)[C@H]1O)[C@H](O)CO",
    "O=C(O)c1cc(S(=O)(=O)O)ccc1O",
    "O=C(O)c1cc([N+](=O)[O-])cc([N+](=O)[O-])c1O",
    "O=C(O)c1ccc(C(=O)O)nc1",
    "O=C(O)c1ccc(O)c(O)c1",
    "O=C(O)c1ccc(O)cc1",
    "O=C(O)c1ccc2ccccc2n1"
  ]
}