{
  "alloy": "WE43",
  "fold": 4,
  "setting": "exact",
  "model": "ChemProp",
  "r2": -0.28056615852799305,
  "mae": 85.04583994547527,
  "pearson_r": 0.06426666192550404,
  "pearson_p": 0.8200005220126833,
  "n_train": 60,
  "n_test": 15,
  "n_features": 3,
  "elapsed_s": 32.6,
  "y_test": [
    24.0,
    -20.0,
    14.0,
    41.0,
    18.0,
    51.0,
    71.0,
    -56.0,
    34.0,
    95.0,
    -295.0,
    21.0,
    14.0,
    41.0,
    -79.0
  ],
  "y_pred": [
    -48.688209533691406,
    -48.62175369262695,
    -48.63563537597656,
    -48.65290832519531,
    -48.660133361816406,
    -48.60013961791992,
    -49.51652908325195,
    -49.8725700378418,
    -49.74397659301758,
    -48.64828872680664,
    -49.26422119140625,
    -50.46446990966797,
    -50.234256744384766,
    -48.77870178222656,
    -48.42061233520508
  ],
  "test_smiles": [
    "O=C(O)c1ccccc1",
    "O=C(O)c1ccccc1C(=O)O",
    "O=C(O)c1ccccc1O",
    "O=C(O)c1ccccn1",
    "O=C(O)c1cccnc1",
    "O=C(O)c1cccnc1C(=O)O",
    "O=C1NC(=O)C([N+](=O)[O-])C(=O)N1",
    "O=C1O[C@H]([C@@H](O)CO)C(O)=C1O",
    "O=CO",
    "O=Cc1ccccc1O",
    "O=S(=O)([O-])c1cc(O)c(O)c(S(=O)(=O)[O-])c1.[Na+].[Na+]",
    "OCC(O)CO",
    "OC[C@H]1OC(O)[C@H](O)[C@@H](O)[C@@H]1O",
    "ON=Cc1ccccc1O",
    "S=c1[nH][nH]c(=S)s1"
  ]
}