{
  "alloy": "WE43",
  "fold": 3,
  "setting": "far_filt",
  "model": "RF",
  "r2": -0.16493530633775833,
  "mae": 114.27681503703704,
  "pearson_r": -0.04049537188426946,
  "pearson_p": 0.8860619609636154,
  "n_train": 4720,
  "n_test": 15,
  "n_features": 2096,
  "elapsed_s": 1305.8,
  "y_test": [
    -80.0,
    24.0,
    39.0,
    21.0,
    -296.0,
    -82.0,
    50.0,
    50.0,
    59.0,
    -131.0,
    66.0,
    83.0,
    -344.0,
    -281.0,
    62.0
  ],
  "y_pred": [
    -25.48739357142857,
    -42.80003333333333,
    -29.82420952380953,
    -31.975120952380948,
    -88.22330952380952,
    -95.35503333333334,
    -28.688160000000003,
    -30.04969142857143,
    -27.28361,
    38.33651666666666,
    8.858536666666666,
    27.681589999999996,
    35.13723722222222,
    26.019899523809528,
    25.066456666666667
  ],
  "test_smiles": [
    "O=C(O)CC(O)(C(=O)O)C(=O)O",
    "O=C(O)CC(O)C(=O)O",
    "O=C(O)CCC(=O)O",
    "O=C(O)CCCCC(=O)O",
    "O=C(O)CN(CC(=O)O)CC(=O)O",
    "O=C(O)CN(CCO)CCO",
    "O=C(O)CO",
    "O=C(O)COCC(=O)O",
    "O=C(O)[C@H](O)[C@@H](O)[C@H](O[C@@H]1O[C@H](CO)[C@H](O)[C@H](O)[C@H]1O)[C@H](O)CO",
    "O=C(O)c1cc(S(=O)(=O)O)ccc1O",
    "O=C(O)c1cc([N+](=O)[O-])cc([N+](=O)[O-])c1O",
    "O=C(O)c1ccc(C(=O)O)nc1",
    "O=C(O)c1ccc(O)c(O)c1",
    "O=C(O)c1ccc(O)cc1",
    "O=C(O)c1ccc2ccccc2n1"
  ]
}