{
  "alloy": "WE43",
  "fold": 0,
  "setting": "exact",
  "model": "ChemProp",
  "r2": -0.04782784470815615,
  "mae": 66.00175603230794,
  "pearson_r": -0.08060418563086647,
  "pearson_p": 0.7752150004099155,
  "n_train": 60,
  "n_test": 15,
  "n_features": 3,
  "elapsed_s": 13.7,
  "y_test": [
    23.0,
    -119.0,
    -18.0,
    -18.0,
    10.0,
    -159.0,
    -221.0,
    -162.0,
    19.0,
    -13.0,
    49.0,
    -113.0,
    -69.0,
    -23.0,
    8.0
  ],
  "y_pred": [
    -36.086402893066406,
    -37.502662658691406,
    -37.50087356567383,
    -35.71584701538086,
    -37.21745681762695,
    -36.73955535888672,
    -36.11713409423828,
    -36.057373046875,
    -36.846553802490234,
    -37.77016067504883,
    -36.88818359375,
    -37.241554260253906,
    -36.73729705810547,
    -36.88064956665039,
    -35.51578903198242
  ],
  "test_smiles": [
    "C/C(=C/C(=O)O)C(=O)O",
    "C1CNCCN1",
    "C1N2CN3CN1CN(C2)C3",
    "CC(C)(C)c1ccc(C(=O)O)cc1",
    "CC(C)(CO)[C@@H](O)C(=O)NCCCO",
    "CC(O)C(=O)O",
    "CC1(C)NC(=O)NC1=O",
    "CC1(C)S[C@@H]2[C@H](NC(=O)Cc3ccccc3)C(=O)N2[C@H]1C(=O)[O-].[Na+]",
    "CCC(=O)O",
    "CCCCCCCCCCCCCCCCCC(=O)[O-].[Na+]",
    "CCCCCCCCCCCCc1ccc(S(=O)(=O)O)cc1",
    "CCCC[C@H](N)C(=O)O",
    "CNC1C(OC2C(OC3C(O)C(O)C(N=C(N)N)C(O)C3N=C(N)N)OC(C)C2(O)C=O)OC(CO)C(O)C1O",
    "COC(=O)NC1C(OC2C(CO)OC(OC3C(CO)OC(O)C(N)C3O)C(N)C2O)OC(CO)C(OC2OC(CO)C(OC3OC(CO)C(OC4OC(CO)C(OC5OC(CO)C(OC6OC(CO)C(OC7OC(CO)C(O)C(O)C7N)C(O)C6N)C(O)C5N)C(O)C4N)C(O)C3N)C(O)C2N)C1O",
    "Cc1cc(C)[nH]n1"
  ]
}