{
  "alloy": "WE43",
  "fold": 4,
  "setting": "far_unfilt",
  "model": "kNN_Tan",
  "r2": -1.5255108641266015,
  "mae": 68.75210666666666,
  "pearson_r": 0.8798445398427125,
  "pearson_p": 1.528359193042931e-05,
  "n_train": 4854,
  "n_test": 15,
  "n_features": 2096,
  "elapsed_s": 0.1,
  "y_test": [
    24.0,
    -20.0,
    14.0,
    41.0,
    18.0,
    51.0,
    71.0,
    -56.0,
    34.0,
    95.0,
    -295.0,
    21.0,
    14.0,
    41.0,
    -79.0
  ],
  "y_pred": [
    20.311999999999998,
    15.631999999999998,
    -38.967999999999996,
    38.352000000000004,
    0.34400000000000036,
    61.528,
    22.199999999999996,
    -35.65600000000001,
    23.0,
    38.616,
    -808.6,
    12.679999999999998,
    -1.064,
    -73.57600000000001,
    41.0736
  ],
  "test_smiles": [
    "O=C(O)c1ccccc1",
    "O=C(O)c1ccccc1C(=O)O",
    "O=C(O)c1ccccc1O",
    "O=C(O)c1ccccn1",
    "O=C(O)c1cccnc1",
    "O=C(O)c1cccnc1C(=O)O",
    "O=C1NC(=O)C([N+](=O)[O-])C(=O)N1",
    "O=C1O[C@H]([C@@H](O)CO)C(O)=C1O",
    "O=CO",
    "O=Cc1ccccc1O",
    "O=S(=O)([O-])c1cc(O)c(O)c(S(=O)(=O)[O-])c1.[Na+].[Na+]",
    "OCC(O)CO",
    "OC[C@H]1OC(O)[C@H](O)[C@@H](O)[C@@H]1O",
    "ON=Cc1ccccc1O",
    "S=c1[nH][nH]c(=S)s1"
  ]
}