{
  "alloy": "WE43",
  "fold": 2,
  "setting": "far_filt",
  "model": "GBR",
  "r2": 0.24787326908426166,
  "mae": 68.50310850432089,
  "pearson_r": 0.6452361944841304,
  "pearson_p": 0.009387434290943115,
  "n_train": 4753,
  "n_test": 15,
  "n_features": 2096,
  "elapsed_s": 1916.5,
  "y_test": [
    -228.0,
    50.0,
    33.0,
    52.0,
    -87.0,
    28.0,
    -296.0,
    52.0,
    -69.0,
    87.0,
    8.0,
    33.0,
    -10.0,
    -19.0,
    15.0
  ],
  "y_pred": [
    -63.22369490951825,
    5.3260769004346615,
    11.673932522202428,
    -33.391945142840854,
    -25.044499568704836,
    -45.87964040932951,
    -56.972273608890184,
    -0.33291937321823417,
    -0.10979637244985245,
    -2.303073065223846,
    -0.28221649490781786,
    -0.3763910511657227,
    -48.25076660103403,
    8.170801052940332,
    -3.909148256353313
  ],
  "test_smiles": [
    "N[C@@H](CCC(=O)O)C(=O)O",
    "Nc1ccc(C(=O)O)c(O)c1",
    "Nc1ccc(O)c(C(=O)O)c1",
    "Nc1nc2ncc(CNc3ccc(C(=O)NC(CCC(=O)O)C(=O)O)cc3)nc2c(=O)[nH]1",
    "Nc1ncn[nH]1",
    "O.O.O=C([O-])[C@H](O)CO.O=C([O-])[C@H](O)CO.[Ca+2]",
    "O.O=C(O)CN(CC(=O)O)[C@@H]1CCCC[C@H]1N(CC(=O)O)CC(=O)O",
    "O=C(CC(=O)C(F)(F)F)c1cccs1",
    "O=C(NO)c1ccccc1O",
    "O=C(O)/C=C/C(=O)O",
    "O=C(O)/C=C\\C(=O)O",
    "O=C(O)C(=O)O",
    "O=C(O)C(O)C(O)C(=O)O",
    "O=C(O)C(O)c1ccccc1",
    "O=C(O)C1(O)C[C@@H](O)C(O)[C@H](O)C1"
  ]
}