{
  "alloy": "WE43",
  "fold": 2,
  "setting": "close_unfilt",
  "model": "MLP",
  "r2": -0.19745976064423454,
  "mae": 56.81760787963867,
  "pearson_r": 0.8242640418890053,
  "pearson_p": 0.00015717667625852826,
  "n_train": 899,
  "n_test": 15,
  "n_features": 2091,
  "elapsed_s": 332.9,
  "y_test": [
    -228.0,
    50.0,
    33.0,
    52.0,
    -87.0,
    28.0,
    -296.0,
    52.0,
    -69.0,
    87.0,
    8.0,
    33.0,
    -10.0,
    -19.0,
    15.0
  ],
  "y_pred": [
    -45.027076721191406,
    53.922523498535156,
    68.8134536743164,
    48.580413818359375,
    -136.99813842773438,
    33.988983154296875,
    -685.8110961914062,
    41.7365837097168,
    -77.20906066894531,
    60.56367111206055,
    34.63404846191406,
    28.407669067382812,
    33.754310607910156,
    26.261768341064453,
    30.18614959716797
  ],
  "test_smiles": [
    "N[C@@H](CCC(=O)O)C(=O)O",
    "Nc1ccc(C(=O)O)c(O)c1",
    "Nc1ccc(O)c(C(=O)O)c1",
    "Nc1nc2ncc(CNc3ccc(C(=O)NC(CCC(=O)O)C(=O)O)cc3)nc2c(=O)[nH]1",
    "Nc1ncn[nH]1",
    "O.O.O=C([O-])[C@H](O)CO.O=C([O-])[C@H](O)CO.[Ca+2]",
    "O.O=C(O)CN(CC(=O)O)[C@@H]1CCCC[C@H]1N(CC(=O)O)CC(=O)O",
    "O=C(CC(=O)C(F)(F)F)c1cccs1",
    "O=C(NO)c1ccccc1O",
    "O=C(O)/C=C/C(=O)O",
    "O=C(O)/C=C\\C(=O)O",
    "O=C(O)C(=O)O",
    "O=C(O)C(O)C(O)C(=O)O",
    "O=C(O)C(O)c1ccccc1",
    "O=C(O)C1(O)C[C@@H](O)C(O)[C@H](O)C1"
  ]
}