{
  "alloy": "WE43",
  "fold": 4,
  "setting": "far_filt",
  "model": "GBR",
  "r2": 0.09017499834100429,
  "mae": 56.86810004451494,
  "pearson_r": 0.3287132211222635,
  "pearson_p": 0.2315962882001426,
  "n_train": 4710,
  "n_test": 15,
  "n_features": 2096,
  "elapsed_s": 1889.0,
  "y_test": [
    24.0,
    -20.0,
    14.0,
    41.0,
    18.0,
    51.0,
    71.0,
    -56.0,
    34.0,
    95.0,
    -295.0,
    21.0,
    14.0,
    41.0,
    -79.0
  ],
  "y_pred": [
    -5.868085835754654,
    29.89236031841009,
    29.82755268250529,
    15.137696766660374,
    12.903808745609249,
    29.87780483345563,
    -23.76765134070226,
    -4.27851445120085,
    -2.86228086037055,
    -2.842221942266336,
    -20.881718083835043,
    -3.0958252619876316,
    -11.107148339337389,
    -2.842221942266336,
    -22.00430497511534
  ],
  "test_smiles": [
    "O=C(O)c1ccccc1",
    "O=C(O)c1ccccc1C(=O)O",
    "O=C(O)c1ccccc1O",
    "O=C(O)c1ccccn1",
    "O=C(O)c1cccnc1",
    "O=C(O)c1cccnc1C(=O)O",
    "O=C1NC(=O)C([N+](=O)[O-])C(=O)N1",
    "O=C1O[C@H]([C@@H](O)CO)C(O)=C1O",
    "O=CO",
    "O=Cc1ccccc1O",
    "O=S(=O)([O-])c1cc(O)c(O)c(S(=O)(=O)[O-])c1.[Na+].[Na+]",
    "OCC(O)CO",
    "OC[C@H]1OC(O)[C@H](O)[C@@H](O)[C@@H]1O",
    "ON=Cc1ccccc1O",
    "S=c1[nH][nH]c(=S)s1"
  ]
}