{
  "alloy": "WE43",
  "fold": 1,
  "setting": "far_filt",
  "model": "kNN_Tan",
  "r2": -0.49581274188205615,
  "mae": 111.82279992165135,
  "pearson_r": 0.27692288543881494,
  "pearson_p": 0.3177010921942651,
  "n_train": 4699,
  "n_test": 15,
  "n_features": 2096,
  "elapsed_s": 0.1,
  "y_test": [
    36.0,
    76.0,
    52.0,
    50.0,
    -7.0,
    -20.0,
    -61.0,
    -197.0,
    -255.0,
    -258.0,
    -142.0,
    23.0,
    43.0,
    -268.0,
    -134.0
  ],
  "y_pred": [
    59.000002692767495,
    47.999999005244355,
    10.120799734571452,
    37.00000137770874,
    36.8969137513409,
    -67.68945719326577,
    16.352505938598117,
    8.95999891723353,
    32.05361856450987,
    14.465921966273386,
    36.35429632706586,
    8.297373302699183,
    94.02559556632677,
    1.6578611236024274,
    -10.695999795989973
  ],
  "test_smiles": [
    "Cc1ccc(C(=O)O)c(O)c1",
    "Cc1ccc(O)c(C(=O)O)c1",
    "Cc1cccc(C(=O)O)c1O",
    "Cc1cccc(C(=O)O)c1[N+](=O)[O-]",
    "Cc1cccc(O)c1O",
    "Cc1occc(=O)c1O",
    "Cl.Cl.NCCc1cnc[nH]1",
    "Cl.NCC(=O)NCC(=O)O",
    "NC(CO)(CO)CO",
    "NC(CS)C(=O)O",
    "NC(Cc1ccccc1)C(=O)O",
    "NC(N)=O",
    "NC(N)=S",
    "NCC(=O)O",
    "N[C@@H](CC(=O)O)C(=O)O"
  ]
}