{
  "alloy": "WE43",
  "fold": 1,
  "setting": "far_filt",
  "model": "ChemProp",
  "r2": 0.19930359132952014,
  "mae": 77.9480355421702,
  "pearson_r": 0.6751641419449789,
  "pearson_p": 0.005747178417551115,
  "n_train": 4699,
  "n_test": 15,
  "n_features": 48,
  "elapsed_s": 585.2,
  "y_test": [
    36.0,
    76.0,
    52.0,
    50.0,
    -7.0,
    -20.0,
    -61.0,
    -197.0,
    -255.0,
    -258.0,
    -142.0,
    23.0,
    43.0,
    -268.0,
    -134.0
  ],
  "y_pred": [
    1.9694066047668457,
    2.1003518104553223,
    2.986954927444458,
    22.669443130493164,
    -39.62531280517578,
    -10.682104110717773,
    -30.643619537353516,
    -18.118295669555664,
    -31.433727264404297,
    -126.72732543945312,
    -83.82657623291016,
    33.068092346191406,
    37.452125549316406,
    -20.005542755126953,
    -76.8573989868164
  ],
  "test_smiles": [
    "Cc1ccc(C(=O)O)c(O)c1",
    "Cc1ccc(O)c(C(=O)O)c1",
    "Cc1cccc(C(=O)O)c1O",
    "Cc1cccc(C(=O)O)c1[N+](=O)[O-]",
    "Cc1cccc(O)c1O",
    "Cc1occc(=O)c1O",
    "Cl.Cl.NCCc1cnc[nH]1",
    "Cl.NCC(=O)NCC(=O)O",
    "NC(CO)(CO)CO",
    "NC(CS)C(=O)O",
    "NC(Cc1ccccc1)C(=O)O",
    "NC(N)=O",
    "NC(N)=S",
    "NCC(=O)O",
    "N[C@@H](CC(=O)O)C(=O)O"
  ]
}