{
  "alloy": "WE43",
  "fold": 1,
  "setting": "far_unfilt",
  "model": "ChemProp",
  "r2": 0.6096572703703245,
  "mae": 58.1061092376709,
  "pearson_r": 0.8515142292820436,
  "pearson_p": 5.634783186805499e-05,
  "n_train": 4854,
  "n_test": 15,
  "n_features": 48,
  "elapsed_s": 637.6,
  "y_test": [
    36.0,
    76.0,
    52.0,
    50.0,
    -7.0,
    -20.0,
    -61.0,
    -197.0,
    -255.0,
    -258.0,
    -142.0,
    23.0,
    43.0,
    -268.0,
    -134.0
  ],
  "y_pred": [
    -9.662684440612793,
    -9.628223419189453,
    -11.163617134094238,
    8.369633674621582,
    -26.945085525512695,
    -13.100790977478027,
    -43.266990661621094,
    -68.89064025878906,
    -208.6203155517578,
    -195.7162322998047,
    -45.8986930847168,
    18.519033432006836,
    22.827444076538086,
    -73.24569702148438,
    -95.35250091552734
  ],
  "test_smiles": [
    "Cc1ccc(C(=O)O)c(O)c1",
    "Cc1ccc(O)c(C(=O)O)c1",
    "Cc1cccc(C(=O)O)c1O",
    "Cc1cccc(C(=O)O)c1[N+](=O)[O-]",
    "Cc1cccc(O)c1O",
    "Cc1occc(=O)c1O",
    "Cl.Cl.NCCc1cnc[nH]1",
    "Cl.NCC(=O)NCC(=O)O",
    "NC(CO)(CO)CO",
    "NC(CS)C(=O)O",
    "NC(Cc1ccccc1)C(=O)O",
    "NC(N)=O",
    "NC(N)=S",
    "NCC(=O)O",
    "N[C@@H](CC(=O)O)C(=O)O"
  ]
}