{
  "alloy": "WE43",
  "fold": 1,
  "setting": "close_filt",
  "model": "MLP",
  "r2": 0.1959574303867858,
  "mae": 94.04489568074544,
  "pearson_r": 0.5741107606767459,
  "pearson_p": 0.02521330013074867,
  "n_train": 793,
  "n_test": 15,
  "n_features": 2091,
  "elapsed_s": 200.4,
  "y_test": [
    36.0,
    76.0,
    52.0,
    50.0,
    -7.0,
    -20.0,
    -61.0,
    -197.0,
    -255.0,
    -258.0,
    -142.0,
    23.0,
    43.0,
    -268.0,
    -134.0
  ],
  "y_pred": [
    -11.780420303344727,
    -26.128767013549805,
    -46.575469970703125,
    -49.16559982299805,
    -44.281124114990234,
    -57.1844367980957,
    -51.41164016723633,
    -140.83738708496094,
    -50.767208099365234,
    -72.43006134033203,
    -37.19812774658203,
    -32.85955810546875,
    -58.65829086303711,
    -84.78675079345703,
    -46.529056549072266
  ],
  "test_smiles": [
    "Cc1ccc(C(=O)O)c(O)c1",
    "Cc1ccc(O)c(C(=O)O)c1",
    "Cc1cccc(C(=O)O)c1O",
    "Cc1cccc(C(=O)O)c1[N+](=O)[O-]",
    "Cc1cccc(O)c1O",
    "Cc1occc(=O)c1O",
    "Cl.Cl.NCCc1cnc[nH]1",
    "Cl.NCC(=O)NCC(=O)O",
    "NC(CO)(CO)CO",
    "NC(CS)C(=O)O",
    "NC(Cc1ccccc1)C(=O)O",
    "NC(N)=O",
    "NC(N)=S",
    "NCC(=O)O",
    "N[C@@H](CC(=O)O)C(=O)O"
  ]
}