{
  "alloy": "WE43",
  "fold": 3,
  "setting": "far_unfilt",
  "model": "ChemProp",
  "r2": 0.1425722115200807,
  "mae": 87.2941498974959,
  "pearson_r": 0.48528085093399903,
  "pearson_p": 0.0667051930620773,
  "n_train": 4854,
  "n_test": 15,
  "n_features": 48,
  "elapsed_s": 707.7,
  "y_test": [
    -80.0,
    24.0,
    39.0,
    21.0,
    -296.0,
    -82.0,
    50.0,
    50.0,
    59.0,
    -131.0,
    66.0,
    83.0,
    -344.0,
    -281.0,
    62.0
  ],
  "y_pred": [
    -37.63624572753906,
    0.3556007444858551,
    9.647660255432129,
    10.928986549377441,
    -142.44383239746094,
    -112.74211120605469,
    9.607290267944336,
    3.449329137802124,
    16.179126739501953,
    -29.256837844848633,
    26.21537971496582,
    19.400968551635742,
    6.775698661804199,
    11.205567359924316,
    20.189870834350586
  ],
  "test_smiles": [
    "O=C(O)CC(O)(C(=O)O)C(=O)O",
    "O=C(O)CC(O)C(=O)O",
    "O=C(O)CCC(=O)O",
    "O=C(O)CCCCC(=O)O",
    "O=C(O)CN(CC(=O)O)CC(=O)O",
    "O=C(O)CN(CCO)CCO",
    "O=C(O)CO",
    "O=C(O)COCC(=O)O",
    "O=C(O)[C@H](O)[C@@H](O)[C@H](O[C@@H]1O[C@H](CO)[C@H](O)[C@H](O)[C@H]1O)[C@H](O)CO",
    "O=C(O)c1cc(S(=O)(=O)O)ccc1O",
    "O=C(O)c1cc([N+](=O)[O-])cc([N+](=O)[O-])c1O",
    "O=C(O)c1ccc(C(=O)O)nc1",
    "O=C(O)c1ccc(O)c(O)c1",
    "O=C(O)c1ccc(O)cc1",
    "O=C(O)c1ccc2ccccc2n1"
  ]
}