{
  "alloy": "WE43",
  "fold": 1,
  "setting": "close_filt",
  "model": "RF",
  "r2": -0.14679714689909562,
  "mae": 96.00345511111111,
  "pearson_r": 0.32392598661487315,
  "pearson_p": 0.2388693070733636,
  "n_train": 793,
  "n_test": 15,
  "n_features": 2091,
  "elapsed_s": 129.4,
  "y_test": [
    36.0,
    76.0,
    52.0,
    50.0,
    -7.0,
    -20.0,
    -61.0,
    -197.0,
    -255.0,
    -258.0,
    -142.0,
    23.0,
    43.0,
    -268.0,
    -134.0
  ],
  "y_pred": [
    19.310979999999997,
    2.3524000000000003,
    17.182646666666667,
    14.0316,
    19.209543333333325,
    -0.4944799999999999,
    -65.24999999999999,
    -0.3673399999999999,
    -11.997459999999998,
    -34.8703,
    -23.997879999999995,
    0.7904400000000001,
    -39.22100333333332,
    3.367560000000001,
    -61.600753333333344
  ],
  "test_smiles": [
    "Cc1ccc(C(=O)O)c(O)c1",
    "Cc1ccc(O)c(C(=O)O)c1",
    "Cc1cccc(C(=O)O)c1O",
    "Cc1cccc(C(=O)O)c1[N+](=O)[O-]",
    "Cc1cccc(O)c1O",
    "Cc1occc(=O)c1O",
    "Cl.Cl.NCCc1cnc[nH]1",
    "Cl.NCC(=O)NCC(=O)O",
    "NC(CO)(CO)CO",
    "NC(CS)C(=O)O",
    "NC(Cc1ccccc1)C(=O)O",
    "NC(N)=O",
    "NC(N)=S",
    "NCC(=O)O",
    "N[C@@H](CC(=O)O)C(=O)O"
  ]
}