{
  "alloy": "WE43",
  "fold": 0,
  "setting": "far_unfilt",
  "model": "MLP",
  "r2": 0.2897299301306966,
  "mae": 43.41386610666911,
  "pearson_r": 0.7154298604629784,
  "pearson_p": 0.0027112667183064403,
  "n_train": 4854,
  "n_test": 15,
  "n_features": 2096,
  "elapsed_s": 933.0,
  "y_test": [
    23.0,
    -119.0,
    -18.0,
    -18.0,
    10.0,
    -159.0,
    -221.0,
    -162.0,
    19.0,
    -13.0,
    49.0,
    -113.0,
    -69.0,
    -23.0,
    8.0
  ],
  "y_pred": [
    9.130964279174805,
    -76.81421661376953,
    9.955644607543945,
    18.01491355895996,
    -60.86131286621094,
    19.185134887695312,
    -275.2784118652344,
    -162.1293487548828,
    12.835624694824219,
    8.180668830871582,
    55.925209045410156,
    -99.3867416381836,
    -215.06558227539062,
    -11.180813789367676,
    -13.960125923156738
  ],
  "test_smiles": [
    "C/C(=C/C(=O)O)C(=O)O",
    "C1CNCCN1",
    "C1N2CN3CN1CN(C2)C3",
    "CC(C)(C)c1ccc(C(=O)O)cc1",
    "CC(C)(CO)[C@@H](O)C(=O)NCCCO",
    "CC(O)C(=O)O",
    "CC1(C)NC(=O)NC1=O",
    "CC1(C)S[C@@H]2[C@H](NC(=O)Cc3ccccc3)C(=O)N2[C@H]1C(=O)[O-].[Na+]",
    "CCC(=O)O",
    "CCCCCCCCCCCCCCCCCC(=O)[O-].[Na+]",
    "CCCCCCCCCCCCc1ccc(S(=O)(=O)O)cc1",
    "CCCC[C@H](N)C(=O)O",
    "CNC1C(OC2C(OC3C(O)C(O)C(N=C(N)N)C(O)C3N=C(N)N)OC(C)C2(O)C=O)OC(CO)C(O)C1O",
    "COC(=O)NC1C(OC2C(CO)OC(OC3C(CO)OC(O)C(N)C3O)C(N)C2O)OC(CO)C(OC2OC(CO)C(OC3OC(CO)C(OC4OC(CO)C(OC5OC(CO)C(OC6OC(CO)C(OC7OC(CO)C(O)C(O)C7N)C(O)C6N)C(O)C5N)C(O)C4N)C(O)C3N)C(O)C2N)C1O",
    "Cc1cc(C)[nH]n1"
  ]
}