{
  "alloy": "WE43",
  "fold": 2,
  "setting": "close_filt",
  "model": "MLP",
  "r2": -0.1932525989637457,
  "mae": 98.99098154703776,
  "pearson_r": -0.012346579053551715,
  "pearson_p": 0.965166799701501,
  "n_train": 814,
  "n_test": 15,
  "n_features": 2091,
  "elapsed_s": 188.0,
  "y_test": [
    -228.0,
    50.0,
    33.0,
    52.0,
    -87.0,
    28.0,
    -296.0,
    52.0,
    -69.0,
    87.0,
    8.0,
    33.0,
    -10.0,
    -19.0,
    15.0
  ],
  "y_pred": [
    -48.54072189331055,
    -73.11381530761719,
    -69.58641815185547,
    -76.00167846679688,
    -93.99553680419922,
    -59.849609375,
    -87.2790756225586,
    -69.90198516845703,
    -26.68288803100586,
    -80.4205551147461,
    -63.343238830566406,
    -54.66178894042969,
    -59.022945404052734,
    -34.21860885620117,
    -78.25122833251953
  ],
  "test_smiles": [
    "N[C@@H](CCC(=O)O)C(=O)O",
    "Nc1ccc(C(=O)O)c(O)c1",
    "Nc1ccc(O)c(C(=O)O)c1",
    "Nc1nc2ncc(CNc3ccc(C(=O)NC(CCC(=O)O)C(=O)O)cc3)nc2c(=O)[nH]1",
    "Nc1ncn[nH]1",
    "O.O.O=C([O-])[C@H](O)CO.O=C([O-])[C@H](O)CO.[Ca+2]",
    "O.O=C(O)CN(CC(=O)O)[C@@H]1CCCC[C@H]1N(CC(=O)O)CC(=O)O",
    "O=C(CC(=O)C(F)(F)F)c1cccs1",
    "O=C(NO)c1ccccc1O",
    "O=C(O)/C=C/C(=O)O",
    "O=C(O)/C=C\\C(=O)O",
    "O=C(O)C(=O)O",
    "O=C(O)C(O)C(O)C(=O)O",
    "O=C(O)C(O)c1ccccc1",
    "O=C(O)C1(O)C[C@@H](O)C(O)[C@H](O)C1"
  ]
}