{
  "alloy": "WE43",
  "fold": 2,
  "setting": "close_unfilt",
  "model": "ChemProp",
  "r2": 0.5259747557906885,
  "mae": 54.62309412161509,
  "pearson_r": 0.7377162321876215,
  "pearson_p": 0.0016935050835308672,
  "n_train": 899,
  "n_test": 15,
  "n_features": 43,
  "elapsed_s": 111.8,
  "y_test": [
    -228.0,
    50.0,
    33.0,
    52.0,
    -87.0,
    28.0,
    -296.0,
    52.0,
    -69.0,
    87.0,
    8.0,
    33.0,
    -10.0,
    -19.0,
    15.0
  ],
  "y_pred": [
    -54.71511459350586,
    -32.830989837646484,
    -34.14845275878906,
    -14.024186134338379,
    -214.04493713378906,
    23.765705108642578,
    -212.44081115722656,
    -1.7202397584915161,
    -61.73775100708008,
    35.11370849609375,
    33.60674285888672,
    39.876522064208984,
    -2.264632225036621,
    -50.475379943847656,
    -15.656683921813965
  ],
  "test_smiles": [
    "N[C@@H](CCC(=O)O)C(=O)O",
    "Nc1ccc(C(=O)O)c(O)c1",
    "Nc1ccc(O)c(C(=O)O)c1",
    "Nc1nc2ncc(CNc3ccc(C(=O)NC(CCC(=O)O)C(=O)O)cc3)nc2c(=O)[nH]1",
    "Nc1ncn[nH]1",
    "O.O.O=C([O-])[C@H](O)CO.O=C([O-])[C@H](O)CO.[Ca+2]",
    "O.O=C(O)CN(CC(=O)O)[C@@H]1CCCC[C@H]1N(CC(=O)O)CC(=O)O",
    "O=C(CC(=O)C(F)(F)F)c1cccs1",
    "O=C(NO)c1ccccc1O",
    "O=C(O)/C=C/C(=O)O",
    "O=C(O)/C=C\\C(=O)O",
    "O=C(O)C(=O)O",
    "O=C(O)C(O)C(O)C(=O)O",
    "O=C(O)C(O)c1ccccc1",
    "O=C(O)C1(O)C[C@@H](O)C(O)[C@H](O)C1"
  ]
}