{
  "alloy": "WE43",
  "fold": 3,
  "setting": "far_unfilt",
  "model": "RF",
  "r2": 0.5687009735427935,
  "mae": 74.86766559259259,
  "pearson_r": 0.824817820891069,
  "pearson_p": 0.00015420350514373741,
  "n_train": 4854,
  "n_test": 15,
  "n_features": 2096,
  "elapsed_s": 1510.3,
  "y_test": [
    -80.0,
    24.0,
    39.0,
    21.0,
    -296.0,
    -82.0,
    50.0,
    50.0,
    59.0,
    -131.0,
    66.0,
    83.0,
    -344.0,
    -281.0,
    62.0
  ],
  "y_pred": [
    -22.103146904761907,
    -14.60348285714286,
    -0.44221000000000005,
    -6.392577619047618,
    -179.5944914285715,
    -115.18123714285713,
    4.009641428571428,
    3.4137631746031754,
    -9.41474,
    -7.89316,
    -4.4177599999999995,
    32.83585079365079,
    -218.9476111111111,
    -35.31613333333334,
    27.32322555555556
  ],
  "test_smiles": [
    "O=C(O)CC(O)(C(=O)O)C(=O)O",
    "O=C(O)CC(O)C(=O)O",
    "O=C(O)CCC(=O)O",
    "O=C(O)CCCCC(=O)O",
    "O=C(O)CN(CC(=O)O)CC(=O)O",
    "O=C(O)CN(CCO)CCO",
    "O=C(O)CO",
    "O=C(O)COCC(=O)O",
    "O=C(O)[C@H](O)[C@@H](O)[C@H](O[C@@H]1O[C@H](CO)[C@H](O)[C@H](O)[C@H]1O)[C@H](O)CO",
    "O=C(O)c1cc(S(=O)(=O)O)ccc1O",
    "O=C(O)c1cc([N+](=O)[O-])cc([N+](=O)[O-])c1O",
    "O=C(O)c1ccc(C(=O)O)nc1",
    "O=C(O)c1ccc(O)c(O)c1",
    "O=C(O)c1ccc(O)cc1",
    "O=C(O)c1ccc2ccccc2n1"
  ]
}