{
  "alloy": "WE43",
  "fold": 4,
  "setting": "far_unfilt",
  "model": "ChemProp",
  "r2": 0.5984381428844467,
  "mae": 45.817057782411574,
  "pearson_r": 0.8627380132851028,
  "pearson_p": 3.477877873348291e-05,
  "n_train": 4854,
  "n_test": 15,
  "n_features": 48,
  "elapsed_s": 699.8,
  "y_test": [
    24.0,
    -20.0,
    14.0,
    41.0,
    18.0,
    51.0,
    71.0,
    -56.0,
    34.0,
    95.0,
    -295.0,
    21.0,
    14.0,
    41.0,
    -79.0
  ],
  "y_pred": [
    5.6943206787109375,
    15.51917552947998,
    -2.6368916034698486,
    -0.9862087368965149,
    -2.9430689811706543,
    16.79050636291504,
    -39.4635124206543,
    -7.314537048339844,
    19.649158477783203,
    -1.8336416482925415,
    -397.66656494140625,
    -0.1483636200428009,
    16.524471282958984,
    -13.416985511779785,
    -10.434494972229004
  ],
  "test_smiles": [
    "O=C(O)c1ccccc1",
    "O=C(O)c1ccccc1C(=O)O",
    "O=C(O)c1ccccc1O",
    "O=C(O)c1ccccn1",
    "O=C(O)c1cccnc1",
    "O=C(O)c1cccnc1C(=O)O",
    "O=C1NC(=O)C([N+](=O)[O-])C(=O)N1",
    "O=C1O[C@H]([C@@H](O)CO)C(O)=C1O",
    "O=CO",
    "O=Cc1ccccc1O",
    "O=S(=O)([O-])c1cc(O)c(O)c(S(=O)(=O)[O-])c1.[Na+].[Na+]",
    "OCC(O)CO",
    "OC[C@H]1OC(O)[C@H](O)[C@@H](O)[C@@H]1O",
    "ON=Cc1ccccc1O",
    "S=c1[nH][nH]c(=S)s1"
  ]
}