{
  "alloy": "WE43",
  "fold": 3,
  "setting": "far_unfilt",
  "model": "MLP",
  "r2": 0.8467324770001606,
  "mae": 31.567127100626628,
  "pearson_r": 0.9210614740303495,
  "pearson_p": 1.103276239959899e-06,
  "n_train": 4854,
  "n_test": 15,
  "n_features": 2096,
  "elapsed_s": 865.6,
  "y_test": [
    -80.0,
    24.0,
    39.0,
    21.0,
    -296.0,
    -82.0,
    50.0,
    50.0,
    59.0,
    -131.0,
    66.0,
    83.0,
    -344.0,
    -281.0,
    62.0
  ],
  "y_pred": [
    -44.723388671875,
    26.496198654174805,
    26.89432144165039,
    22.80697250366211,
    -316.62255859375,
    -86.3896255493164,
    40.08713150024414,
    46.425228118896484,
    26.18209457397461,
    -108.10730743408203,
    18.549293518066406,
    65.94903564453125,
    -412.2906188964844,
    -92.29702758789062,
    55.884239196777344
  ],
  "test_smiles": [
    "O=C(O)CC(O)(C(=O)O)C(=O)O",
    "O=C(O)CC(O)C(=O)O",
    "O=C(O)CCC(=O)O",
    "O=C(O)CCCCC(=O)O",
    "O=C(O)CN(CC(=O)O)CC(=O)O",
    "O=C(O)CN(CCO)CCO",
    "O=C(O)CO",
    "O=C(O)COCC(=O)O",
    "O=C(O)[C@H](O)[C@@H](O)[C@H](O[C@@H]1O[C@H](CO)[C@H](O)[C@H](O)[C@H]1O)[C@H](O)CO",
    "O=C(O)c1cc(S(=O)(=O)O)ccc1O",
    "O=C(O)c1cc([N+](=O)[O-])cc([N+](=O)[O-])c1O",
    "O=C(O)c1ccc(C(=O)O)nc1",
    "O=C(O)c1ccc(O)c(O)c1",
    "O=C(O)c1ccc(O)cc1",
    "O=C(O)c1ccc2ccccc2n1"
  ]
}