{
  "alloy": "WE43",
  "fold": 4,
  "setting": "far_unfilt",
  "model": "MLP",
  "r2": -0.4625592062178445,
  "mae": 56.69565028349559,
  "pearson_r": 0.8922408036565661,
  "pearson_p": 7.767519476730482e-06,
  "n_train": 4854,
  "n_test": 15,
  "n_features": 2096,
  "elapsed_s": 882.2,
  "y_test": [
    24.0,
    -20.0,
    14.0,
    41.0,
    18.0,
    51.0,
    71.0,
    -56.0,
    34.0,
    95.0,
    -295.0,
    21.0,
    14.0,
    41.0,
    -79.0
  ],
  "y_pred": [
    -3.2106151580810547,
    16.158573150634766,
    -9.294238090515137,
    32.079185485839844,
    3.9458065032958984,
    55.410606384277344,
    30.75591278076172,
    -5.684376239776611,
    24.643573760986328,
    38.5789794921875,
    -683.1666259765625,
    4.4900007247924805,
    -1.0039438009262085,
    -20.57562255859375,
    19.7923641204834
  ],
  "test_smiles": [
    "O=C(O)c1ccccc1",
    "O=C(O)c1ccccc1C(=O)O",
    "O=C(O)c1ccccc1O",
    "O=C(O)c1ccccn1",
    "O=C(O)c1cccnc1",
    "O=C(O)c1cccnc1C(=O)O",
    "O=C1NC(=O)C([N+](=O)[O-])C(=O)N1",
    "O=C1O[C@H]([C@@H](O)CO)C(O)=C1O",
    "O=CO",
    "O=Cc1ccccc1O",
    "O=S(=O)([O-])c1cc(O)c(O)c(S(=O)(=O)[O-])c1.[Na+].[Na+]",
    "OCC(O)CO",
    "OC[C@H]1OC(O)[C@H](O)[C@@H](O)[C@@H]1O",
    "ON=Cc1ccccc1O",
    "S=c1[nH][nH]c(=S)s1"
  ]
}