{
  "alloy": "WE43",
  "fold": 2,
  "setting": "far_unfilt",
  "model": "ChemProp",
  "r2": 0.6732438971185015,
  "mae": 44.79616715113322,
  "pearson_r": 0.8482142358714462,
  "pearson_p": 6.44609564319085e-05,
  "n_train": 4854,
  "n_test": 15,
  "n_features": 48,
  "elapsed_s": 693.1,
  "y_test": [
    -228.0,
    50.0,
    33.0,
    52.0,
    -87.0,
    28.0,
    -296.0,
    52.0,
    -69.0,
    87.0,
    8.0,
    33.0,
    -10.0,
    -19.0,
    15.0
  ],
  "y_pred": [
    -84.26943969726562,
    -7.368388652801514,
    -7.173559188842773,
    -11.18877124786377,
    -99.11669921875,
    13.254080772399902,
    -410.41217041015625,
    4.129819869995117,
    -15.562557220458984,
    22.282161712646484,
    22.877214431762695,
    17.489789962768555,
    -11.443178176879883,
    -7.848904609680176,
    -2.19927978515625
  ],
  "test_smiles": [
    "N[C@@H](CCC(=O)O)C(=O)O",
    "Nc1ccc(C(=O)O)c(O)c1",
    "Nc1ccc(O)c(C(=O)O)c1",
    "Nc1nc2ncc(CNc3ccc(C(=O)NC(CCC(=O)O)C(=O)O)cc3)nc2c(=O)[nH]1",
    "Nc1ncn[nH]1",
    "O.O.O=C([O-])[C@H](O)CO.O=C([O-])[C@H](O)CO.[Ca+2]",
    "O.O=C(O)CN(CC(=O)O)[C@@H]1CCCC[C@H]1N(CC(=O)O)CC(=O)O",
    "O=C(CC(=O)C(F)(F)F)c1cccs1",
    "O=C(NO)c1ccccc1O",
    "O=C(O)/C=C/C(=O)O",
    "O=C(O)/C=C\\C(=O)O",
    "O=C(O)C(=O)O",
    "O=C(O)C(O)C(O)C(=O)O",
    "O=C(O)C(O)c1ccccc1",
    "O=C(O)C1(O)C[C@@H](O)C(O)[C@H](O)C1"
  ]
}