{
  "alloy": "WE43",
  "fold": 4,
  "setting": "far_unfilt",
  "model": "GBR",
  "r2": 0.7890788452867871,
  "mae": 34.267619764615944,
  "pearson_r": 0.9091369346100713,
  "pearson_p": 2.6733226721219376e-06,
  "n_train": 4854,
  "n_test": 15,
  "n_features": 2096,
  "elapsed_s": 1042.9,
  "y_test": [
    24.0,
    -20.0,
    14.0,
    41.0,
    18.0,
    51.0,
    71.0,
    -56.0,
    34.0,
    95.0,
    -295.0,
    21.0,
    14.0,
    41.0,
    -79.0
  ],
  "y_pred": [
    7.771000809226129,
    25.900174317409256,
    24.582774134875795,
    27.677586250852336,
    13.605776561518494,
    39.41914265853556,
    27.058201825541587,
    -0.709953761106271,
    7.442434191783609,
    22.676761231386987,
    -237.6387086328041,
    -0.06585871423703457,
    -2.8140628945432904,
    -3.3387423624529697,
    -4.687750031524076
  ],
  "test_smiles": [
    "O=C(O)c1ccccc1",
    "O=C(O)c1ccccc1C(=O)O",
    "O=C(O)c1ccccc1O",
    "O=C(O)c1ccccn1",
    "O=C(O)c1cccnc1",
    "O=C(O)c1cccnc1C(=O)O",
    "O=C1NC(=O)C([N+](=O)[O-])C(=O)N1",
    "O=C1O[C@H]([C@@H](O)CO)C(O)=C1O",
    "O=CO",
    "O=Cc1ccccc1O",
    "O=S(=O)([O-])c1cc(O)c(O)c(S(=O)(=O)[O-])c1.[Na+].[Na+]",
    "OCC(O)CO",
    "OC[C@H]1OC(O)[C@H](O)[C@@H](O)[C@@H]1O",
    "ON=Cc1ccccc1O",
    "S=c1[nH][nH]c(=S)s1"
  ]
}