{
  "alloy": "WE43",
  "fold": 3,
  "setting": "exact",
  "model": "RF",
  "r2": -0.2302182767022385,
  "mae": 126.99170666666667,
  "pearson_r": -0.15679889562316074,
  "pearson_p": 0.576798824856775,
  "n_train": 60,
  "n_test": 15,
  "n_features": 2051,
  "elapsed_s": 10.7,
  "y_test": [
    -80.0,
    24.0,
    39.0,
    21.0,
    -296.0,
    -82.0,
    50.0,
    50.0,
    59.0,
    -131.0,
    66.0,
    83.0,
    -344.0,
    -281.0,
    62.0
  ],
  "y_pred": [
    -59.61080000000002,
    -81.6554,
    -77.645,
    -79.8298,
    -104.65320000000003,
    -104.14020000000001,
    -77.65419999999999,
    -78.0736,
    -44.61780000000001,
    16.104799999999997,
    -13.973199999999999,
    22.517,
    22.056600000000003,
    18.4506,
    26.5446
  ],
  "test_smiles": [
    "O=C(O)CC(O)(C(=O)O)C(=O)O",
    "O=C(O)CC(O)C(=O)O",
    "O=C(O)CCC(=O)O",
    "O=C(O)CCCCC(=O)O",
    "O=C(O)CN(CC(=O)O)CC(=O)O",
    "O=C(O)CN(CCO)CCO",
    "O=C(O)CO",
    "O=C(O)COCC(=O)O",
    "O=C(O)[C@H](O)[C@@H](O)[C@H](O[C@@H]1O[C@H](CO)[C@H](O)[C@H](O)[C@H]1O)[C@H](O)CO",
    "O=C(O)c1cc(S(=O)(=O)O)ccc1O",
    "O=C(O)c1cc([N+](=O)[O-])cc([N+](=O)[O-])c1O",
    "O=C(O)c1ccc(C(=O)O)nc1",
    "O=C(O)c1ccc(O)c(O)c1",
    "O=C(O)c1ccc(O)cc1",
    "O=C(O)c1ccc2ccccc2n1"
  ]
}