{
  "alloy": "WE43",
  "fold": 4,
  "setting": "close_unfilt",
  "model": "MLP",
  "r2": -0.0591676295772352,
  "mae": 51.81936473846436,
  "pearson_r": 0.8955293713757144,
  "pearson_p": 6.402425417556263e-06,
  "n_train": 899,
  "n_test": 15,
  "n_features": 2091,
  "elapsed_s": 325.9,
  "y_test": [
    24.0,
    -20.0,
    14.0,
    41.0,
    18.0,
    51.0,
    71.0,
    -56.0,
    34.0,
    95.0,
    -295.0,
    21.0,
    14.0,
    41.0,
    -79.0
  ],
  "y_pred": [
    44.563560485839844,
    22.205089569091797,
    24.769603729248047,
    38.531227111816406,
    27.17644500732422,
    54.22221374511719,
    45.26253890991211,
    12.279224395751953,
    19.778358459472656,
    58.90534210205078,
    -611.0570678710938,
    -4.561996936798096,
    -11.759765625,
    -64.92554473876953,
    -7.752574443817139
  ],
  "test_smiles": [
    "O=C(O)c1ccccc1",
    "O=C(O)c1ccccc1C(=O)O",
    "O=C(O)c1ccccc1O",
    "O=C(O)c1ccccn1",
    "O=C(O)c1cccnc1",
    "O=C(O)c1cccnc1C(=O)O",
    "O=C1NC(=O)C([N+](=O)[O-])C(=O)N1",
    "O=C1O[C@H]([C@@H](O)CO)C(O)=C1O",
    "O=CO",
    "O=Cc1ccccc1O",
    "O=S(=O)([O-])c1cc(O)c(O)c(S(=O)(=O)[O-])c1.[Na+].[Na+]",
    "OCC(O)CO",
    "OC[C@H]1OC(O)[C@H](O)[C@@H](O)[C@@H]1O",
    "ON=Cc1ccccc1O",
    "S=c1[nH][nH]c(=S)s1"
  ]
}