{
  "alloy": "WE43",
  "fold": 4,
  "setting": "close_filt",
  "model": "RF",
  "r2": 0.038256158931157636,
  "mae": 56.44828666666667,
  "pearson_r": 0.25472784049640984,
  "pearson_p": 0.35955569808923615,
  "n_train": 810,
  "n_test": 15,
  "n_features": 2091,
  "elapsed_s": 126.9,
  "y_test": [
    24.0,
    -20.0,
    14.0,
    41.0,
    18.0,
    51.0,
    71.0,
    -56.0,
    34.0,
    95.0,
    -295.0,
    21.0,
    14.0,
    41.0,
    -79.0
  ],
  "y_pred": [
    -4.18282,
    44.05452999999999,
    33.32551666666667,
    52.51192,
    52.27673333333333,
    55.07839333333333,
    -35.633199999999995,
    -0.1530000000000002,
    15.531979999999999,
    -3.629733333333333,
    -15.022559999999997,
    1.6073399999999998,
    8.5678,
    -4.041933333333333,
    -23.1278
  ],
  "test_smiles": [
    "O=C(O)c1ccccc1",
    "O=C(O)c1ccccc1C(=O)O",
    "O=C(O)c1ccccc1O",
    "O=C(O)c1ccccn1",
    "O=C(O)c1cccnc1",
    "O=C(O)c1cccnc1C(=O)O",
    "O=C1NC(=O)C([N+](=O)[O-])C(=O)N1",
    "O=C1O[C@H]([C@@H](O)CO)C(O)=C1O",
    "O=CO",
    "O=Cc1ccccc1O",
    "O=S(=O)([O-])c1cc(O)c(O)c(S(=O)(=O)[O-])c1.[Na+].[Na+]",
    "OCC(O)CO",
    "OC[C@H]1OC(O)[C@H](O)[C@@H](O)[C@@H]1O",
    "ON=Cc1ccccc1O",
    "S=c1[nH][nH]c(=S)s1"
  ]
}