{
  "alloy": "WE43",
  "fold": 0,
  "setting": "far_filt",
  "model": "ChemProp",
  "r2": -0.5092873059905292,
  "mae": 70.95508600870768,
  "pearson_r": 0.1419674004060475,
  "pearson_p": 0.6137655428168036,
  "n_train": 4746,
  "n_test": 15,
  "n_features": 48,
  "elapsed_s": 578.6,
  "y_test": [
    23.0,
    -119.0,
    -18.0,
    -18.0,
    10.0,
    -159.0,
    -221.0,
    -162.0,
    19.0,
    -13.0,
    49.0,
    -113.0,
    -69.0,
    -23.0,
    8.0
  ],
  "y_pred": [
    19.850135803222656,
    -186.2303009033203,
    -11.938775062561035,
    4.305869102478027,
    -26.65968132019043,
    15.369481086730957,
    13.675702095031738,
    -8.03432846069336,
    19.224721908569336,
    27.372989654541016,
    6.204129219055176,
    -17.023868560791016,
    7.690046310424805,
    9.411456108093262,
    -69.4372787475586
  ],
  "test_smiles": [
    "C/C(=C/C(=O)O)C(=O)O",
    "C1CNCCN1",
    "C1N2CN3CN1CN(C2)C3",
    "CC(C)(C)c1ccc(C(=O)O)cc1",
    "CC(C)(CO)[C@@H](O)C(=O)NCCCO",
    "CC(O)C(=O)O",
    "CC1(C)NC(=O)NC1=O",
    "CC1(C)S[C@@H]2[C@H](NC(=O)Cc3ccccc3)C(=O)N2[C@H]1C(=O)[O-].[Na+]",
    "CCC(=O)O",
    "CCCCCCCCCCCCCCCCCC(=O)[O-].[Na+]",
    "CCCCCCCCCCCCc1ccc(S(=O)(=O)O)cc1",
    "CCCC[C@H](N)C(=O)O",
    "CNC1C(OC2C(OC3C(O)C(O)C(N=C(N)N)C(O)C3N=C(N)N)OC(C)C2(O)C=O)OC(CO)C(O)C1O",
    "COC(=O)NC1C(OC2C(CO)OC(OC3C(CO)OC(O)C(N)C3O)C(N)C2O)OC(CO)C(OC2OC(CO)C(OC3OC(CO)C(OC4OC(CO)C(OC5OC(CO)C(OC6OC(CO)C(OC7OC(CO)C(O)C(O)C7N)C(O)C6N)C(O)C5N)C(O)C4N)C(O)C3N)C(O)C2N)C1O",
    "Cc1cc(C)[nH]n1"
  ]
}