{
  "alloy": "WE43",
  "fold": 4,
  "setting": "close_filt",
  "model": "kNN_Tan",
  "r2": -6.8497993802520165,
  "mae": 155.42952834944617,
  "pearson_r": -0.0165595751412665,
  "pearson_p": 0.9532911709056874,
  "n_train": 810,
  "n_test": 15,
  "n_features": 2091,
  "elapsed_s": 0.0,
  "y_test": [
    24.0,
    -20.0,
    14.0,
    41.0,
    18.0,
    51.0,
    71.0,
    -56.0,
    34.0,
    95.0,
    -295.0,
    21.0,
    14.0,
    41.0,
    -79.0
  ],
  "y_pred": [
    -510.84801147443306,
    58.783998458328234,
    -220.76000000000005,
    78.14400378829967,
    35.697807306590065,
    71.78151215805862,
    -586.0399764398413,
    -69.74400140487529,
    48.36000000000001,
    -205.76000345936495,
    -200.4,
    25.25842357843031,
    -9.891983324259595,
    -189.60800695043378,
    -147.16519689877748
  ],
  "test_smiles": [
    "O=C(O)c1ccccc1",
    "O=C(O)c1ccccc1C(=O)O",
    "O=C(O)c1ccccc1O",
    "O=C(O)c1ccccn1",
    "O=C(O)c1cccnc1",
    "O=C(O)c1cccnc1C(=O)O",
    "O=C1NC(=O)C([N+](=O)[O-])C(=O)N1",
    "O=C1O[C@H]([C@@H](O)CO)C(O)=C1O",
    "O=CO",
    "O=Cc1ccccc1O",
    "O=S(=O)([O-])c1cc(O)c(O)c(S(=O)(=O)[O-])c1.[Na+].[Na+]",
    "OCC(O)CO",
    "OC[C@H]1OC(O)[C@H](O)[C@@H](O)[C@@H]1O",
    "ON=Cc1ccccc1O",
    "S=c1[nH][nH]c(=S)s1"
  ]
}