{
  "alloy": "WE43",
  "fold": 3,
  "setting": "far_filt",
  "model": "MLP",
  "r2": -0.014850595642125874,
  "mae": 101.16632524132729,
  "pearson_r": 0.3397756863569308,
  "pearson_p": 0.2153239586108849,
  "n_train": 4720,
  "n_test": 15,
  "n_features": 2096,
  "elapsed_s": 929.3,
  "y_test": [
    -80.0,
    24.0,
    39.0,
    21.0,
    -296.0,
    -82.0,
    50.0,
    50.0,
    59.0,
    -131.0,
    66.0,
    83.0,
    -344.0,
    -281.0,
    62.0
  ],
  "y_pred": [
    1.5615758895874023,
    -24.725736618041992,
    -5.12690544128418,
    12.404031753540039,
    -104.8917007446289,
    -37.97697067260742,
    -14.596609115600586,
    -19.387758255004883,
    34.14678192138672,
    40.546451568603516,
    11.227782249450684,
    22.380233764648438,
    20.416213989257812,
    0.4634588658809662,
    54.302330017089844
  ],
  "test_smiles": [
    "O=C(O)CC(O)(C(=O)O)C(=O)O",
    "O=C(O)CC(O)C(=O)O",
    "O=C(O)CCC(=O)O",
    "O=C(O)CCCCC(=O)O",
    "O=C(O)CN(CC(=O)O)CC(=O)O",
    "O=C(O)CN(CCO)CCO",
    "O=C(O)CO",
    "O=C(O)COCC(=O)O",
    "O=C(O)[C@H](O)[C@@H](O)[C@H](O[C@@H]1O[C@H](CO)[C@H](O)[C@H](O)[C@H]1O)[C@H](O)CO",
    "O=C(O)c1cc(S(=O)(=O)O)ccc1O",
    "O=C(O)c1cc([N+](=O)[O-])cc([N+](=O)[O-])c1O",
    "O=C(O)c1ccc(C(=O)O)nc1",
    "O=C(O)c1ccc(O)c(O)c1",
    "O=C(O)c1ccc(O)cc1",
    "O=C(O)c1ccc2ccccc2n1"
  ]
}