{
  "alloy": "WE43",
  "fold": 3,
  "setting": "close_unfilt",
  "model": "GBR",
  "r2": 0.9006494668473471,
  "mae": 28.98794057962456,
  "pearson_r": 0.9571605624233306,
  "pearson_p": 2.267673930492926e-08,
  "n_train": 899,
  "n_test": 15,
  "n_features": 2091,
  "elapsed_s": 100.4,
  "y_test": [
    -80.0,
    24.0,
    39.0,
    21.0,
    -296.0,
    -82.0,
    50.0,
    50.0,
    59.0,
    -131.0,
    66.0,
    83.0,
    -344.0,
    -281.0,
    62.0
  ],
  "y_pred": [
    -72.5307303898875,
    19.813602630944025,
    20.12862413742271,
    20.41534224359063,
    -277.80975618554373,
    -103.04823957744506,
    24.86723978910509,
    35.83989630751246,
    18.539218640364396,
    -119.57987062961482,
    34.12726171931325,
    62.54188615670937,
    -479.0784219578646,
    -199.90513457262284,
    57.20898943831045
  ],
  "test_smiles": [
    "O=C(O)CC(O)(C(=O)O)C(=O)O",
    "O=C(O)CC(O)C(=O)O",
    "O=C(O)CCC(=O)O",
    "O=C(O)CCCCC(=O)O",
    "O=C(O)CN(CC(=O)O)CC(=O)O",
    "O=C(O)CN(CCO)CCO",
    "O=C(O)CO",
    "O=C(O)COCC(=O)O",
    "O=C(O)[C@H](O)[C@@H](O)[C@H](O[C@@H]1O[C@H](CO)[C@H](O)[C@H](O)[C@H]1O)[C@H](O)CO",
    "O=C(O)c1cc(S(=O)(=O)O)ccc1O",
    "O=C(O)c1cc([N+](=O)[O-])cc([N+](=O)[O-])c1O",
    "O=C(O)c1ccc(C(=O)O)nc1",
    "O=C(O)c1ccc(O)c(O)c1",
    "O=C(O)c1ccc(O)cc1",
    "O=C(O)c1ccc2ccccc2n1"
  ]
}