{
  "alloy": "WE43",
  "fold": 4,
  "setting": "far_filt",
  "model": "kNN_Tan",
  "r2": -1.7957513644177694,
  "mae": 79.09954431993373,
  "pearson_r": -0.15964116737046036,
  "pearson_p": 0.5698217151457289,
  "n_train": 4710,
  "n_test": 15,
  "n_features": 2096,
  "elapsed_s": 0.1,
  "y_test": [
    24.0,
    -20.0,
    14.0,
    41.0,
    18.0,
    51.0,
    71.0,
    -56.0,
    34.0,
    95.0,
    -295.0,
    21.0,
    14.0,
    41.0,
    -79.0
  ],
  "y_pred": [
    -28.028629453407344,
    42.14639919612116,
    18.560000826009176,
    15.33602003017414,
    9.55941708692035,
    43.16981736898671,
    -375.5759231318718,
    -59.120001190872735,
    49.544000000000004,
    71.11979154394643,
    29.039998757088544,
    14.971993794635546,
    -7.389606062380503,
    87.28278168471725,
    59.96286432120033
  ],
  "test_smiles": [
    "O=C(O)c1ccccc1",
    "O=C(O)c1ccccc1C(=O)O",
    "O=C(O)c1ccccc1O",
    "O=C(O)c1ccccn1",
    "O=C(O)c1cccnc1",
    "O=C(O)c1cccnc1C(=O)O",
    "O=C1NC(=O)C([N+](=O)[O-])C(=O)N1",
    "O=C1O[C@H]([C@@H](O)CO)C(O)=C1O",
    "O=CO",
    "O=Cc1ccccc1O",
    "O=S(=O)([O-])c1cc(O)c(O)c(S(=O)(=O)[O-])c1.[Na+].[Na+]",
    "OCC(O)CO",
    "OC[C@H]1OC(O)[C@H](O)[C@@H](O)[C@@H]1O",
    "ON=Cc1ccccc1O",
    "S=c1[nH][nH]c(=S)s1"
  ]
}