{
  "alloy": "WE43",
  "fold": 2,
  "setting": "close_filt",
  "model": "GBR",
  "r2": 0.3770343572639179,
  "mae": 61.645844040466855,
  "pearson_r": 0.7214073308000013,
  "pearson_p": 0.002399920888663093,
  "n_train": 814,
  "n_test": 15,
  "n_features": 2091,
  "elapsed_s": 85.4,
  "y_test": [
    -228.0,
    50.0,
    33.0,
    52.0,
    -87.0,
    28.0,
    -296.0,
    52.0,
    -69.0,
    87.0,
    8.0,
    33.0,
    -10.0,
    -19.0,
    15.0
  ],
  "y_pred": [
    -62.63784011755999,
    0.6964597516158182,
    19.7118594026652,
    -37.29928080886396,
    -73.41247841496292,
    -39.19545093924029,
    -94.91175671869834,
    -23.282927180305464,
    5.1169641738668235,
    20.068881751148464,
    19.593904562117753,
    16.627537023275707,
    -27.093852851643906,
    16.795411488511736,
    -13.376681782379638
  ],
  "test_smiles": [
    "N[C@@H](CCC(=O)O)C(=O)O",
    "Nc1ccc(C(=O)O)c(O)c1",
    "Nc1ccc(O)c(C(=O)O)c1",
    "Nc1nc2ncc(CNc3ccc(C(=O)NC(CCC(=O)O)C(=O)O)cc3)nc2c(=O)[nH]1",
    "Nc1ncn[nH]1",
    "O.O.O=C([O-])[C@H](O)CO.O=C([O-])[C@H](O)CO.[Ca+2]",
    "O.O=C(O)CN(CC(=O)O)[C@@H]1CCCC[C@H]1N(CC(=O)O)CC(=O)O",
    "O=C(CC(=O)C(F)(F)F)c1cccs1",
    "O=C(NO)c1ccccc1O",
    "O=C(O)/C=C/C(=O)O",
    "O=C(O)/C=C\\C(=O)O",
    "O=C(O)C(=O)O",
    "O=C(O)C(O)C(O)C(=O)O",
    "O=C(O)C(O)c1ccccc1",
    "O=C(O)C1(O)C[C@@H](O)C(O)[C@H](O)C1"
  ]
}