{
  "alloy": "WE43",
  "fold": 4,
  "setting": "far_unfilt",
  "model": "RF",
  "r2": 0.4567169229436665,
  "mae": 46.696518952380956,
  "pearson_r": 0.7563629334986002,
  "pearson_p": 0.0011016101025210416,
  "n_train": 4854,
  "n_test": 15,
  "n_features": 2096,
  "elapsed_s": 1513.1,
  "y_test": [
    24.0,
    -20.0,
    14.0,
    41.0,
    18.0,
    51.0,
    71.0,
    -56.0,
    34.0,
    95.0,
    -295.0,
    21.0,
    14.0,
    41.0,
    -79.0
  ],
  "y_pred": [
    13.966199999999999,
    39.468599999999995,
    32.385,
    48.502373333333324,
    34.87449,
    50.753646666666675,
    -6.803706666666668,
    9.552066666666665,
    14.783526666666669,
    -0.447,
    -110.47145333333336,
    -0.6277504761904762,
    1.5458347619047617,
    -15.848126666666666,
    -24.540668095238097
  ],
  "test_smiles": [
    "O=C(O)c1ccccc1",
    "O=C(O)c1ccccc1C(=O)O",
    "O=C(O)c1ccccc1O",
    "O=C(O)c1ccccn1",
    "O=C(O)c1cccnc1",
    "O=C(O)c1cccnc1C(=O)O",
    "O=C1NC(=O)C([N+](=O)[O-])C(=O)N1",
    "O=C1O[C@H]([C@@H](O)CO)C(O)=C1O",
    "O=CO",
    "O=Cc1ccccc1O",
    "O=S(=O)([O-])c1cc(O)c(O)c(S(=O)(=O)[O-])c1.[Na+].[Na+]",
    "OCC(O)CO",
    "OC[C@H]1OC(O)[C@H](O)[C@@H](O)[C@@H]1O",
    "ON=Cc1ccccc1O",
    "S=c1[nH][nH]c(=S)s1"
  ]
}