{
  "alloy": "WE43",
  "fold": 0,
  "setting": "close_unfilt",
  "model": "MLP",
  "r2": -0.21857565696928183,
  "mae": 59.332313712437944,
  "pearson_r": 0.7037808832201513,
  "pearson_p": 0.003410564890322332,
  "n_train": 899,
  "n_test": 15,
  "n_features": 2091,
  "elapsed_s": 211.0,
  "y_test": [
    23.0,
    -119.0,
    -18.0,
    -18.0,
    10.0,
    -159.0,
    -221.0,
    -162.0,
    19.0,
    -13.0,
    49.0,
    -113.0,
    -69.0,
    -23.0,
    8.0
  ],
  "y_pred": [
    1.9845993518829346,
    -71.44458770751953,
    -27.79308319091797,
    26.825851440429688,
    -110.52562713623047,
    22.256418228149414,
    -400.97882080078125,
    -211.2605438232422,
    18.263267517089844,
    -26.426254272460938,
    52.375328063964844,
    -120.97374725341797,
    -227.85238647460938,
    -39.28581619262695,
    -27.12328338623047
  ],
  "test_smiles": [
    "C/C(=C/C(=O)O)C(=O)O",
    "C1CNCCN1",
    "C1N2CN3CN1CN(C2)C3",
    "CC(C)(C)c1ccc(C(=O)O)cc1",
    "CC(C)(CO)[C@@H](O)C(=O)NCCCO",
    "CC(O)C(=O)O",
    "CC1(C)NC(=O)NC1=O",
    "CC1(C)S[C@@H]2[C@H](NC(=O)Cc3ccccc3)C(=O)N2[C@H]1C(=O)[O-].[Na+]",
    "CCC(=O)O",
    "CCCCCCCCCCCCCCCCCC(=O)[O-].[Na+]",
    "CCCCCCCCCCCCc1ccc(S(=O)(=O)O)cc1",
    "CCCC[C@H](N)C(=O)O",
    "CNC1C(OC2C(OC3C(O)C(O)C(N=C(N)N)C(O)C3N=C(N)N)OC(C)C2(O)C=O)OC(CO)C(O)C1O",
    "COC(=O)NC1C(OC2C(CO)OC(OC3C(CO)OC(O)C(N)C3O)C(N)C2O)OC(CO)C(OC2OC(CO)C(OC3OC(CO)C(OC4OC(CO)C(OC5OC(CO)C(OC6OC(CO)C(OC7OC(CO)C(O)C(O)C7N)C(O)C6N)C(O)C5N)C(O)C4N)C(O)C3N)C(O)C2N)C1O",
    "Cc1cc(C)[nH]n1"
  ]
}