{
  "alloy": "WE43",
  "fold": 0,
  "setting": "exact",
  "model": "GBR",
  "r2": -0.9968346937387156,
  "mae": 86.9126545500014,
  "pearson_r": -0.13810286372534386,
  "pearson_p": 0.6235459568852243,
  "n_train": 60,
  "n_test": 15,
  "n_features": 2051,
  "elapsed_s": 9.5,
  "y_test": [
    23.0,
    -119.0,
    -18.0,
    -18.0,
    10.0,
    -159.0,
    -221.0,
    -162.0,
    19.0,
    -13.0,
    49.0,
    -113.0,
    -69.0,
    -23.0,
    8.0
  ],
  "y_pred": [
    55.76428338983979,
    9.487155178497254,
    10.773865704423574,
    -98.688234585596,
    0.18987685032435564,
    19.42887597704555,
    22.54582271326477,
    12.085954452192041,
    16.454738199230942,
    21.31796507833102,
    -109.85712552472893,
    -182.18491583591404,
    -30.135646164826202,
    -86.17532532255863,
    -52.160555702011045
  ],
  "test_smiles": [
    "C/C(=C/C(=O)O)C(=O)O",
    "C1CNCCN1",
    "C1N2CN3CN1CN(C2)C3",
    "CC(C)(C)c1ccc(C(=O)O)cc1",
    "CC(C)(CO)[C@@H](O)C(=O)NCCCO",
    "CC(O)C(=O)O",
    "CC1(C)NC(=O)NC1=O",
    "CC1(C)S[C@@H]2[C@H](NC(=O)Cc3ccccc3)C(=O)N2[C@H]1C(=O)[O-].[Na+]",
    "CCC(=O)O",
    "CCCCCCCCCCCCCCCCCC(=O)[O-].[Na+]",
    "CCCCCCCCCCCCc1ccc(S(=O)(=O)O)cc1",
    "CCCC[C@H](N)C(=O)O",
    "CNC1C(OC2C(OC3C(O)C(O)C(N=C(N)N)C(O)C3N=C(N)N)OC(C)C2(O)C=O)OC(CO)C(O)C1O",
    "COC(=O)NC1C(OC2C(CO)OC(OC3C(CO)OC(O)C(N)C3O)C(N)C2O)OC(CO)C(OC2OC(CO)C(OC3OC(CO)C(OC4OC(CO)C(OC5OC(CO)C(OC6OC(CO)C(OC7OC(CO)C(O)C(O)C7N)C(O)C6N)C(O)C5N)C(O)C4N)C(O)C3N)C(O)C2N)C1O",
    "Cc1cc(C)[nH]n1"
  ]
}