{
  "alloy": "WE43",
  "fold": 1,
  "setting": "far_unfilt",
  "model": "kNN_Tan",
  "r2": -0.7568146363728885,
  "mae": 103.12607412673714,
  "pearson_r": 0.6188483044898643,
  "pearson_p": 0.013906341365810518,
  "n_train": 4854,
  "n_test": 15,
  "n_features": 2096,
  "elapsed_s": 0.1,
  "y_test": [
    36.0,
    76.0,
    52.0,
    50.0,
    -7.0,
    -20.0,
    -61.0,
    -197.0,
    -255.0,
    -258.0,
    -142.0,
    23.0,
    43.0,
    -268.0,
    -134.0
  ],
  "y_pred": [
    -10.599999999999998,
    68.896,
    54.84799999999999,
    -98.696,
    -222.37600000000006,
    -168.048,
    -126.30175190105714,
    -256.3760000000001,
    -724.7999999999997,
    4.34296,
    -129.68,
    -11.144,
    5.8112,
    -256.22239999999994,
    -159.968
  ],
  "test_smiles": [
    "Cc1ccc(C(=O)O)c(O)c1",
    "Cc1ccc(O)c(C(=O)O)c1",
    "Cc1cccc(C(=O)O)c1O",
    "Cc1cccc(C(=O)O)c1[N+](=O)[O-]",
    "Cc1cccc(O)c1O",
    "Cc1occc(=O)c1O",
    "Cl.Cl.NCCc1cnc[nH]1",
    "Cl.NCC(=O)NCC(=O)O",
    "NC(CO)(CO)CO",
    "NC(CS)C(=O)O",
    "NC(Cc1ccccc1)C(=O)O",
    "NC(N)=O",
    "NC(N)=S",
    "NCC(=O)O",
    "N[C@@H](CC(=O)O)C(=O)O"
  ]
}