{
  "alloy": "WE43",
  "fold": 1,
  "setting": "close_unfilt",
  "model": "MLP",
  "r2": 0.6146463777723263,
  "mae": 60.66459420522054,
  "pearson_r": 0.7909447861098735,
  "pearson_p": 0.00044583885709644796,
  "n_train": 899,
  "n_test": 15,
  "n_features": 2091,
  "elapsed_s": 320.6,
  "y_test": [
    36.0,
    76.0,
    52.0,
    50.0,
    -7.0,
    -20.0,
    -61.0,
    -197.0,
    -255.0,
    -258.0,
    -142.0,
    23.0,
    43.0,
    -268.0,
    -134.0
  ],
  "y_pred": [
    32.23301696777344,
    56.65499496459961,
    71.44662475585938,
    -15.24352741241455,
    -58.564701080322266,
    -69.87236022949219,
    -86.50399780273438,
    -154.86160278320312,
    -374.6980895996094,
    -83.78026580810547,
    -75.13117980957031,
    -9.824542999267578,
    17.079383850097656,
    -158.91526794433594,
    -29.529218673706055
  ],
  "test_smiles": [
    "Cc1ccc(C(=O)O)c(O)c1",
    "Cc1ccc(O)c(C(=O)O)c1",
    "Cc1cccc(C(=O)O)c1O",
    "Cc1cccc(C(=O)O)c1[N+](=O)[O-]",
    "Cc1cccc(O)c1O",
    "Cc1occc(=O)c1O",
    "Cl.Cl.NCCc1cnc[nH]1",
    "Cl.NCC(=O)NCC(=O)O",
    "NC(CO)(CO)CO",
    "NC(CS)C(=O)O",
    "NC(Cc1ccccc1)C(=O)O",
    "NC(N)=O",
    "NC(N)=S",
    "NCC(=O)O",
    "N[C@@H](CC(=O)O)C(=O)O"
  ]
}