{
  "alloy": "WE43",
  "fold": 4,
  "setting": "close_filt",
  "model": "MLP",
  "r2": -0.22695935839869796,
  "mae": 77.584854666392,
  "pearson_r": 0.2779596412177098,
  "pearson_p": 0.315817781206124,
  "n_train": 810,
  "n_test": 15,
  "n_features": 2091,
  "elapsed_s": 176.3,
  "y_test": [
    24.0,
    -20.0,
    14.0,
    41.0,
    18.0,
    51.0,
    71.0,
    -56.0,
    34.0,
    95.0,
    -295.0,
    21.0,
    14.0,
    41.0,
    -79.0
  ],
  "y_pred": [
    -39.368751525878906,
    -25.250078201293945,
    -22.052101135253906,
    -10.299673080444336,
    -4.933594226837158,
    -19.181747436523438,
    -81.15869140625,
    -77.84931945800781,
    -55.421260833740234,
    -79.56939697265625,
    -81.62487030029297,
    -63.038082122802734,
    -38.501869201660156,
    -85.34082794189453,
    -79.43229675292969
  ],
  "test_smiles": [
    "O=C(O)c1ccccc1",
    "O=C(O)c1ccccc1C(=O)O",
    "O=C(O)c1ccccc1O",
    "O=C(O)c1ccccn1",
    "O=C(O)c1cccnc1",
    "O=C(O)c1cccnc1C(=O)O",
    "O=C1NC(=O)C([N+](=O)[O-])C(=O)N1",
    "O=C1O[C@H]([C@@H](O)CO)C(O)=C1O",
    "O=CO",
    "O=Cc1ccccc1O",
    "O=S(=O)([O-])c1cc(O)c(O)c(S(=O)(=O)[O-])c1.[Na+].[Na+]",
    "OCC(O)CO",
    "OC[C@H]1OC(O)[C@H](O)[C@@H](O)[C@@H]1O",
    "ON=Cc1ccccc1O",
    "S=c1[nH][nH]c(=S)s1"
  ]
}