{
  "alloy": "WE43",
  "fold": 3,
  "setting": "close_filt",
  "model": "GBR",
  "r2": -0.2486580389981985,
  "mae": 117.36498718052161,
  "pearson_r": -0.009767106093829817,
  "pearson_p": 0.9724413427889125,
  "n_train": 795,
  "n_test": 15,
  "n_features": 2091,
  "elapsed_s": 86.5,
  "y_test": [
    -80.0,
    24.0,
    39.0,
    21.0,
    -296.0,
    -82.0,
    50.0,
    50.0,
    59.0,
    -131.0,
    66.0,
    83.0,
    -344.0,
    -281.0,
    62.0
  ],
  "y_pred": [
    -10.514953641801851,
    -13.88304066736978,
    -10.191469634269486,
    -10.185160532748814,
    -131.60881858767877,
    -135.1556861072817,
    -9.718057808611793,
    -10.031948699406,
    1.09277742571315,
    61.623737843120296,
    8.099041108844881,
    44.44419785595421,
    43.03238595375247,
    42.57389682315436,
    -115.83921225810224
  ],
  "test_smiles": [
    "O=C(O)CC(O)(C(=O)O)C(=O)O",
    "O=C(O)CC(O)C(=O)O",
    "O=C(O)CCC(=O)O",
    "O=C(O)CCCCC(=O)O",
    "O=C(O)CN(CC(=O)O)CC(=O)O",
    "O=C(O)CN(CCO)CCO",
    "O=C(O)CO",
    "O=C(O)COCC(=O)O",
    "O=C(O)[C@H](O)[C@@H](O)[C@H](O[C@@H]1O[C@H](CO)[C@H](O)[C@H](O)[C@H]1O)[C@H](O)CO",
    "O=C(O)c1cc(S(=O)(=O)O)ccc1O",
    "O=C(O)c1cc([N+](=O)[O-])cc([N+](=O)[O-])c1O",
    "O=C(O)c1ccc(C(=O)O)nc1",
    "O=C(O)c1ccc(O)c(O)c1",
    "O=C(O)c1ccc(O)cc1",
    "O=C(O)c1ccc2ccccc2n1"
  ]
}