{
  "alloy": "WE43",
  "fold": 2,
  "setting": "exact",
  "model": "MLP",
  "r2": 0.1815982579370803,
  "mae": 86.60055252710978,
  "pearson_r": 0.6496764908204685,
  "pearson_p": 0.008756237618084212,
  "n_train": 60,
  "n_test": 15,
  "n_features": 2051,
  "elapsed_s": 14.9,
  "y_test": [
    -228.0,
    50.0,
    33.0,
    52.0,
    -87.0,
    28.0,
    -296.0,
    52.0,
    -69.0,
    87.0,
    8.0,
    33.0,
    -10.0,
    -19.0,
    15.0
  ],
  "y_pred": [
    -78.70127868652344,
    -31.063316345214844,
    -50.458797454833984,
    -43.587100982666016,
    -49.248809814453125,
    -55.45942306518555,
    -137.6971893310547,
    -51.17320251464844,
    -6.726502895355225,
    -44.513240814208984,
    -45.76506423950195,
    -60.103389739990234,
    -79.8610610961914,
    -35.54413986206055,
    -64.85333251953125
  ],
  "test_smiles": [
    "N[C@@H](CCC(=O)O)C(=O)O",
    "Nc1ccc(C(=O)O)c(O)c1",
    "Nc1ccc(O)c(C(=O)O)c1",
    "Nc1nc2ncc(CNc3ccc(C(=O)NC(CCC(=O)O)C(=O)O)cc3)nc2c(=O)[nH]1",
    "Nc1ncn[nH]1",
    "O.O.O=C([O-])[C@H](O)CO.O=C([O-])[C@H](O)CO.[Ca+2]",
    "O.O=C(O)CN(CC(=O)O)[C@@H]1CCCC[C@H]1N(CC(=O)O)CC(=O)O",
    "O=C(CC(=O)C(F)(F)F)c1cccs1",
    "O=C(NO)c1ccccc1O",
    "O=C(O)/C=C/C(=O)O",
    "O=C(O)/C=C\\C(=O)O",
    "O=C(O)C(=O)O",
    "O=C(O)C(O)C(O)C(=O)O",
    "O=C(O)C(O)c1ccccc1",
    "O=C(O)C1(O)C[C@@H](O)C(O)[C@H](O)C1"
  ]
}