{
  "alloy": "WE43",
  "fold": 1,
  "setting": "close_filt",
  "model": "ChemProp",
  "r2": 0.08197310578952277,
  "mae": 87.15167223612467,
  "pearson_r": 0.598738484282159,
  "pearson_p": 0.018357892056551594,
  "n_train": 793,
  "n_test": 15,
  "n_features": 43,
  "elapsed_s": 100.4,
  "y_test": [
    36.0,
    76.0,
    52.0,
    50.0,
    -7.0,
    -20.0,
    -61.0,
    -197.0,
    -255.0,
    -258.0,
    -142.0,
    23.0,
    43.0,
    -268.0,
    -134.0
  ],
  "y_pred": [
    -14.566709518432617,
    -14.759069442749023,
    -10.621826171875,
    19.184511184692383,
    -44.47430419921875,
    -17.500829696655273,
    -54.789119720458984,
    -21.689151763916016,
    -35.49292755126953,
    -94.23589324951172,
    -34.681785583496094,
    29.49889373779297,
    28.693479537963867,
    -16.548519134521484,
    -45.82950210571289
  ],
  "test_smiles": [
    "Cc1ccc(C(=O)O)c(O)c1",
    "Cc1ccc(O)c(C(=O)O)c1",
    "Cc1cccc(C(=O)O)c1O",
    "Cc1cccc(C(=O)O)c1[N+](=O)[O-]",
    "Cc1cccc(O)c1O",
    "Cc1occc(=O)c1O",
    "Cl.Cl.NCCc1cnc[nH]1",
    "Cl.NCC(=O)NCC(=O)O",
    "NC(CO)(CO)CO",
    "NC(CS)C(=O)O",
    "NC(Cc1ccccc1)C(=O)O",
    "NC(N)=O",
    "NC(N)=S",
    "NCC(=O)O",
    "N[C@@H](CC(=O)O)C(=O)O"
  ]
}