{
  "alloy": "WE43",
  "fold": 3,
  "setting": "exact",
  "model": "GBR",
  "r2": -0.21730573502782646,
  "mae": 134.44034529647226,
  "pearson_r": -0.021126264824459312,
  "pearson_p": 0.940428912860393,
  "n_train": 60,
  "n_test": 15,
  "n_features": 2051,
  "elapsed_s": 9.7,
  "y_test": [
    -80.0,
    24.0,
    39.0,
    21.0,
    -296.0,
    -82.0,
    50.0,
    50.0,
    59.0,
    -131.0,
    66.0,
    83.0,
    -344.0,
    -281.0,
    62.0
  ],
  "y_pred": [
    -43.70421786668178,
    -85.50848906274442,
    -96.5149786915218,
    -105.87951378222733,
    -171.08686549778292,
    -166.2580977216101,
    -93.71682898289036,
    -93.53283493711113,
    -40.98680254538891,
    25.5923486513809,
    -54.81563112750064,
    15.015859842014525,
    5.863044960515906,
    0.992280483184878,
    27.248728292513277
  ],
  "test_smiles": [
    "O=C(O)CC(O)(C(=O)O)C(=O)O",
    "O=C(O)CC(O)C(=O)O",
    "O=C(O)CCC(=O)O",
    "O=C(O)CCCCC(=O)O",
    "O=C(O)CN(CC(=O)O)CC(=O)O",
    "O=C(O)CN(CCO)CCO",
    "O=C(O)CO",
    "O=C(O)COCC(=O)O",
    "O=C(O)[C@H](O)[C@@H](O)[C@H](O[C@@H]1O[C@H](CO)[C@H](O)[C@H](O)[C@H]1O)[C@H](O)CO",
    "O=C(O)c1cc(S(=O)(=O)O)ccc1O",
    "O=C(O)c1cc([N+](=O)[O-])cc([N+](=O)[O-])c1O",
    "O=C(O)c1ccc(C(=O)O)nc1",
    "O=C(O)c1ccc(O)c(O)c1",
    "O=C(O)c1ccc(O)cc1",
    "O=C(O)c1ccc2ccccc2n1"
  ]
}