{
  "alloy": "WE43",
  "fold": 3,
  "setting": "close_filt",
  "model": "ChemProp",
  "r2": 0.09682343333036536,
  "mae": 102.58418471018473,
  "pearson_r": 0.3566851419962202,
  "pearson_p": 0.19188525684274507,
  "n_train": 795,
  "n_test": 15,
  "n_features": 43,
  "elapsed_s": 98.4,
  "y_test": [
    -80.0,
    24.0,
    39.0,
    21.0,
    -296.0,
    -82.0,
    50.0,
    50.0,
    59.0,
    -131.0,
    66.0,
    83.0,
    -344.0,
    -281.0,
    62.0
  ],
  "y_pred": [
    -16.556306838989258,
    -15.73959732055664,
    -2.578418493270874,
    -10.360200881958008,
    -108.55884552001953,
    -170.62060546875,
    -7.983238697052002,
    -15.611631393432617,
    3.1744115352630615,
    -39.87240219116211,
    7.596818447113037,
    5.163333415985107,
    -6.126739025115967,
    -7.553311824798584,
    -6.47124719619751
  ],
  "test_smiles": [
    "O=C(O)CC(O)(C(=O)O)C(=O)O",
    "O=C(O)CC(O)C(=O)O",
    "O=C(O)CCC(=O)O",
    "O=C(O)CCCCC(=O)O",
    "O=C(O)CN(CC(=O)O)CC(=O)O",
    "O=C(O)CN(CCO)CCO",
    "O=C(O)CO",
    "O=C(O)COCC(=O)O",
    "O=C(O)[C@H](O)[C@@H](O)[C@H](O[C@@H]1O[C@H](CO)[C@H](O)[C@H](O)[C@H]1O)[C@H](O)CO",
    "O=C(O)c1cc(S(=O)(=O)O)ccc1O",
    "O=C(O)c1cc([N+](=O)[O-])cc([N+](=O)[O-])c1O",
    "O=C(O)c1ccc(C(=O)O)nc1",
    "O=C(O)c1ccc(O)c(O)c1",
    "O=C(O)c1ccc(O)cc1",
    "O=C(O)c1ccc2ccccc2n1"
  ]
}