{
  "alloy": "WE43",
  "fold": 4,
  "setting": "far_filt",
  "model": "MLP",
  "r2": 0.19585867774940224,
  "mae": 51.61151274045309,
  "pearson_r": 0.506776412365657,
  "pearson_p": 0.05386549541645074,
  "n_train": 4710,
  "n_test": 15,
  "n_features": 2096,
  "elapsed_s": 981.1,
  "y_test": [
    24.0,
    -20.0,
    14.0,
    41.0,
    18.0,
    51.0,
    71.0,
    -56.0,
    34.0,
    95.0,
    -295.0,
    21.0,
    14.0,
    41.0,
    -79.0
  ],
  "y_pred": [
    -24.15484619140625,
    11.993513107299805,
    21.288593292236328,
    19.380720138549805,
    16.4495792388916,
    31.303865432739258,
    -2.872739553451538,
    -43.426116943359375,
    -27.6143798828125,
    1.2421088218688965,
    -40.040199279785156,
    -12.384232521057129,
    -2.6092467308044434,
    28.9970645904541,
    6.094794273376465
  ],
  "test_smiles": [
    "O=C(O)c1ccccc1",
    "O=C(O)c1ccccc1C(=O)O",
    "O=C(O)c1ccccc1O",
    "O=C(O)c1ccccn1",
    "O=C(O)c1cccnc1",
    "O=C(O)c1cccnc1C(=O)O",
    "O=C1NC(=O)C([N+](=O)[O-])C(=O)N1",
    "O=C1O[C@H]([C@@H](O)CO)C(O)=C1O",
    "O=CO",
    "O=Cc1ccccc1O",
    "O=S(=O)([O-])c1cc(O)c(O)c(S(=O)(=O)[O-])c1.[Na+].[Na+]",
    "OCC(O)CO",
    "OC[C@H]1OC(O)[C@H](O)[C@@H](O)[C@@H]1O",
    "ON=Cc1ccccc1O",
    "S=c1[nH][nH]c(=S)s1"
  ]
}