{
  "alloy": "WE43",
  "fold": 2,
  "setting": "far_filt",
  "model": "RF",
  "r2": 0.2205574338106825,
  "mae": 70.09682413756614,
  "pearson_r": 0.47299536996250396,
  "pearson_p": 0.07496648629162397,
  "n_train": 4753,
  "n_test": 15,
  "n_features": 2096,
  "elapsed_s": 1300.4,
  "y_test": [
    -228.0,
    50.0,
    33.0,
    52.0,
    -87.0,
    28.0,
    -296.0,
    52.0,
    -69.0,
    87.0,
    8.0,
    33.0,
    -10.0,
    -19.0,
    15.0
  ],
  "y_pred": [
    -102.67844666666664,
    -44.30624666666666,
    -34.51749999999999,
    -111.04014,
    -24.860453333333336,
    17.229905714285714,
    -74.09800000000001,
    -0.42633111111111105,
    26.279926666666675,
    26.310313333333333,
    26.752913333333336,
    25.51631333333333,
    -18.014020000000002,
    12.602300000000003,
    -17.206416666666666
  ],
  "test_smiles": [
    "N[C@@H](CCC(=O)O)C(=O)O",
    "Nc1ccc(C(=O)O)c(O)c1",
    "Nc1ccc(O)c(C(=O)O)c1",
    "Nc1nc2ncc(CNc3ccc(C(=O)NC(CCC(=O)O)C(=O)O)cc3)nc2c(=O)[nH]1",
    "Nc1ncn[nH]1",
    "O.O.O=C([O-])[C@H](O)CO.O=C([O-])[C@H](O)CO.[Ca+2]",
    "O.O=C(O)CN(CC(=O)O)[C@@H]1CCCC[C@H]1N(CC(=O)O)CC(=O)O",
    "O=C(CC(=O)C(F)(F)F)c1cccs1",
    "O=C(NO)c1ccccc1O",
    "O=C(O)/C=C/C(=O)O",
    "O=C(O)/C=C\\C(=O)O",
    "O=C(O)C(=O)O",
    "O=C(O)C(O)C(O)C(=O)O",
    "O=C(O)C(O)c1ccccc1",
    "O=C(O)C1(O)C[C@@H](O)C(O)[C@H](O)C1"
  ]
}