{
  "alloy": "WE43",
  "fold": 2,
  "setting": "exact",
  "model": "ChemProp",
  "r2": -0.03658580647946841,
  "mae": 87.8680524190267,
  "pearson_r": 0.3005212993574049,
  "pearson_p": 0.27644185254801884,
  "n_train": 60,
  "n_test": 15,
  "n_features": 3,
  "elapsed_s": 19.4,
  "y_test": [
    -228.0,
    50.0,
    33.0,
    52.0,
    -87.0,
    28.0,
    -296.0,
    52.0,
    -69.0,
    87.0,
    8.0,
    33.0,
    -10.0,
    -19.0,
    15.0
  ],
  "y_pred": [
    -44.66936492919922,
    -43.48412322998047,
    -43.48592758178711,
    -43.6897087097168,
    -43.30076217651367,
    -44.7192497253418,
    -44.73294448852539,
    -44.220157623291016,
    -43.53771209716797,
    -44.171363830566406,
    -44.16038131713867,
    -44.25095748901367,
    -44.61133575439453,
    -43.76449203491211,
    -44.70387268066406
  ],
  "test_smiles": [
    "N[C@@H](CCC(=O)O)C(=O)O",
    "Nc1ccc(C(=O)O)c(O)c1",
    "Nc1ccc(O)c(C(=O)O)c1",
    "Nc1nc2ncc(CNc3ccc(C(=O)NC(CCC(=O)O)C(=O)O)cc3)nc2c(=O)[nH]1",
    "Nc1ncn[nH]1",
    "O.O.O=C([O-])[C@H](O)CO.O=C([O-])[C@H](O)CO.[Ca+2]",
    "O.O=C(O)CN(CC(=O)O)[C@@H]1CCCC[C@H]1N(CC(=O)O)CC(=O)O",
    "O=C(CC(=O)C(F)(F)F)c1cccs1",
    "O=C(NO)c1ccccc1O",
    "O=C(O)/C=C/C(=O)O",
    "O=C(O)/C=C\\C(=O)O",
    "O=C(O)C(=O)O",
    "O=C(O)C(O)C(O)C(=O)O",
    "O=C(O)C(O)c1ccccc1",
    "O=C(O)C1(O)C[C@@H](O)C(O)[C@H](O)C1"
  ]
}