{
  "alloy": "WE43",
  "fold": 2,
  "setting": "far_unfilt",
  "model": "MLP",
  "r2": 0.28159568389568235,
  "mae": 49.11528333028158,
  "pearson_r": 0.8264257311816579,
  "pearson_p": 0.00014583156209943356,
  "n_train": 4854,
  "n_test": 15,
  "n_features": 2096,
  "elapsed_s": 686.5,
  "y_test": [
    -228.0,
    50.0,
    33.0,
    52.0,
    -87.0,
    28.0,
    -296.0,
    52.0,
    -69.0,
    87.0,
    8.0,
    33.0,
    -10.0,
    -19.0,
    15.0
  ],
  "y_pred": [
    -57.65047836303711,
    42.36576843261719,
    52.980194091796875,
    44.485347747802734,
    -33.35700988769531,
    26.934616088867188,
    -576.6295776367188,
    22.9510440826416,
    -82.56627655029297,
    48.24763488769531,
    23.198820114135742,
    23.843103408813477,
    17.195537567138672,
    24.73023223876953,
    34.263614654541016
  ],
  "test_smiles": [
    "N[C@@H](CCC(=O)O)C(=O)O",
    "Nc1ccc(C(=O)O)c(O)c1",
    "Nc1ccc(O)c(C(=O)O)c1",
    "Nc1nc2ncc(CNc3ccc(C(=O)NC(CCC(=O)O)C(=O)O)cc3)nc2c(=O)[nH]1",
    "Nc1ncn[nH]1",
    "O.O.O=C([O-])[C@H](O)CO.O=C([O-])[C@H](O)CO.[Ca+2]",
    "O.O=C(O)CN(CC(=O)O)[C@@H]1CCCC[C@H]1N(CC(=O)O)CC(=O)O",
    "O=C(CC(=O)C(F)(F)F)c1cccs1",
    "O=C(NO)c1ccccc1O",
    "O=C(O)/C=C/C(=O)O",
    "O=C(O)/C=C\\C(=O)O",
    "O=C(O)C(=O)O",
    "O=C(O)C(O)C(O)C(=O)O",
    "O=C(O)C(O)c1ccccc1",
    "O=C(O)C1(O)C[C@@H](O)C(O)[C@H](O)C1"
  ]
}