{
  "alloy": "WE43",
  "fold": 0,
  "setting": "close_filt",
  "model": "ChemProp",
  "r2": -1.4949313755282998,
  "mae": 84.74815216561159,
  "pearson_r": -0.044437299035896737,
  "pearson_p": 0.8750475279810261,
  "n_train": 814,
  "n_test": 15,
  "n_features": 43,
  "elapsed_s": 95.1,
  "y_test": [
    23.0,
    -119.0,
    -18.0,
    -18.0,
    10.0,
    -159.0,
    -221.0,
    -162.0,
    19.0,
    -13.0,
    49.0,
    -113.0,
    -69.0,
    -23.0,
    8.0
  ],
  "y_pred": [
    13.854083061218262,
    -169.1605987548828,
    -339.1023864746094,
    2.147857904434204,
    -36.125492095947266,
    -2.1035590171813965,
    18.427845001220703,
    -0.13570277392864227,
    8.933693885803223,
    27.41607093811035,
    -8.303592681884766,
    -9.72854232788086,
    -43.06184768676758,
    -26.982080459594727,
    -17.37378692626953
  ],
  "test_smiles": [
    "C/C(=C/C(=O)O)C(=O)O",
    "C1CNCCN1",
    "C1N2CN3CN1CN(C2)C3",
    "CC(C)(C)c1ccc(C(=O)O)cc1",
    "CC(C)(CO)[C@@H](O)C(=O)NCCCO",
    "CC(O)C(=O)O",
    "CC1(C)NC(=O)NC1=O",
    "CC1(C)S[C@@H]2[C@H](NC(=O)Cc3ccccc3)C(=O)N2[C@H]1C(=O)[O-].[Na+]",
    "CCC(=O)O",
    "CCCCCCCCCCCCCCCCCC(=O)[O-].[Na+]",
    "CCCCCCCCCCCCc1ccc(S(=O)(=O)O)cc1",
    "CCCC[C@H](N)C(=O)O",
    "CNC1C(OC2C(OC3C(O)C(O)C(N=C(N)N)C(O)C3N=C(N)N)OC(C)C2(O)C=O)OC(CO)C(O)C1O",
    "COC(=O)NC1C(OC2C(CO)OC(OC3C(CO)OC(O)C(N)C3O)C(N)C2O)OC(CO)C(OC2OC(CO)C(OC3OC(CO)C(OC4OC(CO)C(OC5OC(CO)C(OC6OC(CO)C(OC7OC(CO)C(O)C(O)C7N)C(O)C6N)C(O)C5N)C(O)C4N)C(O)C3N)C(O)C2N)C1O",
    "Cc1cc(C)[nH]n1"
  ]
}