{
  "alloy": "WE43",
  "fold": 1,
  "setting": "close_unfilt",
  "model": "ChemProp",
  "r2": 0.4261867054974371,
  "mae": 69.86713759104411,
  "pearson_r": 0.7072162963550722,
  "pearson_p": 0.003190906804244188,
  "n_train": 899,
  "n_test": 15,
  "n_features": 43,
  "elapsed_s": 101.3,
  "y_test": [
    36.0,
    76.0,
    52.0,
    50.0,
    -7.0,
    -20.0,
    -61.0,
    -197.0,
    -255.0,
    -258.0,
    -142.0,
    23.0,
    43.0,
    -268.0,
    -134.0
  ],
  "y_pred": [
    -21.241003036499023,
    -21.61705207824707,
    -19.316516876220703,
    7.274044990539551,
    -50.193153381347656,
    -32.597023010253906,
    -56.71013641357422,
    -60.19390106201172,
    -246.9872589111328,
    -117.60122680664062,
    -43.51909637451172,
    25.12298583984375,
    26.912906646728516,
    -46.096256256103516,
    -38.78584289550781
  ],
  "test_smiles": [
    "Cc1ccc(C(=O)O)c(O)c1",
    "Cc1ccc(O)c(C(=O)O)c1",
    "Cc1cccc(C(=O)O)c1O",
    "Cc1cccc(C(=O)O)c1[N+](=O)[O-]",
    "Cc1cccc(O)c1O",
    "Cc1occc(=O)c1O",
    "Cl.Cl.NCCc1cnc[nH]1",
    "Cl.NCC(=O)NCC(=O)O",
    "NC(CO)(CO)CO",
    "NC(CS)C(=O)O",
    "NC(Cc1ccccc1)C(=O)O",
    "NC(N)=O",
    "NC(N)=S",
    "NCC(=O)O",
    "N[C@@H](CC(=O)O)C(=O)O"
  ]
}