{
  "alloy": "WE43",
  "fold": 1,
  "setting": "far_filt",
  "model": "RF",
  "r2": -0.18278728441650305,
  "mae": 96.42434053968253,
  "pearson_r": 0.28310947872174164,
  "pearson_p": 0.30655871632979353,
  "n_train": 4699,
  "n_test": 15,
  "n_features": 2096,
  "elapsed_s": 1320.2,
  "y_test": [
    36.0,
    76.0,
    52.0,
    50.0,
    -7.0,
    -20.0,
    -61.0,
    -197.0,
    -255.0,
    -258.0,
    -142.0,
    23.0,
    43.0,
    -268.0,
    -134.0
  ],
  "y_pred": [
    18.072055555555558,
    2.0303666666666667,
    16.79562,
    15.207816666666668,
    18.604213333333334,
    0.7602065079365079,
    -58.264931825396815,
    3.678499523809524,
    -8.788696984126982,
    -26.8267776984127,
    -17.88364380952381,
    3.0865800000000014,
    -32.08729507936508,
    7.445319523809523,
    -71.25393666666668
  ],
  "test_smiles": [
    "Cc1ccc(C(=O)O)c(O)c1",
    "Cc1ccc(O)c(C(=O)O)c1",
    "Cc1cccc(C(=O)O)c1O",
    "Cc1cccc(C(=O)O)c1[N+](=O)[O-]",
    "Cc1cccc(O)c1O",
    "Cc1occc(=O)c1O",
    "Cl.Cl.NCCc1cnc[nH]1",
    "Cl.NCC(=O)NCC(=O)O",
    "NC(CO)(CO)CO",
    "NC(CS)C(=O)O",
    "NC(Cc1ccccc1)C(=O)O",
    "NC(N)=O",
    "NC(N)=S",
    "NCC(=O)O",
    "N[C@@H](CC(=O)O)C(=O)O"
  ]
}