{
  "alloy": "WE43",
  "fold": 1,
  "setting": "close_unfilt",
  "model": "GBR",
  "r2": 0.7488224922954619,
  "mae": 46.11751742007836,
  "pearson_r": 0.8742952822010086,
  "pearson_p": 2.0213461217962423e-05,
  "n_train": 899,
  "n_test": 15,
  "n_features": 2091,
  "elapsed_s": 91.9,
  "y_test": [
    36.0,
    76.0,
    52.0,
    50.0,
    -7.0,
    -20.0,
    -61.0,
    -197.0,
    -255.0,
    -258.0,
    -142.0,
    23.0,
    43.0,
    -268.0,
    -134.0
  ],
  "y_pred": [
    38.58896948426633,
    57.10677556938485,
    46.94522976317383,
    14.41805254992103,
    -34.74531798635936,
    -40.02976206149599,
    -57.88236709281042,
    -127.61138445403014,
    -337.14103469691787,
    -107.04345547071142,
    -51.858670388658446,
    5.962087193146681,
    12.186793364437621,
    -207.4423714573668,
    -56.285135624223045
  ],
  "test_smiles": [
    "Cc1ccc(C(=O)O)c(O)c1",
    "Cc1ccc(O)c(C(=O)O)c1",
    "Cc1cccc(C(=O)O)c1O",
    "Cc1cccc(C(=O)O)c1[N+](=O)[O-]",
    "Cc1cccc(O)c1O",
    "Cc1occc(=O)c1O",
    "Cl.Cl.NCCc1cnc[nH]1",
    "Cl.NCC(=O)NCC(=O)O",
    "NC(CO)(CO)CO",
    "NC(CS)C(=O)O",
    "NC(Cc1ccccc1)C(=O)O",
    "NC(N)=O",
    "NC(N)=S",
    "NCC(=O)O",
    "N[C@@H](CC(=O)O)C(=O)O"
  ]
}