{
  "alloy": "WE43",
  "fold": 2,
  "setting": "exact",
  "model": "RF",
  "r2": 0.2016411928942895,
  "mae": 70.42454666666667,
  "pearson_r": 0.45636400355251777,
  "pearson_p": 0.08728504581031074,
  "n_train": 60,
  "n_test": 15,
  "n_features": 2051,
  "elapsed_s": 10.8,
  "y_test": [
    -228.0,
    50.0,
    33.0,
    52.0,
    -87.0,
    28.0,
    -296.0,
    52.0,
    -69.0,
    87.0,
    8.0,
    33.0,
    -10.0,
    -19.0,
    15.0
  ],
  "y_pred": [
    -135.2192,
    -59.60240000000001,
    -58.71719999999999,
    -136.6834,
    -43.01259999999999,
    8.7722,
    -83.87199999999999,
    -11.8856,
    24.621800000000004,
    28.276799999999998,
    28.276799999999998,
    27.132600000000004,
    -13.611999999999998,
    6.3886,
    -11.8658
  ],
  "test_smiles": [
    "N[C@@H](CCC(=O)O)C(=O)O",
    "Nc1ccc(C(=O)O)c(O)c1",
    "Nc1ccc(O)c(C(=O)O)c1",
    "Nc1nc2ncc(CNc3ccc(C(=O)NC(CCC(=O)O)C(=O)O)cc3)nc2c(=O)[nH]1",
    "Nc1ncn[nH]1",
    "O.O.O=C([O-])[C@H](O)CO.O=C([O-])[C@H](O)CO.[Ca+2]",
    "O.O=C(O)CN(CC(=O)O)[C@@H]1CCCC[C@H]1N(CC(=O)O)CC(=O)O",
    "O=C(CC(=O)C(F)(F)F)c1cccs1",
    "O=C(NO)c1ccccc1O",
    "O=C(O)/C=C/C(=O)O",
    "O=C(O)/C=C\\C(=O)O",
    "O=C(O)C(=O)O",
    "O=C(O)C(O)C(O)C(=O)O",
    "O=C(O)C(O)c1ccccc1",
    "O=C(O)C1(O)C[C@@H](O)C(O)[C@H](O)C1"
  ]
}