{
  "alloy": "WE43",
  "fold": 1,
  "setting": "far_filt",
  "model": "GBR",
  "r2": -0.256605967291442,
  "mae": 98.22471097087514,
  "pearson_r": 0.23058720959342927,
  "pearson_p": 0.4083426395755963,
  "n_train": 4699,
  "n_test": 15,
  "n_features": 2096,
  "elapsed_s": 2060.9,
  "y_test": [
    36.0,
    76.0,
    52.0,
    50.0,
    -7.0,
    -20.0,
    -61.0,
    -197.0,
    -255.0,
    -258.0,
    -142.0,
    23.0,
    43.0,
    -268.0,
    -134.0
  ],
  "y_pred": [
    19.398919699830966,
    20.624465877720567,
    22.343766399784077,
    -21.647127859246936,
    9.103125153542804,
    -6.3143192512140525,
    -39.79754221546717,
    8.783694766991443,
    4.247751010311337,
    -12.921746154199157,
    -8.97999680413445,
    5.484570860004255,
    5.274353196713513,
    8.97577859232041,
    -60.247132360217705
  ],
  "test_smiles": [
    "Cc1ccc(C(=O)O)c(O)c1",
    "Cc1ccc(O)c(C(=O)O)c1",
    "Cc1cccc(C(=O)O)c1O",
    "Cc1cccc(C(=O)O)c1[N+](=O)[O-]",
    "Cc1cccc(O)c1O",
    "Cc1occc(=O)c1O",
    "Cl.Cl.NCCc1cnc[nH]1",
    "Cl.NCC(=O)NCC(=O)O",
    "NC(CO)(CO)CO",
    "NC(CS)C(=O)O",
    "NC(Cc1ccccc1)C(=O)O",
    "NC(N)=O",
    "NC(N)=S",
    "NCC(=O)O",
    "N[C@@H](CC(=O)O)C(=O)O"
  ]
}