{
  "alloy": "WE43",
  "fold": 3,
  "setting": "far_unfilt",
  "model": "GBR",
  "r2": 0.7864401269491301,
  "mae": 46.5670244790193,
  "pearson_r": 0.9129245274955887,
  "pearson_p": 2.046067443385891e-06,
  "n_train": 4854,
  "n_test": 15,
  "n_features": 2096,
  "elapsed_s": 2113.5,
  "y_test": [
    -80.0,
    24.0,
    39.0,
    21.0,
    -296.0,
    -82.0,
    50.0,
    50.0,
    59.0,
    -131.0,
    66.0,
    83.0,
    -344.0,
    -281.0,
    62.0
  ],
  "y_pred": [
    -32.178414396812656,
    8.283452620558712,
    5.280421142766401,
    5.280421142766401,
    -186.97222572876888,
    -56.28427618031471,
    15.180960705933519,
    10.289494216089818,
    8.558324473730913,
    -76.03805693648742,
    28.68665360449977,
    45.63694800984358,
    -341.3105723599225,
    -88.52036971475667,
    60.99404158145853
  ],
  "test_smiles": [
    "O=C(O)CC(O)(C(=O)O)C(=O)O",
    "O=C(O)CC(O)C(=O)O",
    "O=C(O)CCC(=O)O",
    "O=C(O)CCCCC(=O)O",
    "O=C(O)CN(CC(=O)O)CC(=O)O",
    "O=C(O)CN(CCO)CCO",
    "O=C(O)CO",
    "O=C(O)COCC(=O)O",
    "O=C(O)[C@H](O)[C@@H](O)[C@H](O[C@@H]1O[C@H](CO)[C@H](O)[C@H](O)[C@H]1O)[C@H](O)CO",
    "O=C(O)c1cc(S(=O)(=O)O)ccc1O",
    "O=C(O)c1cc([N+](=O)[O-])cc([N+](=O)[O-])c1O",
    "O=C(O)c1ccc(C(=O)O)nc1",
    "O=C(O)c1ccc(O)c(O)c1",
    "O=C(O)c1ccc(O)cc1",
    "O=C(O)c1ccc2ccccc2n1"
  ]
}