{
  "alloy": "WE43",
  "fold": 4,
  "setting": "close_unfilt",
  "model": "ChemProp",
  "r2": 0.39637912198713765,
  "mae": 57.12448151111603,
  "pearson_r": 0.8433294458249777,
  "pearson_p": 7.822207758104989e-05,
  "n_train": 899,
  "n_test": 15,
  "n_features": 43,
  "elapsed_s": 102.5,
  "y_test": [
    24.0,
    -20.0,
    14.0,
    41.0,
    18.0,
    51.0,
    71.0,
    -56.0,
    34.0,
    95.0,
    -295.0,
    21.0,
    14.0,
    41.0,
    -79.0
  ],
  "y_pred": [
    -23.327571868896484,
    -5.510412693023682,
    -46.61560821533203,
    -24.135059356689453,
    -31.564725875854492,
    -2.0607762336730957,
    1.1406842470169067,
    -23.5079402923584,
    49.18314743041992,
    -38.68627166748047,
    -415.8540344238281,
    5.553421974182129,
    18.251916885375977,
    -81.1159896850586,
    -26.21541976928711
  ],
  "test_smiles": [
    "O=C(O)c1ccccc1",
    "O=C(O)c1ccccc1C(=O)O",
    "O=C(O)c1ccccc1O",
    "O=C(O)c1ccccn1",
    "O=C(O)c1cccnc1",
    "O=C(O)c1cccnc1C(=O)O",
    "O=C1NC(=O)C([N+](=O)[O-])C(=O)N1",
    "O=C1O[C@H]([C@@H](O)CO)C(O)=C1O",
    "O=CO",
    "O=Cc1ccccc1O",
    "O=S(=O)([O-])c1cc(O)c(O)c(S(=O)(=O)[O-])c1.[Na+].[Na+]",
    "OCC(O)CO",
    "OC[C@H]1OC(O)[C@H](O)[C@@H](O)[C@@H]1O",
    "ON=Cc1ccccc1O",
    "S=c1[nH][nH]c(=S)s1"
  ]
}