{
  "alloy": "WE43",
  "fold": 1,
  "setting": "far_unfilt",
  "model": "RF",
  "r2": 0.47643207611489247,
  "mae": 67.51658946031746,
  "pearson_r": 0.8142028775501488,
  "pearson_p": 0.0002199557567066567,
  "n_train": 4854,
  "n_test": 15,
  "n_features": 2096,
  "elapsed_s": 1417.7,
  "y_test": [
    36.0,
    76.0,
    52.0,
    50.0,
    -7.0,
    -20.0,
    -61.0,
    -197.0,
    -255.0,
    -258.0,
    -142.0,
    23.0,
    43.0,
    -268.0,
    -134.0
  ],
  "y_pred": [
    29.707802380952376,
    20.842200000000002,
    34.00093952380952,
    20.656727619047615,
    15.351971428571428,
    6.337760000000002,
    -76.68324000000001,
    -68.15920666666666,
    -190.96926666666667,
    -45.651812380952386,
    -36.675690476190475,
    -17.821753333333334,
    -32.071622857142856,
    -113.16727999999998,
    -75.68657999999999
  ],
  "test_smiles": [
    "Cc1ccc(C(=O)O)c(O)c1",
    "Cc1ccc(O)c(C(=O)O)c1",
    "Cc1cccc(C(=O)O)c1O",
    "Cc1cccc(C(=O)O)c1[N+](=O)[O-]",
    "Cc1cccc(O)c1O",
    "Cc1occc(=O)c1O",
    "Cl.Cl.NCCc1cnc[nH]1",
    "Cl.NCC(=O)NCC(=O)O",
    "NC(CO)(CO)CO",
    "NC(CS)C(=O)O",
    "NC(Cc1ccccc1)C(=O)O",
    "NC(N)=O",
    "NC(N)=S",
    "NCC(=O)O",
    "N[C@@H](CC(=O)O)C(=O)O"
  ]
}