{
  "alloy": "WE43",
  "fold": 3,
  "setting": "far_filt",
  "model": "GBR",
  "r2": -0.18677811979790349,
  "mae": 108.82324639409676,
  "pearson_r": -1.0422427808562396e-05,
  "pearson_p": 0.9999705871576428,
  "n_train": 4720,
  "n_test": 15,
  "n_features": 2096,
  "elapsed_s": 1860.3,
  "y_test": [
    -80.0,
    24.0,
    39.0,
    21.0,
    -296.0,
    -82.0,
    50.0,
    50.0,
    59.0,
    -131.0,
    66.0,
    83.0,
    -344.0,
    -281.0,
    62.0
  ],
  "y_pred": [
    -9.558419622176913,
    -16.38744588948101,
    -9.808593008427279,
    -9.808593008427279,
    -49.26510041099596,
    -54.10197188618376,
    -9.683993892856048,
    -9.623967006067705,
    -14.240420902885337,
    49.62315415337405,
    21.366686809386476,
    31.52599120621052,
    30.929079187319346,
    30.98112943577783,
    50.919510638210994
  ],
  "test_smiles": [
    "O=C(O)CC(O)(C(=O)O)C(=O)O",
    "O=C(O)CC(O)C(=O)O",
    "O=C(O)CCC(=O)O",
    "O=C(O)CCCCC(=O)O",
    "O=C(O)CN(CC(=O)O)CC(=O)O",
    "O=C(O)CN(CCO)CCO",
    "O=C(O)CO",
    "O=C(O)COCC(=O)O",
    "O=C(O)[C@H](O)[C@@H](O)[C@H](O[C@@H]1O[C@H](CO)[C@H](O)[C@H](O)[C@H]1O)[C@H](O)CO",
    "O=C(O)c1cc(S(=O)(=O)O)ccc1O",
    "O=C(O)c1cc([N+](=O)[O-])cc([N+](=O)[O-])c1O",
    "O=C(O)c1ccc(C(=O)O)nc1",
    "O=C(O)c1ccc(O)c(O)c1",
    "O=C(O)c1ccc(O)cc1",
    "O=C(O)c1ccc2ccccc2n1"
  ]
}