{
  "alloy": "WE43",
  "fold": 3,
  "setting": "far_filt",
  "model": "ChemProp",
  "r2": -0.06395487873475103,
  "mae": 106.82739159266154,
  "pearson_r": 0.20223312666300325,
  "pearson_p": 0.46979218125177397,
  "n_train": 4720,
  "n_test": 15,
  "n_features": 48,
  "elapsed_s": 586.4,
  "y_test": [
    -80.0,
    24.0,
    39.0,
    21.0,
    -296.0,
    -82.0,
    50.0,
    50.0,
    59.0,
    -131.0,
    66.0,
    83.0,
    -344.0,
    -281.0,
    62.0
  ],
  "y_pred": [
    -6.839120388031006,
    -7.970808982849121,
    -1.6597785949707031,
    -14.721538543701172,
    -107.96526336669922,
    -184.14828491210938,
    2.264547824859619,
    -20.037160873413086,
    -4.210042476654053,
    13.41384506225586,
    29.399660110473633,
    28.932584762573242,
    26.484304428100586,
    22.018526077270508,
    20.85223960876465
  ],
  "test_smiles": [
    "O=C(O)CC(O)(C(=O)O)C(=O)O",
    "O=C(O)CC(O)C(=O)O",
    "O=C(O)CCC(=O)O",
    "O=C(O)CCCCC(=O)O",
    "O=C(O)CN(CC(=O)O)CC(=O)O",
    "O=C(O)CN(CCO)CCO",
    "O=C(O)CO",
    "O=C(O)COCC(=O)O",
    "O=C(O)[C@H](O)[C@@H](O)[C@H](O[C@@H]1O[C@H](CO)[C@H](O)[C@H](O)[C@H]1O)[C@H](O)CO",
    "O=C(O)c1cc(S(=O)(=O)O)ccc1O",
    "O=C(O)c1cc([N+](=O)[O-])cc([N+](=O)[O-])c1O",
    "O=C(O)c1ccc(C(=O)O)nc1",
    "O=C(O)c1ccc(O)c(O)c1",
    "O=C(O)c1ccc(O)cc1",
    "O=C(O)c1ccc2ccccc2n1"
  ]
}