{
  "alloy": "WE43",
  "fold": 2,
  "setting": "exact",
  "model": "kNN_Tan",
  "r2": 0.0709565156248384,
  "mae": 89.42746203586714,
  "pearson_r": 0.3371757808102651,
  "pearson_p": 0.21908134164297127,
  "n_train": 60,
  "n_test": 15,
  "n_features": 2051,
  "elapsed_s": 0.0,
  "y_test": [
    -228.0,
    50.0,
    33.0,
    52.0,
    -87.0,
    28.0,
    -296.0,
    52.0,
    -69.0,
    87.0,
    8.0,
    33.0,
    -10.0,
    -19.0,
    15.0
  ],
  "y_pred": [
    -90.3653130241414,
    -0.7004806911736507,
    -61.44378302950014,
    -55.867614319615825,
    23.592015441429066,
    -19.102768078748984,
    -105.81404116692038,
    -15.480772897662463,
    39.95672761767071,
    -25.79152617451799,
    -25.79152617451799,
    -26.152278611304226,
    -159.4241712194894,
    -55.34031931165921,
    -19.94730116177953
  ],
  "test_smiles": [
    "N[C@@H](CCC(=O)O)C(=O)O",
    "Nc1ccc(C(=O)O)c(O)c1",
    "Nc1ccc(O)c(C(=O)O)c1",
    "Nc1nc2ncc(CNc3ccc(C(=O)NC(CCC(=O)O)C(=O)O)cc3)nc2c(=O)[nH]1",
    "Nc1ncn[nH]1",
    "O.O.O=C([O-])[C@H](O)CO.O=C([O-])[C@H](O)CO.[Ca+2]",
    "O.O=C(O)CN(CC(=O)O)[C@@H]1CCCC[C@H]1N(CC(=O)O)CC(=O)O",
    "O=C(CC(=O)C(F)(F)F)c1cccs1",
    "O=C(NO)c1ccccc1O",
    "O=C(O)/C=C/C(=O)O",
    "O=C(O)/C=C\\C(=O)O",
    "O=C(O)C(=O)O",
    "O=C(O)C(O)C(O)C(=O)O",
    "O=C(O)C(O)c1ccccc1",
    "O=C(O)C1(O)C[C@@H](O)C(O)[C@H](O)C1"
  ]
}