{
  "alloy": "WE43",
  "fold": 1,
  "setting": "exact",
  "model": "kNN_Tan",
  "r2": -0.19387855273124388,
  "mae": 107.29973518852465,
  "pearson_r": 0.11878525642327294,
  "pearson_p": 0.6732877540741632,
  "n_train": 60,
  "n_test": 15,
  "n_features": 2051,
  "elapsed_s": 0.0,
  "y_test": [
    36.0,
    76.0,
    52.0,
    50.0,
    -7.0,
    -20.0,
    -61.0,
    -197.0,
    -255.0,
    -258.0,
    -142.0,
    23.0,
    43.0,
    -268.0,
    -134.0
  ],
  "y_pred": [
    -5.315890158727215,
    -69.0629281557119,
    20.581092774743542,
    30.524152974480074,
    -46.13813177093052,
    -107.19711489139901,
    11.94038806224753,
    6.104117421995553,
    -2.8697036426926728,
    -99.60714093269084,
    -44.030759542006074,
    43.16363544892087,
    -49.552023998102285,
    5.250965078605539,
    -58.61631729215749
  ],
  "test_smiles": [
    "Cc1ccc(C(=O)O)c(O)c1",
    "Cc1ccc(O)c(C(=O)O)c1",
    "Cc1cccc(C(=O)O)c1O",
    "Cc1cccc(C(=O)O)c1[N+](=O)[O-]",
    "Cc1cccc(O)c1O",
    "Cc1occc(=O)c1O",
    "Cl.Cl.NCCc1cnc[nH]1",
    "Cl.NCC(=O)NCC(=O)O",
    "NC(CO)(CO)CO",
    "NC(CS)C(=O)O",
    "NC(Cc1ccccc1)C(=O)O",
    "NC(N)=O",
    "NC(N)=S",
    "NCC(=O)O",
    "N[C@@H](CC(=O)O)C(=O)O"
  ]
}